// GENERATED by tools/gen_aa_assets.py - do not edit.
#include "aa_assets.h"

namespace aa_assets {

static const uint8_t kTimeBits[] = {
  0x48,0x88,0x88,0x88,0x88,0x88,0x88,0x88,0x88,0x88,0x88,0x88,0x58,0xff,0xff,0xff,0xff,0xff,0xff,0xff,
  0xff,0xff,0xff,0xff,0xfa,0x8f,0xff,0xff,0xff,0xff,0xff,0xff,0xff,0xff,0xff,0xff,0xff,0xa8,0xff,0xff,
  0xff,0xff,0xff,0xff,0xff,0xff,0xff,0xff,0xff,0xfa,0x8f,0xff,0xff,0xff,0xff,0xff,0xff,0xff,0xff,0xff,
  0xff,0xff,0xa8,0xff,0xff,0xff,0xff,0xff,0xff,0xff,0xff,0xff,0xff,0xff,0xfa,0x36,0x66,0x66,0x66,0x66,
  0x66,0x66,0x66,0x66,0x66,0x66,0x66,0x40,0x00,0x00,0x00,0x00,0x00,0x00,0x00,0x00,0x00,0x12,0x32,0x10,
  0x00,0x00,0x00,0x00,0x00,0x00,0x00,0x00,0x00,0x00,0x00,0x00,0x00,0x00,0x00,0x03,0x7b,0xef,0xff,0xff,
  0xec,0x83,0x00,0x00,0x00,0x00,0x00,0x00,0x00,0x00,0x00,0x00,0x00,0x00,0x00,0x4c,0xff,0xff,0xff,0xff,
  0xff,0xff,0xfc,0x50,0x00,0x00,0x00,0x00,0x00,0x00,0x00,0x00,0x00,0x00,0x02,0xbf,0xff,0xff,0xff,0xff,
  0xff,0xff,0xff,0xff,0xc3,0x00,0x00,0x00,0x00,0x00,0x00,0x00,0x00,0x00,0x04,0xef,0xff,0xff,0xff,0xff,
  0xff,0xff,0xff,0xff,0xff,0xf6,0x00,0x00,0x00,0x00,0x00,0x00,0x00,0x00,0x06,0xff,0xff,0xff,0xff,0xff,
  0xff,0xff,0xff,0xff,0xff,0xff,0xf8,0x00,0x00,0x00,0x00,0x00,0x00,0x00,0x05,0xff,0xff,0xff,0xff,0xff,
  0xec,0xbc,0xef,0xff,0xff,0xff,0xff,0xf7,0x00,0x00,0x00,0x00,0x00,0x00,0x03,0xff,0xff,0xff,0xff,0xd7,
  0x20,0x00,0x00,0x27,0xdf,0xff,0xff,0xff,0xf5,0x00,0x00,0x00,0x00,0x00,0x01,0xdf,0xff,0xff,0xff,0x80,
  0x00,0x00,0x00,0x00,0x00,0x7f,0xff,0xff,0xff,0xe2,0x00,0x00,0x00,0x00,0x00,0x9f,0xff,0xff,0xfe,0x40,
  0x00,0x00,0x00,0x00,0x00,0x00,0x3e,0xff,0xff,0xff,0xb0,0x00,0x00,0x00,0x00,0x3f,0xff,0xff,0xff,0x40,
  0x00,0x00,0x00,0x00,0x00,0x00,0x00,0x3e,0xff,0xff,0xff,0x50,0x00,0x00,0x00,0x0b,0xff,0xff,0xff,0x60,
  0x00,0x00,0x00,0x00,0x00,0x00,0x00,0x00,0x5f,0xff,0xff,0xfd,0x00,0x00,0x00,0x03,0xff,0xff,0xff,0xb0,
  0x00,0x00,0x00,0x00,0x00,0x00,0x00,0x00,0x00,0x9f,0xff,0xff,0xf5,0x00,0x00,0x00,0xaf,0xff,0xff,0xf2,
  0x00,0x00,0x00,0x00,0x00,0x00,0x00,0x00,0x00,0x01,0xef,0xff,0xff,0xc0,0x00,0x00,0x1f,0xff,0xff,0xfa,
  0x00,0x00,0x00,0x00,0x00,0x00,0x00,0x00,0x00,0x00,0x08,0xff,0xff,0xff,0x30,0x00,0x06,0xff,0xff,0xff,
  0x30,0x00,0x00,0x00,0x00,0x00,0x00,0x00,0x00,0x00,0x00,0x2f,0xff,0xff,0xf8,0x00,0x00,0xbf,0xff,0xff,
  0xc0,0x00,0x00,0x00,0x00,0x00,0x00,0x00,0x00,0x00,0x00,0x00,0xaf,0xff,0xff,0xd0,0x00,0x1f,0xff,0xff,
  0xf7,0x00,0x00,0x00,0x00,0x00,0x00,0x00,0x00,0x00,0x00,0x00,0x05,0xff,0xff,0xff,0x20,0x04,0xff,0xff,
  0xff,0x30,0x00,0x00,0x00,0x00,0x00,0x00,0x00,0x00,0x00,0x00,0x00,0x1f,0xff,0xff,0xf5,0x00,0x7f,0xff,
  0xff,0xe0,0x00,0x00,0x00,0x00,0x00,0x00,0x00,0x00,0x00,0x00,0x00,0x00,0xcf,0xff,0xff,0x90,0x0a,0xff,
  0xff,0xfa,0x00,0x00,0x00,0x00,0x00,0x00,0x00,0x00,0x00,0x00,0x00,0x00,0x09,0xff,0xff,0xfc,0x00,0xdf,
  0xff,0xff,0x80,0x00,0x00,0x00,0x00,0x00,0x00,0x00,0x00,0x00,0x00,0x00,0x00,0x6f,0xff,0xff,0xe0,0x0f,
  0xff,0xff,0xf5,0x00,0x00,0x00,0x00,0x00,0x00,0x00,0x00,0x00,0x00,0x00,0x00,0x04,0xff,0xff,0xff,0x11,
  0xff,0xff,0xff,0x30,0x00,0x00,0x00,0x00,0x00,0x00,0x00,0x00,0x00,0x00,0x00,0x00,0x2f,0xff,0xff,0xf3,
  0x3f,0xff,0xff,0xf2,0x00,0x00,0x00,0x00,0x00,0x00,0x00,0x00,0x00,0x00,0x00,0x00,0x00,0xff,0xff,0xff,
  0x54,0xff,0xff,0xff,0x00,0x00,0x00,0x00,0x00,0x00,0x00,0x00,0x00,0x00,0x00,0x00,0x00,0x0e,0xff,0xff,
  0xf6,0x5f,0xff,0xff,0xf0,0x00,0x00,0x00,0x00,0x00,0x00,0x00,0x00,0x00,0x00,0x00,0x00,0x00,0xdf,0xff,
  0xff,0x76,0xff,0xff,0xfe,0x00,0x00,0x00,0x00,0x00,0x00,0x00,0x00,0x00,0x00,0x00,0x00,0x00,0x0c,0xff,
  0xff,0xf7,0x6f,0xff,0xff,0xe0,0x00,0x00,0x00,0x00,0x00,0x00,0x00,0x00,0x00,0x00,0x00,0x00,0x00,0xcf,
  0xff,0xff,0x86,0xff,0xff,0xfd,0x00,0x00,0x00,0x00,0x00,0x00,0x00,0x00,0x00,0x00,0x00,0x00,0x00,0x0c,
  0xff,0xff,0xf8,0x6f,0xff,0xff,0xe0,0x00,0x00,0x00,0x00,0x00,0x00,0x00,0x00,0x00,0x00,0x00,0x00,0x00,
  0xcf,0xff,0xff,0x76,0xff,0xff,0xfe,0x00,0x00,0x00,0x00,0x00,0x00,0x00,0x00,0x00,0x00,0x00,0x00,0x00,
  0x0c,0xff,0xff,0xf7,0x5f,0xff,0xff,0xf0,0x00,0x00,0x00,0x00,0x00,0x00,0x00,0x00,0x00,0x00,0x00,0x00,
  0x00,0xdf,0xff,0xff,0x64,0xff,0xff,0xff,0x10,0x00,0x00,0x00,0x00,0x00,0x00,0x00,0x00,0x00,0x00,0x00,
  0x00,0x0e,0xff,0xff,0xf6,0x3f,0xff,0xff,0xf2,0x00,0x00,0x00,0x00,0x00,0x00,0x00,0x00,0x00,0x00,0x00,
  0x00,0x01,0xff,0xff,0xff,0x41,0xff,0xff,0xff,0x40,0x00,0x00,0x00,0x00,0x00,0x00,0x00,0x00,0x00,0x00,
  0x00,0x00,0x2f,0xff,0xff,0xf3,0x0e,0xff,0xff,0xf6,0x00,0x00,0x00,0x00,0x00,0x00,0x00,0x00,0x00,0x00,
  0x00,0x00,0x04,0xff,0xff,0xff,0x10,0xcf,0xff,0xff,0x80,0x00,0x00,0x00,0x00,0x00,0x00,0x00,0x00,0x00,
  0x00,0x00,0x00,0x7f,0xff,0xff,0xe0,0x09,0xff,0xff,0xfb,0x00,0x00,0x00,0x00,0x00,0x00,0x00,0x00,0x00,
  0x00,0x00,0x00,0x0a,0xff,0xff,0xfb,0x00,0x6f,0xff,0xff,0xe0,0x00,0x00,0x00,0x00,0x00,0x00,0x00,0x00,
  0x00,0x00,0x00,0x00,0xdf,0xff,0xff,0x80,0x03,0xff,0xff,0xff,0x40,0x00,0x00,0x00,0x00,0x00,0x00,0x00,
  0x00,0x00,0x00,0x00,0x2f,0xff,0xff,0xf5,0x00,0x0e,0xff,0xff,0xf8,0x00,0x00,0x00,0x00,0x00,0x00,0x00,
  0x00,0x00,0x00,0x00,0x07,0xff,0xff,0xff,0x10,0x00,0xaf,0xff,0xff,0xd0,0x00,0x00,0x00,0x00,0x00,0x00,
  0x00,0x00,0x00,0x00,0x00,0xcf,0xff,0xff,0xb0,0x00,0x05,0xff,0xff,0xff,0x50,0x00,0x00,0x00,0x00,0x00,
  0x00,0x00,0x00,0x00,0x00,0x3f,0xff,0xff,0xf7,0x00,0x00,0x0e,0xff,0xff,0xfc,0x00,0x00,0x00,0x00,0x00,
  0x00,0x00,0x00,0x00,0x00,0x0a,0xff,0xff,0xff,0x10,0x00,0x00,0x8f,0xff,0xff,0xf5,0x00,0x00,0x00,0x00,
  0x00,0x00,0x00,0x00,0x00,0x03,0xff,0xff,0xff,0xa0,0x00,0x00,0x02,0xff,0xff,0xff,0xd1,0x00,0x00,0x00,
  0x00,0x00,0x00,0x00,0x00,0x00,0xcf,0xff,0xff,0xf3,0x00,0x00,0x00,0x09,0xff,0xff,0xff,0xa0,0x00,0x00,
  0x00,0x00,0x00,0x00,0x00,0x00,0x8f,0xff,0xff,0xfb,0x00,0x00,0x00,0x00,0x1e,0xff,0xff,0xff,0x80,0x00,
  0x00,0x00,0x00,0x00,0x00,0x00,0x6f,0xff,0xff,0xff,0x30,0x00,0x00,0x00,0x00,0x6f,0xff,0xff,0xff,0x80,
  0x00,0x00,0x00,0x00,0x00,0x00,0x7f,0xff,0xff,0xff,0x90,0x00,0x00,0x00,0x00,0x00,0xbf,0xff,0xff,0xff,
  0xc3,0x00,0x00,0x00,0x00,0x03,0xbf,0xff,0xff,0xff,0xd1,0x00,0x00,0x00,0x00,0x00,0x01,0xdf,0xff,0xff,
  0xff,0xfc,0x73,0x11,0x13,0x6b,0xff,0xff,0xff,0xff,0xe2,0x00,0x00,0x00,0x00,0x00,0x00,0x02,0xef,0xff,
  0xff,0xff,0xff,0xff,0xff,0xff,0xff,0xff,0xff,0xff,0xe4,0x00,0x00,0x00,0x00,0x00,0x00,0x00,0x03,0xdf,
  0xff,0xff,0xff,0xff,0xff,0xff,0xff,0xff,0xff,0xff,0xe4,0x00,0x00,0x00,0x00,0x00,0x00,0x00,0x00,0x02,
  0xbf,0xff,0xff,0xff,0xff,0xff,0xff,0xff,0xff,0xff,0xc2,0x00,0x00,0x00,0x00,0x00,0x00,0x00,0x00,0x00,
  0x00,0x7e,0xff,0xff,0xff,0xff,0xff,0xff,0xff,0xff,0x80,0x00,0x00,0x00,0x00,0x00,0x00,0x00,0x00,0x00,
  0x00,0x00,0x17,0xdf,0xff,0xff,0xff,0xff,0xff,0xe8,0x20,0x00,0x00,0x00,0x00,0x00,0x00,0x00,0x00,0x00,
  0x00,0x00,0x00,0x00,0x37,0xac,0xdd,0xdc,0xa7,0x30,0x00,0x00,0x00,0x00,0x00,0x00,0x00,0x00,0x00,0x00,
  0x00,0x00,0x00,0x02,0x44,0x44,0x44,0x10,0x00,0x00,0x00,0x00,0x00,0x06,0xef,0xff,0xff,0xf4,0x00,0x00,
  0x00,0x00,0x00,0x2b,0xff,0xff,0xff,0xff,0x40,0x00,0x00,0x00,0x00,0x6e,0xff,0xff,0xff,0xff,0xf4,0x00,
  0x00,0x00,0x02,0xbf,0xff,0xff,0xff,0xff,0xff,0x40,0x00,0x00,0x06,0xef,0xff,0xff,0xff,0xff,0xff,0xf4,
  0x00,0x00,0x2b,0xff,0xff,0xff,0xff,0xff,0xff,0xff,0x40,0x00,0x6e,0xff,0xff,0xff,0xff,0xdf,0xff,0xff,
  0xf4,0x02,0xbf,0xff,0xff,0xff,0xff,0x73,0xff,0xff,0xff,0x46,0xef,0xff,0xff,0xff,0xfc,0x20,0x2f,0xff,
  0xff,0xf4,0xff,0xff,0xff,0xff,0xe7,0x00,0x02,0xff,0xff,0xff,0x4f,0xff,0xff,0xff,0xc2,0x00,0x00,0x2f,
  0xff,0xff,0xf4,0xff,0xff,0xfe,0x70,0x00,0x00,0x02,0xff,0xff,0xff,0x4f,0xff,0xfb,0x20,0x00,0x00,0x00,
  0x2f,0xff,0xff,0xf4,0xff,0xe7,0x00,0x00,0x00,0x00,0x02,0xff,0xff,0xff,0x4f,0xb2,0x00,0x00,0x00,0x00,
  0x00,0x2f,0xff,0xff,0xf4,0x60,0x00,0x00,0x00,0x00,0x00,0x02,0xff,0xff,0xff,0x40,0x00,0x00,0x00,0x00,
  0x00,0x00,0x2f,0xff,0xff,0xf4,0x00,0x00,0x00,0x00,0x00,0x00,0x02,0xff,0xff,0xff,0x40,0x00,0x00,0x00,
  0x00,0x00,0x00,0x2f,0xff,0xff,0xf4,0x00,0x00,0x00,0x00,0x00,0x00,0x02,0xff,0xff,0xff,0x40,0x00,0x00,
  0x00,0x00,0x00,0x00,0x2f,0xff,0xff,0xf4,0x00,0x00,0x00,0x00,0x00,0x00,0x02,0xff,0xff,0xff,0x40,0x00,
  0x00,0x00,0x00,0x00,0x00,0x2f,0xff,0xff,0xf4,0x00,0x00,0x00,0x00,0x00,0x00,0x02,0xff,0xff,0xff,0x40,
  0x00,0x00,0x00,0x00,0x00,0x00,0x2f,0xff,0xff,0xf4,0x00,0x00,0x00,0x00,0x00,0x00,0x02,0xff,0xff,0xff,
  0x40,0x00,0x00,0x00,0x00,0x00,0x00,0x2f,0xff,0xff,0xf4,0x00,0x00,0x00,0x00,0x00,0x00,0x02,0xff,0xff,
  0xff,0x40,0x00,0x00,0x00,0x00,0x00,0x00,0x2f,0xff,0xff,0xf4,0x00,0x00,0x00,0x00,0x00,0x00,0x02,0xff,
  0xff,0xff,0x40,0x00,0x00,0x00,0x00,0x00,0x00,0x2f,0xff,0xff,0xf4,0x00,0x00,0x00,0x00,0x00,0x00,0x02,
  0xff,0xff,0xff,0x40,0x00,0x00,0x00,0x00,0x00,0x00,0x2f,0xff,0xff,0xf4,0x00,0x00,0x00,0x00,0x00,0x00,
  0x02,0xff,0xff,0xff,0x40,0x00,0x00,0x00,0x00,0x00,0x00,0x2f,0xff,0xff,0xf4,0x00,0x00,0x00,0x00,0x00,
  0x00,0x02,0xff,0xff,0xff,0x40,0x00,0x00,0x00,0x00,0x00,0x00,0x2f,0xff,0xff,0xf4,0x00,0x00,0x00,0x00,
  0x00,0x00,0x02,0xff,0xff,0xff,0x40,0x00,0x00,0x00,0x00,0x00,0x00,0x2f,0xff,0xff,0xf4,0x00,0x00,0x00,
  0x00,0x00,0x00,0x02,0xff,0xff,0xff,0x40,0x00,0x00,0x00,0x00,0x00,0x00,0x2f,0xff,0xff,0xf4,0x00,0x00,
  0x00,0x00,0x00,0x00,0x02,0xff,0xff,0xff,0x40,0x00,0x00,0x00,0x00,0x00,0x00,0x2f,0xff,0xff,0xf4,0x00,
  0x00,0x00,0x00,0x00,0x00,0x02,0xff,0xff,0xff,0x40,0x00,0x00,0x00,0x00,0x00,0x00,0x2f,0xff,0xff,0xf4,
  0x00,0x00,0x00,0x00,0x00,0x00,0x02,0xff,0xff,0xff,0x40,0x00,0x00,0x00,0x00,0x00,0x00,0x2f,0xff,0xff,
  0xf4,0x00,0x00,0x00,0x00,0x00,0x00,0x02,0xff,0xff,0xff,0x40,0x00,0x00,0x00,0x00,0x00,0x00,0x2f,0xff,
  0xff,0xf4,0x00,0x00,0x00,0x00,0x00,0x00,0x02,0xff,0xff,0xff,0x40,0x00,0x00,0x00,0x00,0x00,0x00,0x2f,
  0xff,0xff,0xf4,0x00,0x00,0x00,0x00,0x00,0x00,0x02,0xff,0xff,0xff,0x40,0x00,0x00,0x00,0x00,0x00,0x00,
  0x2f,0xff,0xff,0xf4,0x00,0x00,0x00,0x00,0x00,0x00,0x02,0xff,0xff,0xff,0x40,0x00,0x00,0x00,0x00,0x00,
  0x00,0x2f,0xff,0xff,0xf4,0x00,0x00,0x00,0x00,0x00,0x00,0x00,0x00,0x12,0x32,0x20,0x00,0x00,0x00,0x00,
  0x00,0x00,0x00,0x00,0x00,0x00,0x00,0x00,0x00,0x04,0x8c,0xef,0xff,0xff,0xfd,0xa6,0x20,0x00,0x00,0x00,
  0x00,0x00,0x00,0x00,0x00,0x00,0x01,0x7d,0xff,0xff,0xff,0xff,0xff,0xff,0xff,0xb4,0x00,0x00,0x00,0x00,
  0x00,0x00,0x00,0x00,0x05,0xef,0xff,0xff,0xff,0xff,0xff,0xff,0xff,0xff,0xfb,0x20,0x00,0x00,0x00,0x00,
  0x00,0x00,0x1a,0xff,0xff,0xff,0xff,0xff,0xff,0xff,0xff,0xff,0xff,0xfe,0x50,0x00,0x00,0x00,0x00,0x00,
  0x1c,0xff,0xff,0xff,0xff,0xff,0xff,0xff,0xff,0xff,0xff,0xff,0xff,0x70,0x00,0x00,0x00,0x00,0x1c,0xff,
  0xff,0xff,0xff,0xff,0xec,0xbc,0xdf,0xff,0xff,0xff,0xff,0xff,0x60,0x00,0x00,0x00,0x09,0xff,0xff,0xff,
  0xff,0xb6,0x20,0x00,0x00,0x03,0x8e,0xff,0xff,0xff,0xff,0x30,0x00,0x00,0x05,0xff,0xff,0xff,0xfc,0x30,
  0x00,0x00,0x00,0x00,0x00,0x17,0xff,0xff,0xff,0xfd,0x10,0x00,0x01,0xdf,0xff,0xff,0xfa,0x10,0x00,0x00,
  0x00,0x00,0x00,0x00,0x04,0xef,0xff,0xff,0xf7,0x00,0x00,0x7f,0xff,0xff,0xfb,0x00,0x00,0x00,0x00,0x00,
  0x00,0x00,0x00,0x04,0xff,0xff,0xff,0xe1,0x00,0x0d,0xff,0xff,0xfe,0x10,0x00,0x00,0x00,0x00,0x00,0x00,
  0x00,0x00,0x08,0xff,0xff,0xff,0x60,0x04,0xff,0xff,0xff,0x60,0x00,0x00,0x00,0x00,0x00,0x00,0x00,0x00,
  0x00,0x1e,0xff,0xff,0xfb,0x00,0x9f,0xff,0xff,0xe0,0x00,0x00,0x00,0x00,0x00,0x00,0x00,0x00,0x00,0x00,
  0x9f,0xff,0xff,0xe0,0x0c,0xff,0xff,0xf9,0x00,0x00,0x00,0x00,0x00,0x00,0x00,0x00,0x00,0x00,0x04,0xff,
  0xff,0xff,0x21,0xff,0xff,0xff,0x50,0x00,0x00,0x00,0x00,0x00,0x00,0x00,0x00,0x00,0x00,0x1f,0xff,0xff,
  0xf4,0x3f,0xff,0xff,0xf2,0x00,0x00,0x00,0x00,0x00,0x00,0x00,0x00,0x00,0x00,0x00,0xef,0xff,0xff,0x54,
  0xff,0xff,0xff,0x00,0x00,0x00,0x00,0x00,0x00,0x00,0x00,0x00,0x00,0x00,0x0e,0xff,0xff,0xf6,0x5f,0xff,
  0xff,0xd0,0x00,0x00,0x00,0x00,0x00,0x00,0x00,0x00,0x00,0x00,0x00,0xef,0xff,0xff,0x53,0x99,0x99,0x98,
  0x00,0x00,0x00,0x00,0x00,0x00,0x00,0x00,0x00,0x00,0x00,0x0f,0xff,0xff,0xf4,0x00,0x00,0x00,0x00,0x00,
  0x00,0x00,0x00,0x00,0x00,0x00,0x00,0x00,0x00,0x03,0xff,0xff,0xff,0x20,0x00,0x00,0x00,0x00,0x00,0x00,
  0x00,0x00,0x00,0x00,0x00,0x00,0x00,0x00,0x6f,0xff,0xff,0xe0,0x00,0x00,0x00,0x00,0x00,0x00,0x00,0x00,
  0x00,0x00,0x00,0x00,0x00,0x00,0x0b,0xff,0xff,0xfb,0x00,0x00,0x00,0x00,0x00,0x00,0x00,0x00,0x00,0x00,
  0x00,0x00,0x00,0x00,0x03,0xff,0xff,0xff,0x60,0x00,0x00,0x00,0x00,0x00,0x00,0x00,0x00,0x00,0x00,0x00,
  0x00,0x00,0x00,0xbf,0xff,0xff,0xe1,0x00,0x00,0x00,0x00,0x00,0x00,0x00,0x00,0x00,0x00,0x00,0x00,0x00,
  0x00,0x6f,0xff,0xff,0xf8,0x00,0x00,0x00,0x00,0x00,0x00,0x00,0x00,0x00,0x00,0x00,0x00,0x00,0x00,0x3e,
  0xff,0xff,0xfe,0x10,0x00,0x00,0x00,0x00,0x00,0x00,0x00,0x00,0x00,0x00,0x00,0x00,0x00,0x1d,0xff,0xff,
  0xff,0x50,0x00,0x00,0x00,0x00,0x00,0x00,0x00,0x00,0x00,0x00,0x00,0x00,0x00,0x1c,0xff,0xff,0xff,0xa0,
  0x00,0x00,0x00,0x00,0x00,0x00,0x00,0x00,0x00,0x00,0x00,0x00,0x00,0x1c,0xff,0xff,0xff,0xd1,0x00,0x00,
  0x00,0x00,0x00,0x00,0x00,0x00,0x00,0x00,0x00,0x00,0x00,0x1c,0xff,0xff,0xff,0xe3,0x00,0x00,0x00,0x00,
  0x00,0x00,0x00,0x00,0x00,0x00,0x00,0x00,0x00,0x1c,0xff,0xff,0xff,0xf4,0x00,0x00,0x00,0x00,0x00,0x00,
  0x00,0x00,0x00,0x00,0x00,0x00,0x00,0x1c,0xff,0xff,0xff,0xf6,0x00,0x00,0x00,0x00,0x00,0x00,0x00,0x00,
  0x00,0x00,0x00,0x00,0x00,0x2d,0xff,0xff,0xff,0xf7,0x00,0x00,0x00,0x00,0x00,0x00,0x00,0x00,0x00,0x00,
  0x00,0x00,0x00,0x3e,0xff,0xff,0xff,0xf7,0x00,0x00,0x00,0x00,0x00,0x00,0x00,0x00,0x00,0x00,0x00,0x00,
  0x00,0x4e,0xff,0xff,0xff,0xf7,0x00,0x00,0x00,0x00,0x00,0x00,0x00,0x00,0x00,0x00,0x00,0x00,0x00,0x5e,
  0xff,0xff,0xff,0xf6,0x00,0x00,0x00,0x00,0x00,0x00,0x00,0x00,0x00,0x00,0x00,0x00,0x00,0x6f,0xff,0xff,
  0xff,0xf5,0x00,0x00,0x00,0x00,0x00,0x00,0x00,0x00,0x00,0x00,0x00,0x00,0x00,0x7f,0xff,0xff,0xff,0xe4,
  0x00,0x00,0x00,0x00,0x00,0x00,0x00,0x00,0x00,0x00,0x00,0x00,0x00,0x8f,0xff,0xff,0xff,0xe3,0x00,0x00,
  0x00,0x00,0x00,0x00,0x00,0x00,0x00,0x00,0x00,0x00,0x00,0xaf,0xff,0xff,0xff,0xd2,0x00,0x00,0x00,0x00,
  0x00,0x00,0x00,0x00,0x00,0x00,0x00,0x00,0x01,0xbf,0xff,0xff,0xff,0xc1,0x00,0x00,0x00,0x00,0x00,0x00,
  0x00,0x00,0x00,0x00,0x00,0x00,0x01,0xcf,0xff,0xff,0xff,0xb1,0x00,0x00,0x00,0x00,0x00,0x00,0x00,0x00,
  0x00,0x00,0x00,0x00,0x02,0xdf,0xff,0xff,0xff,0xa0,0x00,0x00,0x00,0x00,0x00,0x00,0x00,0x00,0x00,0x00,
  0x00,0x00,0x02,0xdf,0xff,0xff,0xff,0x90,0x00,0x00,0x00,0x00,0x00,0x00,0x00,0x00,0x00,0x00,0x00,0x00,
  0x03,0xef,0xff,0xff,0xff,0x80,0x00,0x00,0x00,0x00,0x00,0x00,0x00,0x00,0x00,0x00,0x00,0x00,0x04,0xef,
  0xff,0xff,0xff,0x60,0x00,0x00,0x00,0x00,0x00,0x00,0x00,0x00,0x00,0x00,0x00,0x00,0x05,0xff,0xff,0xff,
  0xff,0x50,0x00,0x00,0x00,0x00,0x00,0x00,0x00,0x00,0x00,0x00,0x00,0x00,0x06,0xff,0xff,0xff,0xfe,0x40,
  0x00,0x00,0x00,0x00,0x00,0x00,0x00,0x00,0x00,0x00,0x00,0x00,0x08,0xff,0xff,0xff,0xfe,0x30,0x00,0x00,
  0x00,0x00,0x00,0x00,0x00,0x00,0x00,0x00,0x00,0x00,0x09,0xff,0xff,0xff,0xfd,0x20,0x00,0x00,0x00,0x00,
  0x00,0x00,0x00,0x00,0x00,0x00,0x00,0x00,0x08,0xff,0xff,0xff,0xff,0xee,0xee,0xee,0xee,0xee,0xee,0xee,
  0xee,0xee,0xee,0xee,0xee,0xee,0xea,0x9f,0xff,0xff,0xff,0xff,0xff,0xff,0xff,0xff,0xff,0xff,0xff,0xff,
  0xff,0xff,0xff,0xff,0xff,0xb9,0xff,0xff,0xff,0xff,0xff,0xff,0xff,0xff,0xff,0xff,0xff,0xff,0xff,0xff,
  0xff,0xff,0xff,0xfb,0x9f,0xff,0xff,0xff,0xff,0xff,0xff,0xff,0xff,0xff,0xff,0xff,0xff,0xff,0xff,0xff,
  0xff,0xff,0xb9,0xff,0xff,0xff,0xff,0xff,0xff,0xff,0xff,0xff,0xff,0xff,0xff,0xff,0xff,0xff,0xff,0xff,
  0xfb,0x9f,0xff,0xff,0xff,0xff,0xff,0xff,0xff,0xff,0xff,0xff,0xff,0xff,0xff,0xff,0xff,0xff,0xff,0xb0,
  0x00,0x00,0x00,0x00,0x00,0x00,0x00,0x00,0x01,0x23,0x22,0x00,0x00,0x00,0x00,0x00,0x00,0x00,0x00,0x00,
  0x00,0x00,0x00,0x00,0x00,0x00,0x04,0x8b,0xef,0xff,0xff,0xfd,0xb7,0x30,0x00,0x00,0x00,0x00,0x00,0x00,
  0x00,0x00,0x00,0x00,0x00,0x17,0xdf,0xff,0xff,0xff,0xff,0xff,0xff,0xfc,0x60,0x00,0x00,0x00,0x00,0x00,
  0x00,0x00,0x00,0x00,0x06,0xef,0xff,0xff,0xff,0xff,0xff,0xff,0xff,0xff,0xfd,0x50,0x00,0x00,0x00,0x00,
  0x00,0x00,0x00,0x01,0xaf,0xff,0xff,0xff,0xff,0xff,0xff,0xff,0xff,0xff,0xff,0xfa,0x10,0x00,0x00,0x00,
  0x00,0x00,0x00,0x2c,0xff,0xff,0xff,0xff,0xff,0xff,0xff,0xff,0xff,0xff,0xff,0xff,0xc1,0x00,0x00,0x00,
  0x00,0x00,0x01,0xdf,0xff,0xff,0xff,0xff,0xfd,0xba,0xbb,0xdf,0xff,0xff,0xff,0xff,0xfd,0x10,0x00,0x00,
  0x00,0x00,0x0b,0xff,0xff,0xff,0xff,0xa4,0x10,0x00,0x00,0x01,0x6b,0xff,0xff,0xff,0xff,0xb0,0x00,0x00,
  0x00,0x00,0x6f,0xff,0xff,0xff,0xc3,0x00,0x00,0x00,0x00,0x00,0x00,0x4d,0xff,0xff,0xff,0xf7,0x00,0x00,
  0x00,0x01,0xef,0xff,0xff,0xfa,0x00,0x00,0x00,0x00,0x00,0x00,0x00,0x01,0xbf,0xff,0xff,0xfe,0x10,0x00,
  0x00,0x08,0xff,0xff,0xff,0xb0,0x00,0x00,0x00,0x00,0x00,0x00,0x00,0x00,0x1c,0xff,0xff,0xff,0x80,0x00,
  0x00,0x0e,0xff,0xff,0xfe,0x10,0x00,0x00,0x00,0x00,0x00,0x00,0x00,0x00,0x02,0xff,0xff,0xff,0xe0,0x00,
  0x00,0x4f,0xff,0xff,0xf7,0x00,0x00,0x00,0x00,0x00,0x00,0x00,0x00,0x00,0x00,0x9f,0xff,0xff,0xf3,0x00,
  0x00,0x8f,0xff,0xff,0xf2,0x00,0x00,0x00,0x00,0x00,0x00,0x00,0x00,0x00,0x00,0x4f,0xff,0xff,0xf7,0x00,
  0x00,0xbf,0xff,0xff,0xc0,0x00,0x00,0x00,0x00,0x00,0x00,0x00,0x00,0x00,0x00,0x1f,0xff,0xff,0xf9,0x00,
  0x00,0xdf,0xff,0xff,0x90,0x00,0x00,0x00,0x00,0x00,0x00,0x00,0x00,0x00,0x00,0x0d,0xff,0xff,0xfa,0x00,
  0x00,0xef,0xff,0xff,0x80,0x00,0x00,0x00,0x00,0x00,0x00,0x00,0x00,0x00,0x00,0x0d,0xff,0xff,0xfa,0x00,
  0x00,0xcc,0xcc,0xcc,0x60,0x00,0x00,0x00,0x00,0x00,0x00,0x00,0x00,0x00,0x00,0x0d,0xff,0xff,0xf9,0x00,
  0x00,0x00,0x00,0x00,0x00,0x00,0x00,0x00,0x00,0x00,0x00,0x00,0x00,0x00,0x00,0x1f,0xff,0xff,0xf7,0x00,
  0x00,0x00,0x00,0x00,0x00,0x00,0x00,0x00,0x00,0x00,0x00,0x00,0x00,0x00,0x00,0x5f,0xff,0xff,0xf4,0x00,
  0x00,0x00,0x00,0x00,0x00,0x00,0x00,0x00,0x00,0x00,0x00,0x00,0x00,0x00,0x00,0xbf,0xff,0xff,0xe0,0x00,
  0x00,0x00,0x00,0x00,0x00,0x00,0x00,0x00,0x00,0x00,0x00,0x00,0x00,0x00,0x06,0xff,0xff,0xff,0x80,0x00,
  0x00,0x00,0x00,0x00,0x00,0x00,0x00,0x00,0x00,0x00,0x00,0x00,0x00,0x00,0x5f,0xff,0xff,0xfd,0x10,0x00,
  0x00,0x00,0x00,0x00,0x00,0x00,0x00,0x00,0x00,0x00,0x00,0x00,0x00,0x18,0xff,0xff,0xff,0xf4,0x00,0x00,
  0x00,0x00,0x00,0x00,0x00,0x00,0x00,0x00,0x00,0x00,0x00,0x00,0x17,0xdf,0xff,0xff,0xff,0x60,0x00,0x00,
  0x00,0x00,0x00,0x00,0x00,0x00,0x00,0x15,0x55,0x55,0x57,0x9c,0xff,0xff,0xff,0xff,0xe5,0x00,0x00,0x00,
  0x00,0x00,0x00,0x00,0x00,0x00,0x00,0x4f,0xff,0xff,0xff,0xff,0xff,0xff,0xff,0xfc,0x30,0x00,0x00,0x00,
  0x00,0x00,0x00,0x00,0x00,0x00,0x00,0x4f,0xff,0xff,0xff,0xff,0xff,0xff,0xfc,0x50,0x00,0x00,0x00,0x00,
  0x00,0x00,0x00,0x00,0x00,0x00,0x00,0x4f,0xff,0xff,0xff,0xff,0xff,0xfe,0x71,0x00,0x00,0x00,0x00,0x00,
  0x00,0x00,0x00,0x00,0x00,0x00,0x00,0x4f,0xff,0xff,0xff,0xff,0xff,0xff,0xff,0xb6,0x00,0x00,0x00,0x00,
  0x00,0x00,0x00,0x00,0x00,0x00,0x00,0x4f,0xff,0xff,0xff,0xff,0xff,0xff,0xff,0xff,0xd5,0x00,0x00,0x00,
  0x00,0x00,0x00,0x00,0x00,0x00,0x00,0x29,0x99,0x99,0xab,0xdf,0xff,0xff,0xff,0xff,0xff,0x90,0x00,0x00,
  0x00,0x00,0x00,0x00,0x00,0x00,0x00,0x00,0x00,0x00,0x00,0x00,0x48,0xdf,0xff,0xff,0xff,0xfb,0x00,0x00,
  0x00,0x00,0x00,0x00,0x00,0x00,0x00,0x00,0x00,0x00,0x00,0x00,0x00,0x05,0xdf,0xff,0xff,0xff,0xa0,0x00,
  0x00,0x00,0x00,0x00,0x00,0x00,0x00,0x00,0x00,0x00,0x00,0x00,0x00,0x00,0x19,0xff,0xff,0xff,0xf6,0x00,
  0x00,0x00,0x00,0x00,0x00,0x00,0x00,0x00,0x00,0x00,0x00,0x00,0x00,0x00,0x00,0x8f,0xff,0xff,0xfe,0x10,
  0x00,0x00,0x00,0x00,0x00,0x00,0x00,0x00,0x00,0x00,0x00,0x00,0x00,0x00,0x00,0x0a,0xff,0xff,0xff,0x70,
  0x00,0x00,0x00,0x00,0x00,0x00,0x00,0x00,0x00,0x00,0x00,0x00,0x00,0x00,0x00,0x01,0xef,0xff,0xff,0xc0,
  0x00,0x00,0x00,0x00,0x00,0x00,0x00,0x00,0x00,0x00,0x00,0x00,0x00,0x00,0x00,0x00,0x9f,0xff,0xff,0xf1,
  0x15,0x55,0x55,0x53,0x00,0x00,0x00,0x00,0x00,0x00,0x00,0x00,0x00,0x00,0x00,0x00,0x5f,0xff,0xff,0xf4,
  0x2f,0xff,0xff,0xf9,0x00,0x00,0x00,0x00,0x00,0x00,0x00,0x00,0x00,0x00,0x00,0x00,0x3f,0xff,0xff,0xf5,
  0x1f,0xff,0xff,0xfa,0x00,0x00,0x00,0x00,0x00,0x00,0x00,0x00,0x00,0x00,0x00,0x00,0x2f,0xff,0xff,0xf6,
  0x0f,0xff,0xff,0xfc,0x00,0x00,0x00,0x00,0x00,0x00,0x00,0x00,0x00,0x00,0x00,0x00,0x3f,0xff,0xff,0xf5,
  0x0c,0xff,0xff,0xff,0x00,0x00,0x00,0x00,0x00,0x00,0x00,0x00,0x00,0x00,0x00,0x00,0x5f,0xff,0xff,0xf4,
  0x09,0xff,0xff,0xff,0x40,0x00,0x00,0x00,0x00,0x00,0x00,0x00,0x00,0x00,0x00,0x00,0x8f,0xff,0xff,0xf2,
  0x05,0xff,0xff,0xff,0xa0,0x00,0x00,0x00,0x00,0x00,0x00,0x00,0x00,0x00,0x00,0x00,0xdf,0xff,0xff,0xd0,
  0x01,0xef,0xff,0xff,0xf3,0x00,0x00,0x00,0x00,0x00,0x00,0x00,0x00,0x00,0x00,0x06,0xff,0xff,0xff,0x90,
  0x00,0x8f,0xff,0xff,0xfc,0x00,0x00,0x00,0x00,0x00,0x00,0x00,0x00,0x00,0x00,0x2e,0xff,0xff,0xff,0x30,
  0x00,0x1e,0xff,0xff,0xff,0x90,0x00,0x00,0x00,0x00,0x00,0x00,0x00,0x00,0x02,0xdf,0xff,0xff,0xfb,0x00,
  0x00,0x07,0xff,0xff,0xff,0xfa,0x10,0x00,0x00,0x00,0x00,0x00,0x00,0x00,0x4d,0xff,0xff,0xff,0xf3,0x00,
  0x00,0x00,0xbf,0xff,0xff,0xff,0xd6,0x00,0x00,0x00,0x00,0x00,0x00,0x2a,0xff,0xff,0xff,0xff,0x80,0x00,
  0x00,0x00,0x1d,0xff,0xff,0xff,0xff,0xe9,0x52,0x10,0x00,0x24,0x7c,0xff,0xff,0xff,0xff,0xfb,0x00,0x00,
  0x00,0x00,0x02,0xdf,0xff,0xff,0xff,0xff,0xff,0xff,0xff,0xff,0xff,0xff,0xff,0xff,0xff,0xb1,0x00,0x00,
  0x00,0x00,0x00,0x2c,0xff,0xff,0xff,0xff,0xff,0xff,0xff,0xff,0xff,0xff,0xff,0xff,0xfa,0x00,0x00,0x00,
  0x00,0x00,0x00,0x00,0x8f,0xff,0xff,0xff,0xff,0xff,0xff,0xff,0xff,0xff,0xff,0xfe,0x60,0x00,0x00,0x00,
  0x00,0x00,0x00,0x00,0x03,0xbf,0xff,0xff,0xff,0xff,0xff,0xff,0xff,0xff,0xfe,0x91,0x00,0x00,0x00,0x00,
  0x00,0x00,0x00,0x00,0x00,0x03,0x9e,0xff,0xff,0xff,0xff,0xff,0xff,0xfc,0x71,0x00,0x00,0x00,0x00,0x00,
  0x00,0x00,0x00,0x00,0x00,0x00,0x00,0x36,0x9b,0xcd,0xdd,0xca,0x85,0x20,0x00,0x00,0x00,0x00,0x00,0x00,
  0x00,0x00,0x00,0x00,0x00,0x00,0x00,0x00,0x00,0x00,0x00,0x00,0x00,0x24,0x44,0x44,0x44,0x40,0x00,0x00,
  0x00,0x00,0x00,0x00,0x00,0x00,0x00,0x00,0x00,0x00,0x00,0x00,0x00,0x00,0x01,0xdf,0xff,0xff,0xff,0xc0,
  0x00,0x00,0x00,0x00,0x00,0x00,0x00,0x00,0x00,0x00,0x00,0x00,0x00,0x00,0x00,0x00,0x0a,0xff,0xff,0xff,
  0xff,0xc0,0x00,0x00,0x00,0x00,0x00,0x00,0x00,0x00,0x00,0x00,0x00,0x00,0x00,0x00,0x00,0x00,0x6f,0xff,
  0xff,0xff,0xff,0xc0,0x00,0x00,0x00,0x00,0x00,0x00,0x00,0x00,0x00,0x00,0x00,0x00,0x00,0x00,0x00,0x02,
  0xef,0xff,0xff,0xff,0xff,0xc0,0x00,0x00,0x00,0x00,0x00,0x00,0x00,0x00,0x00,0x00,0x00,0x00,0x00,0x00,
  0x00,0x0c,0xff,0xff,0xff,0xff,0xff,0xc0,0x00,0x00,0x00,0x00,0x00,0x00,0x00,0x00,0x00,0x00,0x00,0x00,
  0x00,0x00,0x00,0x8f,0xff,0xff,0xff,0xff,0xff,0xc0,0x00,0x00,0x00,0x00,0x00,0x00,0x00,0x00,0x00,0x00,
  0x00,0x00,0x00,0x00,0x04,0xff,0xff,0xff,0xff,0xff,0xff,0xc0,0x00,0x00,0x00,0x00,0x00,0x00,0x00,0x00,
  0x00,0x00,0x00,0x00,0x00,0x00,0x1e,0xff,0xff,0xfe,0xbf,0xff,0xff,0xc0,0x00,0x00,0x00,0x00,0x00,0x00,
  0x00,0x00,0x00,0x00,0x00,0x00,0x00,0x00,0xbf,0xff,0xff,0xf6,0x9f,0xff,0xff,0xc0,0x00,0x00,0x00,0x00,
  0x00,0x00,0x00,0x00,0x00,0x00,0x00,0x00,0x00,0x07,0xff,0xff,0xff,0xa0,0x9f,0xff,0xff,0xc0,0x00,0x00,
  0x00,0x00,0x00,0x00,0x00,0x00,0x00,0x00,0x00,0x00,0x00,0x3f,0xff,0xff,0xfd,0x10,0x9f,0xff,0xff,0xc0,
  0x00,0x00,0x00,0x00,0x00,0x00,0x00,0x00,0x00,0x00,0x00,0x00,0x01,0xdf,0xff,0xff,0xf4,0x00,0x9f,0xff,
  0xff,0xc0,0x00,0x00,0x00,0x00,0x00,0x00,0x00,0x00,0x00,0x00,0x00,0x00,0x0a,0xff,0xff,0xff,0x80,0x00,
  0x9f,0xff,0xff,0xc0,0x00,0x00,0x00,0x00,0x00,0x00,0x00,0x00,0x00,0x00,0x00,0x00,0x6f,0xff,0xff,0xfc,
  0x00,0x00,0x9f,0xff,0xff,0xc0,0x00,0x00,0x00,0x00,0x00,0x00,0x00,0x00,0x00,0x00,0x00,0x02,0xef,0xff,
  0xff,0xe2,0x00,0x00,0x9f,0xff,0xff,0xc0,0x00,0x00,0x00,0x00,0x00,0x00,0x00,0x00,0x00,0x00,0x00,0x0c,
  0xff,0xff,0xff,0x50,0x00,0x00,0x9f,0xff,0xff,0xc0,0x00,0x00,0x00,0x00,0x00,0x00,0x00,0x00,0x00,0x00,
  0x00,0x8f,0xff,0xff,0xf9,0x00,0x00,0x00,0x9f,0xff,0xff,0xc0,0x00,0x00,0x00,0x00,0x00,0x00,0x00,0x00,
  0x00,0x00,0x04,0xff,0xff,0xff,0xd1,0x00,0x00,0x00,0x9f,0xff,0xff,0xc0,0x00,0x00,0x00,0x00,0x00,0x00,
  0x00,0x00,0x00,0x00,0x1e,0xff,0xff,0xff,0x30,0x00,0x00,0x00,0x9f,0xff,0xff,0xc0,0x00,0x00,0x00,0x00,
  0x00,0x00,0x00,0x00,0x00,0x00,0xbf,0xff,0xff,0xf7,0x00,0x00,0x00,0x00,0x9f,0xff,0xff,0xc0,0x00,0x00,
  0x00,0x00,0x00,0x00,0x00,0x00,0x00,0x07,0xff,0xff,0xff,0xb0,0x00,0x00,0x00,0x00,0x9f,0xff,0xff,0xc0,
  0x00,0x00,0x00,0x00,0x00,0x00,0x00,0x00,0x00,0x3f,0xff,0xff,0xfe,0x10,0x00,0x00,0x00,0x00,0x9f,0xff,
  0xff,0xc0,0x00,0x00,0x00,0x00,0x00,0x00,0x00,0x00,0x01,0xdf,0xff,0xff,0xf4,0x00,0x00,0x00,0x00,0x00,
  0x9f,0xff,0xff,0xc0,0x00,0x00,0x00,0x00,0x00,0x00,0x00,0x00,0x0a,0xff,0xff,0xff,0x80,0x00,0x00,0x00,
  0x00,0x00,0x9f,0xff,0xff,0xc0,0x00,0x00,0x00,0x00,0x00,0x00,0x00,0x00,0x5f,0xff,0xff,0xfc,0x00,0x00,
  0x00,0x00,0x00,0x00,0x9f,0xff,0xff,0xc0,0x00,0x00,0x00,0x00,0x00,0x00,0x00,0x02,0xef,0xff,0xff,0xe2,
  0x00,0x00,0x00,0x00,0x00,0x00,0x9f,0xff,0xff,0xc0,0x00,0x00,0x00,0x00,0x00,0x00,0x00,0x0c,0xff,0xff,
  0xff,0x50,0x00,0x00,0x00,0x00,0x00,0x00,0x9f,0xff,0xff,0xc0,0x00,0x00,0x00,0x00,0x00,0x00,0x00,0x8f,
  0xff,0xff,0xfa,0x00,0x00,0x00,0x00,0x00,0x00,0x00,0x9f,0xff,0xff,0xc0,0x00,0x00,0x00,0x00,0x00,0x00,
  0x04,0xff,0xff,0xff,0xd1,0x00,0x00,0x00,0x00,0x00,0x00,0x00,0x9f,0xff,0xff,0xc0,0x00,0x00,0x00,0x00,
  0x00,0x00,0x1e,0xff,0xff,0xff,0x30,0x00,0x00,0x00,0x00,0x00,0x00,0x00,0x9f,0xff,0xff,0xc0,0x00,0x00,
  0x00,0x00,0x00,0x00,0xbf,0xff,0xff,0xf7,0x00,0x00,0x00,0x00,0x00,0x00,0x00,0x00,0x9f,0xff,0xff,0xc0,
  0x00,0x00,0x00,0x00,0x00,0x07,0xff,0xff,0xff,0xb0,0x00,0x00,0x00,0x00,0x00,0x00,0x00,0x00,0x9f,0xff,
  0xff,0xc0,0x00,0x00,0x00,0x00,0x00,0x3f,0xff,0xff,0xfe,0x10,0x00,0x00,0x00,0x00,0x00,0x00,0x00,0x00,
  0x9f,0xff,0xff,0xc0,0x00,0x00,0x00,0x00,0x01,0xdf,0xff,0xff,0xf4,0x00,0x00,0x00,0x00,0x00,0x00,0x00,
  0x00,0x00,0x9f,0xff,0xff,0xc0,0x00,0x00,0x00,0x00,0x09,0xff,0xff,0xff,0x80,0x00,0x00,0x00,0x00,0x00,
  0x00,0x00,0x00,0x00,0x9f,0xff,0xff,0xc0,0x00,0x00,0x00,0x00,0x5f,0xff,0xff,0xfe,0x54,0x44,0x44,0x44,
  0x44,0x44,0x44,0x44,0x44,0x44,0xbf,0xff,0xff,0xd4,0x44,0x44,0x44,0x41,0xcf,0xff,0xff,0xff,0xff,0xff,
  0xff,0xff,0xff,0xff,0xff,0xff,0xff,0xff,0xff,0xff,0xff,0xff,0xff,0xff,0xff,0xf4,0xcf,0xff,0xff,0xff,
  0xff,0xff,0xff,0xff,0xff,0xff,0xff,0xff,0xff,0xff,0xff,0xff,0xff,0xff,0xff,0xff,0xff,0xf4,0xcf,0xff,
  0xff,0xff,0xff,0xff,0xff,0xff,0xff,0xff,0xff,0xff,0xff,0xff,0xff,0xff,0xff,0xff,0xff,0xff,0xff,0xf4,
  0xcf,0xff,0xff,0xff,0xff,0xff,0xff,0xff,0xff,0xff,0xff,0xff,0xff,0xff,0xff,0xff,0xff,0xff,0xff,0xff,
  0xff,0xf4,0xcf,0xff,0xff,0xff,0xff,0xff,0xff,0xff,0xff,0xff,0xff,0xff,0xff,0xff,0xff,0xff,0xff,0xff,
  0xff,0xff,0xff,0xf4,0x8a,0xaa,0xaa,0xaa,0xaa,0xaa,0xaa,0xaa,0xaa,0xaa,0xaa,0xaa,0xaa,0xaa,0xdf,0xff,
  0xff,0xea,0xaa,0xaa,0xaa,0xa3,0x00,0x00,0x00,0x00,0x00,0x00,0x00,0x00,0x00,0x00,0x00,0x00,0x00,0x00,
  0x9f,0xff,0xff,0xc0,0x00,0x00,0x00,0x00,0x00,0x00,0x00,0x00,0x00,0x00,0x00,0x00,0x00,0x00,0x00,0x00,
  0x00,0x00,0x9f,0xff,0xff,0xc0,0x00,0x00,0x00,0x00,0x00,0x00,0x00,0x00,0x00,0x00,0x00,0x00,0x00,0x00,
  0x00,0x00,0x00,0x00,0x9f,0xff,0xff,0xc0,0x00,0x00,0x00,0x00,0x00,0x00,0x00,0x00,0x00,0x00,0x00,0x00,
  0x00,0x00,0x00,0x00,0x00,0x00,0x9f,0xff,0xff,0xc0,0x00,0x00,0x00,0x00,0x00,0x00,0x00,0x00,0x00,0x00,
  0x00,0x00,0x00,0x00,0x00,0x00,0x00,0x00,0x9f,0xff,0xff,0xc0,0x00,0x00,0x00,0x00,0x00,0x00,0x00,0x00,
  0x00,0x00,0x00,0x00,0x00,0x00,0x00,0x00,0x00,0x00,0x9f,0xff,0xff,0xc0,0x00,0x00,0x00,0x00,0x00,0x00,
  0x00,0x00,0x00,0x00,0x00,0x00,0x00,0x00,0x00,0x00,0x00,0x00,0x9f,0xff,0xff,0xc0,0x00,0x00,0x00,0x00,
  0x00,0x00,0x00,0x00,0x00,0x00,0x00,0x00,0x00,0x00,0x00,0x00,0x00,0x00,0x9f,0xff,0xff,0xc0,0x00,0x00,
  0x00,0x00,0x00,0x00,0x00,0x00,0x00,0x00,0x00,0x00,0x00,0x00,0x00,0x00,0x00,0x00,0x9f,0xff,0xff,0xc0,
  0x00,0x00,0x00,0x00,0x00,0x00,0x00,0x00,0x00,0x00,0x00,0x00,0x00,0x00,0x00,0x00,0x00,0x00,0x9f,0xff,
  0xff,0xc0,0x00,0x00,0x00,0x00,0x00,0x00,0x00,0x00,0x00,0x00,0x00,0x00,0x00,0x00,0x00,0x00,0x00,0x00,
  0x9f,0xff,0xff,0xc0,0x00,0x00,0x00,0x00,0x00,0x00,0x00,0x00,0x00,0x00,0x00,0x00,0x00,0x00,0x00,0x00,
  0x00,0x00,0x9f,0xff,0xff,0xc0,0x00,0x00,0x00,0x00,0x00,0x00,0x00,0x00,0x00,0x00,0x00,0x00,0x00,0x00,
  0x00,0x00,0x00,0x00,0x9f,0xff,0xff,0xc0,0x00,0x00,0x00,0x00,0x00,0x14,0x44,0x44,0x44,0x44,0x44,0x44,
  0x44,0x44,0x44,0x44,0x44,0x44,0x44,0x44,0x44,0x30,0x00,0x00,0x4f,0xff,0xff,0xff,0xff,0xff,0xff,0xff,
  0xff,0xff,0xff,0xff,0xff,0xff,0xff,0xff,0xa0,0x00,0x00,0x5f,0xff,0xff,0xff,0xff,0xff,0xff,0xff,0xff,
  0xff,0xff,0xff,0xff,0xff,0xff,0xff,0xa0,0x00,0x00,0x6f,0xff,0xff,0xff,0xff,0xff,0xff,0xff,0xff,0xff,
  0xff,0xff,0xff,0xff,0xff,0xff,0xa0,0x00,0x00,0x7f,0xff,0xff,0xff,0xff,0xff,0xff,0xff,0xff,0xff,0xff,
  0xff,0xff,0xff,0xff,0xff,0xa0,0x00,0x00,0x7f,0xff,0xff,0xff,0xff,0xff,0xff,0xff,0xff,0xff,0xff,0xff,
  0xff,0xff,0xff,0xff,0xa0,0x00,0x00,0x8f,0xff,0xff,0xea,0xaa,0xaa,0xaa,0xaa,0xaa,0xaa,0xaa,0xaa,0xaa,
  0xaa,0xaa,0xaa,0x70,0x00,0x00,0x9f,0xff,0xff,0xb0,0x00,0x00,0x00,0x00,0x00,0x00,0x00,0x00,0x00,0x00,
  0x00,0x00,0x00,0x00,0x00,0xaf,0xff,0xff,0xa0,0x00,0x00,0x00,0x00,0x00,0x00,0x00,0x00,0x00,0x00,0x00,
  0x00,0x00,0x00,0x00,0xbf,0xff,0xff,0x90,0x00,0x00,0x00,0x00,0x00,0x00,0x00,0x00,0x00,0x00,0x00,0x00,
  0x00,0x00,0x00,0xcf,0xff,0xff,0x80,0x00,0x00,0x00,0x00,0x00,0x00,0x00,0x00,0x00,0x00,0x00,0x00,0x00,
  0x00,0x00,0xdf,0xff,0xff,0x70,0x00,0x00,0x00,0x00,0x00,0x00,0x00,0x00,0x00,0x00,0x00,0x00,0x00,0x00,
  0x00,0xef,0xff,0xff,0x60,0x00,0x00,0x00,0x00,0x00,0x00,0x00,0x00,0x00,0x00,0x00,0x00,0x00,0x00,0x00,
  0xff,0xff,0xff,0x50,0x00,0x00,0x00,0x00,0x00,0x00,0x00,0x00,0x00,0x00,0x00,0x00,0x00,0x00,0x00,0xff,
  0xff,0xff,0x40,0x00,0x00,0x00,0x00,0x00,0x00,0x00,0x00,0x00,0x00,0x00,0x00,0x00,0x00,0x01,0xff,0xff,
  0xff,0x20,0x00,0x00,0x00,0x00,0x00,0x00,0x00,0x00,0x00,0x00,0x00,0x00,0x00,0x00,0x02,0xff,0xff,0xff,
  0x10,0x00,0x00,0x00,0x00,0x00,0x00,0x00,0x00,0x00,0x00,0x00,0x00,0x00,0x00,0x03,0xff,0xff,0xff,0x00,
  0x00,0x00,0x00,0x00,0x00,0x00,0x00,0x00,0x00,0x00,0x00,0x00,0x00,0x00,0x04,0xff,0xff,0xfe,0x00,0x00,
  0x00,0x00,0x00,0x00,0x00,0x00,0x00,0x00,0x00,0x00,0x00,0x00,0x00,0x05,0xff,0xff,0xfd,0x00,0x00,0x00,
  0x15,0x8b,0xde,0xee,0xdb,0x85,0x10,0x00,0x00,0x00,0x00,0x00,0x06,0xff,0xff,0xfc,0x00,0x00,0x29,0xef,
  0xff,0xff,0xff,0xff,0xff,0xe9,0x20,0x00,0x00,0x00,0x00,0x07,0xff,0xff,0xfb,0x00,0x19,0xff,0xff,0xff,
  0xff,0xff,0xff,0xff,0xff,0xf8,0x10,0x00,0x00,0x00,0x07,0xff,0xff,0xfa,0x04,0xdf,0xff,0xff,0xff,0xff,
  0xff,0xff,0xff,0xff,0xff,0xc2,0x00,0x00,0x00,0x08,0xff,0xff,0xf9,0x5f,0xff,0xff,0xff,0xff,0xff,0xff,
  0xff,0xff,0xff,0xff,0xfe,0x30,0x00,0x00,0x09,0xff,0xff,0xfc,0xff,0xff,0xff,0xff,0xff,0xff,0xff,0xff,
  0xff,0xff,0xff,0xff,0xe3,0x00,0x00,0x0a,0xff,0xff,0xff,0xff,0xff,0xff,0xc8,0x53,0x11,0x13,0x59,0xef,
  0xff,0xff,0xff,0xfd,0x10,0x00,0x0b,0xff,0xff,0xff,0xff,0xff,0x92,0x00,0x00,0x00,0x00,0x00,0x18,0xff,
  0xff,0xff,0xff,0x90,0x00,0x0c,0xff,0xff,0xff,0xff,0xc2,0x00,0x00,0x00,0x00,0x00,0x00,0x00,0x3e,0xff,
  0xff,0xff,0xf4,0x00,0x0d,0xff,0xff,0xff,0xfb,0x10,0x00,0x00,0x00,0x00,0x00,0x00,0x00,0x02,0xef,0xff,
  0xff,0xfb,0x00,0x0e,0xff,0xff,0xff,0xc1,0x00,0x00,0x00,0x00,0x00,0x00,0x00,0x00,0x00,0x4f,0xff,0xff,
  0xff,0x30,0x0f,0xff,0xff,0xff,0x30,0x00,0x00,0x00,0x00,0x00,0x00,0x00,0x00,0x00,0x09,0xff,0xff,0xff,
  0x90,0x0f,0xff,0xff,0xfa,0x00,0x00,0x00,0x00,0x00,0x00,0x00,0x00,0x00,0x00,0x01,0xef,0xff,0xff,0xd0,
  0x04,0x44,0x44,0x41,0x00,0x00,0x00,0x00,0x00,0x00,0x00,0x00,0x00,0x00,0x00,0x9f,0xff,0xff,0xf2,0x00,
  0x00,0x00,0x00,0x00,0x00,0x00,0x00,0x00,0x00,0x00,0x00,0x00,0x00,0x00,0x5f,0xff,0xff,0xf5,0x00,0x00,
  0x00,0x00,0x00,0x00,0x00,0x00,0x00,0x00,0x00,0x00,0x00,0x00,0x00,0x1f,0xff,0xff,0xf8,0x00,0x00,0x00,
  0x00,0x00,0x00,0x00,0x00,0x00,0x00,0x00,0x00,0x00,0x00,0x00,0x0d,0xff,0xff,0xf9,0x00,0x00,0x00,0x00,
  0x00,0x00,0x00,0x00,0x00,0x00,0x00,0x00,0x00,0x00,0x00,0x0c,0xff,0xff,0xfa,0x00,0x00,0x00,0x00,0x00,
  0x00,0x00,0x00,0x00,0x00,0x00,0x00,0x00,0x00,0x00,0x0b,0xff,0xff,0xfb,0x00,0x00,0x00,0x00,0x00,0x00,
  0x00,0x00,0x00,0x00,0x00,0x00,0x00,0x00,0x00,0x0b,0xff,0xff,0xfb,0x00,0x00,0x00,0x00,0x00,0x00,0x00,
  0x00,0x00,0x00,0x00,0x00,0x00,0x00,0x00,0x0c,0xff,0xff,0xfa,0xbf,0xff,0xff,0xe0,0x00,0x00,0x00,0x00,
  0x00,0x00,0x00,0x00,0x00,0x00,0x00,0x0e,0xff,0xff,0xf9,0xaf,0xff,0xff,0xf2,0x00,0x00,0x00,0x00,0x00,
  0x00,0x00,0x00,0x00,0x00,0x00,0x2f,0xff,0xff,0xf7,0x7f,0xff,0xff,0xf6,0x00,0x00,0x00,0x00,0x00,0x00,
  0x00,0x00,0x00,0x00,0x00,0x6f,0xff,0xff,0xf4,0x4f,0xff,0xff,0xfb,0x00,0x00,0x00,0x00,0x00,0x00,0x00,
  0x00,0x00,0x00,0x00,0xbf,0xff,0xff,0xf1,0x0e,0xff,0xff,0xff,0x30,0x00,0x00,0x00,0x00,0x00,0x00,0x00,
  0x00,0x00,0x03,0xff,0xff,0xff,0xb0,0x09,0xff,0xff,0xff,0xc0,0x00,0x00,0x00,0x00,0x00,0x00,0x00,0x00,
  0x00,0x0c,0xff,0xff,0xff,0x60,0x03,0xff,0xff,0xff,0xf9,0x00,0x00,0x00,0x00,0x00,0x00,0x00,0x00,0x00,
  0x8f,0xff,0xff,0xfe,0x10,0x00,0xaf,0xff,0xff,0xff,0x80,0x00,0x00,0x00,0x00,0x00,0x00,0x00,0x06,0xff,
  0xff,0xff,0xf7,0x00,0x00,0x2e,0xff,0xff,0xff,0xfa,0x10,0x00,0x00,0x00,0x00,0x00,0x00,0x8f,0xff,0xff,
  0xff,0xd1,0x00,0x00,0x05,0xff,0xff,0xff,0xff,0xe7,0x10,0x00,0x00,0x00,0x00,0x5c,0xff,0xff,0xff,0xff,
  0x40,0x00,0x00,0x00,0x8f,0xff,0xff,0xff,0xff,0xea,0x75,0x33,0x46,0x9d,0xff,0xff,0xff,0xff,0xf7,0x00,
  0x00,0x00,0x00,0x08,0xff,0xff,0xff,0xff,0xff,0xff,0xff,0xff,0xff,0xff,0xff,0xff,0xff,0x90,0x00,0x00,
  0x00,0x00,0x00,0x6f,0xff,0xff,0xff,0xff,0xff,0xff,0xff,0xff,0xff,0xff,0xff,0xf8,0x00,0x00,0x00,0x00,
  0x00,0x00,0x03,0xcf,0xff,0xff,0xff,0xff,0xff,0xff,0xff,0xff,0xff,0xfe,0x50,0x00,0x00,0x00,0x00,0x00,
  0x00,0x00,0x06,0xdf,0xff,0xff,0xff,0xff,0xff,0xff,0xff,0xff,0x81,0x00,0x00,0x00,0x00,0x00,0x00,0x00,
  0x00,0x00,0x05,0xae,0xff,0xff,0xff,0xff,0xff,0xfc,0x71,0x00,0x00,0x00,0x00,0x00,0x00,0x00,0x00,0x00,
  0x00,0x00,0x00,0x47,0x9a,0xbb,0xb9,0x85,0x20,0x00,0x00,0x00,0x00,0x00,0x00,0x00,0x00,0x00,0x00,0x00,
  0x00,0x00,0x00,0x00,0x12,0x32,0x20,0x00,0x00,0x00,0x00,0x00,0x00,0x00,0x00,0x00,0x00,0x00,0x00,0x00,
  0x00,0x04,0x8c,0xef,0xff,0xff,0xfd,0xa6,0x10,0x00,0x00,0x00,0x00,0x00,0x00,0x00,0x00,0x00,0x00,0x00,
  0x6d,0xff,0xff,0xff,0xff,0xff,0xff,0xff,0xa3,0x00,0x00,0x00,0x00,0x00,0x00,0x00,0x00,0x00,0x04,0xdf,
  0xff,0xff,0xff,0xff,0xff,0xff,0xff,0xff,0xf9,0x10,0x00,0x00,0x00,0x00,0x00,0x00,0x00,0x07,0xff,0xff,
  0xff,0xff,0xff,0xff,0xff,0xff,0xff,0xff,0xfd,0x30,0x00,0x00,0x00,0x00,0x00,0x00,0x09,0xff,0xff,0xff,
  0xff,0xff,0xff,0xff,0xff,0xff,0xff,0xff,0xfe,0x30,0x00,0x00,0x00,0x00,0x00,0x08,0xff,0xff,0xff,0xff,
  0xff,0xfd,0xcb,0xce,0xff,0xff,0xff,0xff,0xfe,0x20,0x00,0x00,0x00,0x00,0x05,0xff,0xff,0xff,0xff,0xe8,
  0x30,0x00,0x00,0x03,0x9f,0xff,0xff,0xff,0xfc,0x00,0x00,0x00,0x00,0x02,0xef,0xff,0xff,0xff,0x81,0x00,
  0x00,0x00,0x00,0x00,0x2b,0xff,0xff,0xff,0xf8,0x00,0x00,0x00,0x00,0xaf,0xff,0xff,0xfe,0x40,0x00,0x00,
  0x00,0x00,0x00,0x00,0x0a,0xff,0xff,0xff,0xe2,0x00,0x00,0x00,0x4f,0xff,0xff,0xfe,0x30,0x00,0x00,0x00,
  0x00,0x00,0x00,0x00,0x0c,0xff,0xff,0xff,0x80,0x00,0x00,0x0b,0xff,0xff,0xff,0x50,0x00,0x00,0x00,0x00,
  0x00,0x00,0x00,0x00,0x3f,0xff,0xff,0xfe,0x00,0x00,0x03,0xff,0xff,0xff,0x90,0x00,0x00,0x00,0x00,0x00,
  0x00,0x00,0x00,0x00,0xaf,0xff,0xff,0xf4,0x00,0x00,0x9f,0xff,0xff,0xe1,0x00,0x00,0x00,0x00,0x00,0x00,
  0x00,0x00,0x00,0x04,0xff,0xff,0xff,0x70,0x00,0x0e,0xff,0xff,0xf8,0x00,0x00,0x00,0x00,0x00,0x00,0x00,
  0x00,0x00,0x00,0x0e,0xff,0xff,0xfa,0x00,0x04,0xff,0xff,0xff,0x10,0x00,0x00,0x00,0x00,0x00,0x00,0x00,
  0x00,0x00,0x00,0x68,0x88,0x88,0x60,0x00,0x9f,0xff,0xff,0xb0,0x00,0x00,0x00,0x00,0x00,0x00,0x00,0x00,
  0x00,0x00,0x00,0x00,0x00,0x00,0x00,0x0d,0xff,0xff,0xf6,0x00,0x00,0x00,0x00,0x00,0x00,0x00,0x00,0x00,
  0x00,0x00,0x00,0x00,0x00,0x00,0x01,0xff,0xff,0xff,0x10,0x00,0x00,0x00,0x00,0x00,0x00,0x00,0x00,0x00,
  0x00,0x00,0x00,0x00,0x00,0x00,0x4f,0xff,0xff,0xd0,0x00,0x00,0x00,0x00,0x00,0x00,0x00,0x00,0x00,0x00,
  0x00,0x00,0x00,0x00,0x00,0x07,0xff,0xff,0xfa,0x00,0x00,0x00,0x00,0x00,0x00,0x00,0x00,0x00,0x00,0x00,
  0x00,0x00,0x00,0x00,0x00,0xaf,0xff,0xff,0x70,0x00,0x00,0x00,0x37,0xad,0xef,0xfe,0xca,0x62,0x00,0x00,
  0x00,0x00,0x00,0x00,0x0c,0xff,0xff,0xf5,0x00,0x00,0x17,0xdf,0xff,0xff,0xff,0xff,0xff,0xfc,0x50,0x00,
  0x00,0x00,0x00,0x00,0xef,0xff,0xff,0x30,0x00,0x6e,0xff,0xff,0xff,0xff,0xff,0xff,0xff,0xff,0xc3,0x00,
  0x00,0x00,0x00,0x1f,0xff,0xff,0xf2,0x01,0xaf,0xff,0xff,0xff,0xff,0xff,0xff,0xff,0xff,0xff,0xf7,0x00,
  0x00,0x00,0x02,0xff,0xff,0xff,0x11,0xcf,0xff,0xff,0xff,0xff,0xff,0xff,0xff,0xff,0xff,0xff,0xf9,0x00,
  0x00,0x00,0x3f,0xff,0xff,0xf1,0xcf,0xff,0xff,0xff,0xff,0xfe,0xef,0xff,0xff,0xff,0xff,0xff,0xf9,0x00,
  0x00,0x04,0xff,0xff,0xff,0x9f,0xff,0xff,0xff,0xc7,0x31,0x00,0x03,0x7c,0xff,0xff,0xff,0xff,0xf6,0x00,
  0x00,0x5f,0xff,0xff,0xff,0xff,0xff,0xfd,0x40,0x00,0x00,0x00,0x00,0x04,0xdf,0xff,0xff,0xff,0xf3,0x00,
  0x06,0xff,0xff,0xff,0xff,0xff,0xf9,0x10,0x00,0x00,0x00,0x00,0x00,0x01,0xaf,0xff,0xff,0xff,0xc0,0x00,
  0x6f,0xff,0xff,0xff,0xff,0xf8,0x00,0x00,0x00,0x00,0x00,0x00,0x00,0x00,0x9f,0xff,0xff,0xff,0x50,0x06,
  0xff,0xff,0xff,0xff,0xf9,0x00,0x00,0x00,0x00,0x00,0x00,0x00,0x00,0x00,0xbf,0xff,0xff,0xfc,0x00,0x6f,
  0xff,0xff,0xff,0xfd,0x10,0x00,0x00,0x00,0x00,0x00,0x00,0x00,0x00,0x02,0xef,0xff,0xff,0xf2,0x06,0xff,
  0xff,0xff,0xff,0x50,0x00,0x00,0x00,0x00,0x00,0x00,0x00,0x00,0x00,0x07,0xff,0xff,0xff,0x70,0x5f,0xff,
  0xff,0xff,0xc0,0x00,0x00,0x00,0x00,0x00,0x00,0x00,0x00,0x00,0x00,0x1f,0xff,0xff,0xfb,0x04,0xff,0xff,
  0xff,0xf7,0x00,0x00,0x00,0x00,0x00,0x00,0x00,0x00,0x00,0x00,0x00,0xbf,0xff,0xff,0xe0,0x3f,0xff,0xff,
  0xff,0x30,0x00,0x00,0x00,0x00,0x00,0x00,0x00,0x00,0x00,0x00,0x07,0xff,0xff,0xff,0x22,0xff,0xff,0xff,
  0xf0,0x00,0x00,0x00,0x00,0x00,0x00,0x00,0x00,0x00,0x00,0x00,0x4f,0xff,0xff,0xf3,0x0f,0xff,0xff,0xfd,
  0x00,0x00,0x00,0x00,0x00,0x00,0x00,0x00,0x00,0x00,0x00,0x03,0xff,0xff,0xff,0x40,0xcf,0xff,0xff,0xd0,
  0x00,0x00,0x00,0x00,0x00,0x00,0x00,0x00,0x00,0x00,0x00,0x3f,0xff,0xff,0xf4,0x0a,0xff,0xff,0xfe,0x00,
  0x00,0x00,0x00,0x00,0x00,0x00,0x00,0x00,0x00,0x00,0x03,0xff,0xff,0xff,0x40,0x7f,0xff,0xff,0xf0,0x00,
  0x00,0x00,0x00,0x00,0x00,0x00,0x00,0x00,0x00,0x00,0x5f,0xff,0xff,0xf3,0x03,0xff,0xff,0xff,0x30,0x00,
  0x00,0x00,0x00,0x00,0x00,0x00,0x00,0x00,0x00,0x08,0xff,0xff,0xff,0x10,0x0e,0xff,0xff,0xf8,0x00,0x00,
  0x00,0x00,0x00,0x00,0x00,0x00,0x00,0x00,0x00,0xcf,0xff,0xff,0xe0,0x00,0xaf,0xff,0xff,0xd0,0x00,0x00,
  0x00,0x00,0x00,0x00,0x00,0x00,0x00,0x00,0x3f,0xff,0xff,0xfa,0x00,0x04,0xff,0xff,0xff,0x50,0x00,0x00,
  0x00,0x00,0x00,0x00,0x00,0x00,0x00,0x0a,0xff,0xff,0xff,0x60,0x00,0x0d,0xff,0xff,0xfd,0x10,0x00,0x00,
  0x00,0x00,0x00,0x00,0x00,0x00,0x04,0xff,0xff,0xff,0xf1,0x00,0x00,0x7f,0xff,0xff,0xfa,0x00,0x00,0x00,
  0x00,0x00,0x00,0x00,0x00,0x01,0xdf,0xff,0xff,0xfa,0x00,0x00,0x01,0xef,0xff,0xff,0xf9,0x00,0x00,0x00,
  0x00,0x00,0x00,0x00,0x01,0xcf,0xff,0xff,0xff,0x30,0x00,0x00,0x06,0xff,0xff,0xff,0xfa,0x10,0x00,0x00,
  0x00,0x00,0x00,0x03,0xdf,0xff,0xff,0xff,0x90,0x00,0x00,0x00,0x0b,0xff,0xff,0xff,0xfd,0x50,0x00,0x00,
  0x00,0x00,0x18,0xff,0xff,0xff,0xff,0xd1,0x00,0x00,0x00,0x00,0x2e,0xff,0xff,0xff,0xff,0xd8,0x42,0x11,
  0x25,0x9e,0xff,0xff,0xff,0xff,0xf4,0x00,0x00,0x00,0x00,0x00,0x3e,0xff,0xff,0xff,0xff,0xff,0xff,0xff,
  0xff,0xff,0xff,0xff,0xff,0xf5,0x00,0x00,0x00,0x00,0x00,0x00,0x4e,0xff,0xff,0xff,0xff,0xff,0xff,0xff,
  0xff,0xff,0xff,0xff,0xe5,0x00,0x00,0x00,0x00,0x00,0x00,0x00,0x3d,0xff,0xff,0xff,0xff,0xff,0xff,0xff,
  0xff,0xff,0xff,0xd3,0x00,0x00,0x00,0x00,0x00,0x00,0x00,0x00,0x18,0xff,0xff,0xff,0xff,0xff,0xff,0xff,
  0xff,0xfe,0x70,0x00,0x00,0x00,0x00,0x00,0x00,0x00,0x00,0x00,0x02,0x8e,0xff,0xff,0xff,0xff,0xff,0xff,
  0xd7,0x10,0x00,0x00,0x00,0x00,0x00,0x00,0x00,0x00,0x00,0x00,0x00,0x03,0x7a,0xcd,0xdd,0xcb,0x96,0x20,
  0x00,0x00,0x00,0x00,0x00,0x00,0x44,0x44,0x44,0x44,0x44,0x44,0x44,0x44,0x44,0x44,0x44,0x44,0x44,0x44,
  0x44,0x44,0x44,0x43,0xdf,0xff,0xff,0xff,0xff,0xff,0xff,0xff,0xff,0xff,0xff,0xff,0xff,0xff,0xff,0xff,
  0xff,0xf9,0xdf,0xff,0xff,0xff,0xff,0xff,0xff,0xff,0xff,0xff,0xff,0xff,0xff,0xff,0xff,0xff,0xff,0xf9,
  0xdf,0xff,0xff,0xff,0xff,0xff,0xff,0xff,0xff,0xff,0xff,0xff,0xff,0xff,0xff,0xff,0xff,0xf9,0xdf,0xff,
  0xff,0xff,0xff,0xff,0xff,0xff,0xff,0xff,0xff,0xff,0xff,0xff,0xff,0xff,0xff,0xf9,0xdf,0xff,0xff,0xff,
  0xff,0xff,0xff,0xff,0xff,0xff,0xff,0xff,0xff,0xff,0xff,0xff,0xff,0xf9,0x9a,0xaa,0xaa,0xaa,0xaa,0xaa,
  0xaa,0xaa,0xaa,0xaa,0xaa,0xaa,0xaa,0xaa,0xbf,0xff,0xff,0xf9,0x00,0x00,0x00,0x00,0x00,0x00,0x00,0x00,
  0x00,0x00,0x00,0x00,0x00,0x00,0x8f,0xff,0xff,0xf5,0x00,0x00,0x00,0x00,0x00,0x00,0x00,0x00,0x00,0x00,
  0x00,0x00,0x00,0x01,0xef,0xff,0xff,0xc0,0x00,0x00,0x00,0x00,0x00,0x00,0x00,0x00,0x00,0x00,0x00,0x00,
  0x00,0x08,0xff,0xff,0xff,0x50,0x00,0x00,0x00,0x00,0x00,0x00,0x00,0x00,0x00,0x00,0x00,0x00,0x00,0x1e,
  0xff,0xff,0xfc,0x00,0x00,0x00,0x00,0x00,0x00,0x00,0x00,0x00,0x00,0x00,0x00,0x00,0x00,0x9f,0xff,0xff,
  0xf5,0x00,0x00,0x00,0x00,0x00,0x00,0x00,0x00,0x00,0x00,0x00,0x00,0x00,0x02,0xff,0xff,0xff,0xc0,0x00,
  0x00,0x00,0x00,0x00,0x00,0x00,0x00,0x00,0x00,0x00,0x00,0x00,0x09,0xff,0xff,0xff,0x50,0x00,0x00,0x00,
  0x00,0x00,0x00,0x00,0x00,0x00,0x00,0x00,0x00,0x00,0x2f,0xff,0xff,0xfc,0x00,0x00,0x00,0x00,0x00,0x00,
  0x00,0x00,0x00,0x00,0x00,0x00,0x00,0x00,0x9f,0xff,0xff,0xf5,0x00,0x00,0x00,0x00,0x00,0x00,0x00,0x00,
  0x00,0x00,0x00,0x00,0x00,0x02,0xff,0xff,0xff,0xc0,0x00,0x00,0x00,0x00,0x00,0x00,0x00,0x00,0x00,0x00,
  0x00,0x00,0x00,0x09,0xff,0xff,0xff,0x50,0x00,0x00,0x00,0x00,0x00,0x00,0x00,0x00,0x00,0x00,0x00,0x00,
  0x00,0x2f,0xff,0xff,0xfc,0x00,0x00,0x00,0x00,0x00,0x00,0x00,0x00,0x00,0x00,0x00,0x00,0x00,0x00,0x9f,
  0xff,0xff,0xf4,0x00,0x00,0x00,0x00,0x00,0x00,0x00,0x00,0x00,0x00,0x00,0x00,0x00,0x02,0xff,0xff,0xff,
  0xc0,0x00,0x00,0x00,0x00,0x00,0x00,0x00,0x00,0x00,0x00,0x00,0x00,0x00,0x09,0xff,0xff,0xff,0x40,0x00,
  0x00,0x00,0x00,0x00,0x00,0x00,0x00,0x00,0x00,0x00,0x00,0x00,0x2f,0xff,0xff,0xfc,0x00,0x00,0x00,0x00,
  0x00,0x00,0x00,0x00,0x00,0x00,0x00,0x00,0x00,0x00,0xaf,0xff,0xff,0xf4,0x00,0x00,0x00,0x00,0x00,0x00,
  0x00,0x00,0x00,0x00,0x00,0x00,0x00,0x02,0xff,0xff,0xff,0xc0,0x00,0x00,0x00,0x00,0x00,0x00,0x00,0x00,
  0x00,0x00,0x00,0x00,0x00,0x0a,0xff,0xff,0xff,0x40,0x00,0x00,0x00,0x00,0x00,0x00,0x00,0x00,0x00,0x00,
  0x00,0x00,0x00,0x2f,0xff,0xff,0xfc,0x00,0x00,0x00,0x00,0x00,0x00,0x00,0x00,0x00,0x00,0x00,0x00,0x00,
  0x00,0xaf,0xff,0xff,0xf4,0x00,0x00,0x00,0x00,0x00,0x00,0x00,0x00,0x00,0x00,0x00,0x00,0x00,0x03,0xff,
  0xff,0xff,0xc0,0x00,0x00,0x00,0x00,0x00,0x00,0x00,0x00,0x00,0x00,0x00,0x00,0x00,0x0a,0xff,0xff,0xff,
  0x40,0x00,0x00,0x00,0x00,0x00,0x00,0x00,0x00,0x00,0x00,0x00,0x00,0x00,0x3f,0xff,0xff,0xfb,0x00,0x00,
  0x00,0x00,0x00,0x00,0x00,0x00,0x00,0x00,0x00,0x00,0x00,0x00,0xaf,0xff,0xff,0xf4,0x00,0x00,0x00,0x00,
  0x00,0x00,0x00,0x00,0x00,0x00,0x00,0x00,0x00,0x03,0xff,0xff,0xff,0xb0,0x00,0x00,0x00,0x00,0x00,0x00,
  0x00,0x00,0x00,0x00,0x00,0x00,0x00,0x0a,0xff,0xff,0xff,0x40,0x00,0x00,0x00,0x00,0x00,0x00,0x00,0x00,
  0x00,0x00,0x00,0x00,0x00,0x3f,0xff,0xff,0xfb,0x00,0x00,0x00,0x00,0x00,0x00,0x00,0x00,0x00,0x00,0x00,
  0x00,0x00,0x00,0xbf,0xff,0xff,0xf4,0x00,0x00,0x00,0x00,0x00,0x00,0x00,0x00,0x00,0x00,0x00,0x00,0x00,
  0x03,0xff,0xff,0xff,0xb0,0x00,0x00,0x00,0x00,0x00,0x00,0x00,0x00,0x00,0x00,0x00,0x00,0x00,0x0b,0xff,
  0xff,0xff,0x40,0x00,0x00,0x00,0x00,0x00,0x00,0x00,0x00,0x00,0x00,0x00,0x00,0x00,0x3f,0xff,0xff,0xfb,
  0x00,0x00,0x00,0x00,0x00,0x00,0x00,0x00,0x00,0x00,0x00,0x00,0x00,0x00,0xbf,0xff,0xff,0xf4,0x00,0x00,
  0x00,0x00,0x00,0x00,0x00,0x00,0x00,0x00,0x00,0x00,0x00,0x03,0xff,0xff,0xff,0xb0,0x00,0x00,0x00,0x00,
  0x00,0x00,0x00,0x00,0x00,0x00,0x00,0x00,0x00,0x0b,0xff,0xff,0xff,0x40,0x00,0x00,0x00,0x00,0x00,0x00,
  0x00,0x00,0x00,0x00,0x00,0x00,0x00,0x4f,0xff,0xff,0xfb,0x00,0x00,0x00,0x00,0x00,0x00,0x00,0x00,0x00,
  0x00,0x00,0x00,0x00,0x00,0xbf,0xff,0xff,0xf3,0x00,0x00,0x00,0x00,0x00,0x00,0x00,0x00,0x00,0x00,0x00,
  0x00,0x00,0x04,0xff,0xff,0xff,0xb0,0x00,0x00,0x00,0x00,0x00,0x00,0x00,0x00,0x00,0x00,0x00,0x00,0x00,
  0x0b,0xff,0xff,0xff,0x30,0x00,0x00,0x00,0x00,0x00,0x00,0x00,0x00,0x00,0x00,0x00,0x00,0x00,0x4f,0xff,
  0xff,0xfb,0x00,0x00,0x00,0x00,0x00,0x00,0x00,0x00,0x00,0x00,0x00,0x00,0x00,0x00,0xcf,0xff,0xff,0xf3,
  0x00,0x00,0x00,0x00,0x00,0x00,0x00,0x00,0x00,0x00,0x00,0x00,0x00,0x04,0xff,0xff,0xff,0xb0,0x00,0x00,
  0x00,0x00,0x00,0x00,0x00,0x00,0x00,0x00,0x00,0x00,0x00,0x0c,0xff,0xff,0xff,0x30,0x00,0x00,0x00,0x00,
  0x00,0x00,0x00,0x00,0x00,0x00,0x00,0x00,0x00,0x4f,0xff,0xff,0xfb,0x00,0x00,0x00,0x00,0x00,0x00,0x00,
  0x00,0x00,0x00,0x00,0x00,0x00,0x00,0xcf,0xff,0xff,0xf3,0x00,0x00,0x00,0x00,0x00,0x00,0x00,0x00,0x00,
  0x00,0x00,0x00,0x00,0x04,0xff,0xff,0xff,0xb0,0x00,0x00,0x00,0x00,0x00,0x00,0x00,0x00,0x00,0x00,0x00,
  0x00,0x00,0x0c,0xff,0xff,0xff,0x30,0x00,0x00,0x00,0x00,0x00,0x00,0x00,0x00,0x00,0x00,0x00,0x00,0x00,
  0x5f,0xff,0xff,0xfa,0x00,0x00,0x00,0x00,0x00,0x00,0x00,0x00,0x00,0x00,0x00,0x00,0x00,0x00,0xcf,0xff,
  0xff,0xf3,0x00,0x00,0x00,0x00,0x00,0x00,0x00,0x00,0x00,0x00,0x00,0x00,0x00,0x00,0x00,0x00,0x00,0x00,
  0x00,0x00,0x01,0x23,0x21,0x00,0x00,0x00,0x00,0x00,0x00,0x00,0x00,0x00,0x00,0x00,0x00,0x00,0x00,0x01,
  0x59,0xcf,0xff,0xff,0xfe,0xc8,0x40,0x00,0x00,0x00,0x00,0x00,0x00,0x00,0x00,0x00,0x00,0x00,0x29,0xef,
  0xff,0xff,0xff,0xff,0xff,0xff,0xd7,0x10,0x00,0x00,0x00,0x00,0x00,0x00,0x00,0x00,0x00,0x8f,0xff,0xff,
  0xff,0xff,0xff,0xff,0xff,0xff,0xfe,0x50,0x00,0x00,0x00,0x00,0x00,0x00,0x00,0x02,0xcf,0xff,0xff,0xff,
  0xff,0xff,0xff,0xff,0xff,0xff,0xff,0x90,0x00,0x00,0x00,0x00,0x00,0x00,0x03,0xef,0xff,0xff,0xff,0xff,
  0xff,0xff,0xff,0xff,0xff,0xff,0xff,0xb1,0x00,0x00,0x00,0x00,0x00,0x02,0xef,0xff,0xff,0xff,0xff,0xec,
  0xba,0xbd,0xff,0xff,0xff,0xff,0xff,0xb0,0x00,0x00,0x00,0x00,0x00,0xcf,0xff,0xff,0xff,0xf9,0x40,0x00,
  0x00,0x01,0x5b,0xff,0xff,0xff,0xff,0x80,0x00,0x00,0x00,0x00,0x7f,0xff,0xff,0xff,0xc2,0x00,0x00,0x00,
  0x00,0x00,0x05,0xef,0xff,0xff,0xff,0x30,0x00,0x00,0x00,0x1e,0xff,0xff,0xff,0xa0,0x00,0x00,0x00,0x00,
  0x00,0x00,0x02,0xdf,0xff,0xff,0xfb,0x00,0x00,0x00,0x07,0xff,0xff,0xff,0xc0,0x00,0x00,0x00,0x00,0x00,
  0x00,0x00,0x02,0xef,0xff,0xff,0xf2,0x00,0x00,0x00,0xcf,0xff,0xff,0xf3,0x00,0x00,0x00,0x00,0x00,0x00,
  0x00,0x00,0x07,0xff,0xff,0xff,0x70,0x00,0x00,0x1f,0xff,0xff,0xfa,0x00,0x00,0x00,0x00,0x00,0x00,0x00,
  0x00,0x00,0x1e,0xff,0xff,0xfb,0x00,0x00,0x04,0xff,0xff,0xff,0x60,0x00,0x00,0x00,0x00,0x00,0x00,0x00,
  0x00,0x00,0xbf,0xff,0xff,0xe0,0x00,0x00,0x5f,0xff,0xff,0xf3,0x00,0x00,0x00,0x00,0x00,0x00,0x00,0x00,
  0x00,0x08,0xff,0xff,0xff,0x00,0x00,0x06,0xff,0xff,0xff,0x10,0x00,0x00,0x00,0x00,0x00,0x00,0x00,0x00,
  0x00,0x6f,0xff,0xff,0xf1,0x00,0x00,0x6f,0xff,0xff,0xf1,0x00,0x00,0x00,0x00,0x00,0x00,0x00,0x00,0x00,
  0x06,0xff,0xff,0xff,0x00,0x00,0x04,0xff,0xff,0xff,0x20,0x00,0x00,0x00,0x00,0x00,0x00,0x00,0x00,0x00,
  0x7f,0xff,0xff,0xe0,0x00,0x00,0x2f,0xff,0xff,0xf5,0x00,0x00,0x00,0x00,0x00,0x00,0x00,0x00,0x00,0x0a,
  0xff,0xff,0xfc,0x00,0x00,0x00,0xef,0xff,0xff,0x90,0x00,0x00,0x00,0x00,0x00,0x00,0x00,0x00,0x00,0xef,
  0xff,0xff,0x80,0x00,0x00,0x09,0xff,0xff,0xfe,0x10,0x00,0x00,0x00,0x00,0x00,0x00,0x00,0x00,0x5f,0xff,
  0xff,0xf4,0x00,0x00,0x00,0x3f,0xff,0xff,0xfa,0x00,0x00,0x00,0x00,0x00,0x00,0x00,0x00,0x1d,0xff,0xff,
  0xfc,0x00,0x00,0x00,0x00,0x9f,0xff,0xff,0xf7,0x00,0x00,0x00,0x00,0x00,0x00,0x00,0x0b,0xff,0xff,0xff,
  0x40,0x00,0x00,0x00,0x01,0xdf,0xff,0xff,0xf8,0x00,0x00,0x00,0x00,0x00,0x00,0x2b,0xff,0xff,0xff,0x90,
  0x00,0x00,0x00,0x00,0x03,0xef,0xff,0xff,0xfd,0x50,0x00,0x00,0x00,0x01,0x7e,0xff,0xff,0xff,0xb0,0x00,
  0x00,0x00,0x00,0x00,0x03,0xdf,0xff,0xff,0xff,0xea,0x86,0x67,0x8b,0xff,0xff,0xff,0xff,0xa1,0x00,0x00,
  0x00,0x00,0x00,0x00,0x01,0xaf,0xff,0xff,0xff,0xff,0xff,0xff,0xff,0xff,0xff,0xfe,0x60,0x00,0x00,0x00,
  0x00,0x00,0x00,0x00,0x00,0x39,0xdf,0xff,0xff,0xff,0xff,0xff,0xff,0xff,0xc7,0x10,0x00,0x00,0x00,0x00,
  0x00,0x00,0x00,0x00,0x03,0x8b,0xff,0xff,0xff,0xff,0xff,0xff,0xff,0xea,0x61,0x00,0x00,0x00,0x00,0x00,
  0x00,0x00,0x00,0x3b,0xff,0xff,0xff,0xff,0xff,0xff,0xff,0xff,0xff,0xff,0xf9,0x10,0x00,0x00,0x00,0x00,
  0x00,0x00,0x9f,0xff,0xff,0xff,0xff,0xff,0xff,0xff,0xff,0xff,0xff,0xff,0xfe,0x50,0x00,0x00,0x00,0x00,
  0x01,0xbf,0xff,0xff,0xff,0xff,0xc9,0x65,0x55,0x79,0xdf,0xff,0xff,0xff,0xff,0x70,0x00,0x00,0x00,0x00,
  0xbf,0xff,0xff,0xff,0xe7,0x10,0x00,0x00,0x00,0x00,0x39,0xff,0xff,0xff,0xff,0x70,0x00,0x00,0x00,0x9f,
  0xff,0xff,0xff,0x91,0x00,0x00,0x00,0x00,0x00,0x00,0x03,0xcf,0xff,0xff,0xff,0x40,0x00,0x00,0x4f,0xff,
  0xff,0xff,0x60,0x00,0x00,0x00,0x00,0x00,0x00,0x00,0x00,0xaf,0xff,0xff,0xfd,0x10,0x00,0x0c,0xff,0xff,
  0xff,0x70,0x00,0x00,0x00,0x00,0x00,0x00,0x00,0x00,0x00,0xbf,0xff,0xff,0xf8,0x00,0x04,0xff,0xff,0xff,
  0xa0,0x00,0x00,0x00,0x00,0x00,0x00,0x00,0x00,0x00,0x01,0xef,0xff,0xff,0xe1,0x00,0xaf,0xff,0xff,0xf2,
  0x00,0x00,0x00,0x00,0x00,0x00,0x00,0x00,0x00,0x00,0x07,0xff,0xff,0xff,0x60,0x0e,0xff,0xff,0xfb,0x00,
  0x00,0x00,0x00,0x00,0x00,0x00,0x00,0x00,0x00,0x00,0x1f,0xff,0xff,0xfa,0x02,0xff,0xff,0xff,0x60,0x00,
  0x00,0x00,0x00,0x00,0x00,0x00,0x00,0x00,0x00,0x00,0xbf,0xff,0xff,0xd0,0x5f,0xff,0xff,0xf3,0x00,0x00,
  0x00,0x00,0x00,0x00,0x00,0x00,0x00,0x00,0x00,0x08,0xff,0xff,0xff,0x16,0xff,0xff,0xff,0x20,0x00,0x00,
  0x00,0x00,0x00,0x00,0x00,0x00,0x00,0x00,0x00,0x7f,0xff,0xff,0xf2,0x6f,0xff,0xff,0xf2,0x00,0x00,0x00,
  0x00,0x00,0x00,0x00,0x00,0x00,0x00,0x00,0x07,0xff,0xff,0xff,0x25,0xff,0xff,0xff,0x30,0x00,0x00,0x00,
  0x00,0x00,0x00,0x00,0x00,0x00,0x00,0x00,0x9f,0xff,0xff,0xf1,0x4f,0xff,0xff,0xf6,0x00,0x00,0x00,0x00,
  0x00,0x00,0x00,0x00,0x00,0x00,0x00,0x0b,0xff,0xff,0xff,0x01,0xff,0xff,0xff,0xb0,0x00,0x00,0x00,0x00,
  0x00,0x00,0x00,0x00,0x00,0x00,0x01,0xff,0xff,0xff,0xc0,0x0c,0xff,0xff,0xff,0x30,0x00,0x00,0x00,0x00,
  0x00,0x00,0x00,0x00,0x00,0x00,0x8f,0xff,0xff,0xf8,0x00,0x7f,0xff,0xff,0xfc,0x00,0x00,0x00,0x00,0x00,
  0x00,0x00,0x00,0x00,0x00,0x3e,0xff,0xff,0xff,0x30,0x01,0xef,0xff,0xff,0xfa,0x00,0x00,0x00,0x00,0x00,
  0x00,0x00,0x00,0x00,0x2d,0xff,0xff,0xff,0xc0,0x00,0x08,0xff,0xff,0xff,0xfb,0x10,0x00,0x00,0x00,0x00,
  0x00,0x00,0x00,0x4d,0xff,0xff,0xff,0xf4,0x00,0x00,0x1d,0xff,0xff,0xff,0xfe,0x71,0x00,0x00,0x00,0x00,
  0x00,0x02,0x9f,0xff,0xff,0xff,0xf9,0x00,0x00,0x00,0x3e,0xff,0xff,0xff,0xff,0xfa,0x74,0x21,0x11,0x25,
  0x8c,0xff,0xff,0xff,0xff,0xfc,0x10,0x00,0x00,0x00,0x4e,0xff,0xff,0xff,0xff,0xff,0xff,0xff,0xff,0xff,
  0xff,0xff,0xff,0xff,0xfd,0x10,0x00,0x00,0x00,0x00,0x3d,0xff,0xff,0xff,0xff,0xff,0xff,0xff,0xff,0xff,
  0xff,0xff,0xff,0xfb,0x10,0x00,0x00,0x00,0x00,0x00,0x1a,0xff,0xff,0xff,0xff,0xff,0xff,0xff,0xff,0xff,
  0xff,0xff,0xf8,0x00,0x00,0x00,0x00,0x00,0x00,0x00,0x04,0xcf,0xff,0xff,0xff,0xff,0xff,0xff,0xff,0xff,
  0xff,0xa2,0x00,0x00,0x00,0x00,0x00,0x00,0x00,0x00,0x00,0x4a,0xef,0xff,0xff,0xff,0xff,0xff,0xff,0xd8,
  0x20,0x00,0x00,0x00,0x00,0x00,0x00,0x00,0x00,0x00,0x00,0x00,0x37,0x9b,0xcd,0xdd,0xcb,0x96,0x20,0x00,
  0x00,0x00,0x00,0x00,0x00,0x00,0x00,0x00,0x00,0x00,0x00,0x00,0x00,0x12,0x23,0x21,0x00,0x00,0x00,0x00,
  0x00,0x00,0x00,0x00,0x00,0x00,0x00,0x00,0x00,0x00,0x03,0x7b,0xdf,0xff,0xff,0xfe,0xb7,0x30,0x00,0x00,
  0x00,0x00,0x00,0x00,0x00,0x00,0x00,0x00,0x00,0x6c,0xff,0xff,0xff,0xff,0xff,0xff,0xff,0xc5,0x00,0x00,
  0x00,0x00,0x00,0x00,0x00,0x00,0x00,0x04,0xdf,0xff,0xff,0xff,0xff,0xff,0xff,0xff,0xff,0xfc,0x20,0x00,
  0x00,0x00,0x00,0x00,0x00,0x00,0x09,0xff,0xff,0xff,0xff,0xff,0xff,0xff,0xff,0xff,0xff,0xfe,0x50,0x00,
  0x00,0x00,0x00,0x00,0x00,0x1b,0xff,0xff,0xff,0xff,0xff,0xff,0xff,0xff,0xff,0xff,0xff,0xff,0x60,0x00,
  0x00,0x00,0x00,0x00,0x0b,0xff,0xff,0xff,0xff,0xff,0xfd,0xcb,0xdf,0xff,0xff,0xff,0xff,0xff,0x50,0x00,
  0x00,0x00,0x00,0x0a,0xff,0xff,0xff,0xff,0xfa,0x41,0x00,0x00,0x04,0x9f,0xff,0xff,0xff,0xff,0x30,0x00,
  0x00,0x00,0x05,0xff,0xff,0xff,0xff,0xb2,0x00,0x00,0x00,0x00,0x00,0x2a,0xff,0xff,0xff,0xfd,0x00,0x00,
  0x00,0x01,0xef,0xff,0xff,0xff,0x70,0x00,0x00,0x00,0x00,0x00,0x00,0x06,0xff,0xff,0xff,0xf7,0x00,0x00,
  0x00,0x8f,0xff,0xff,0xff,0x60,0x00,0x00,0x00,0x00,0x00,0x00,0x00,0x05,0xff,0xff,0xff,0xe1,0x00,0x00,
  0x1e,0xff,0xff,0xff,0x90,0x00,0x00,0x00,0x00,0x00,0x00,0x00,0x00,0x08,0xff,0xff,0xff,0x80,0x00,0x05,
  0xff,0xff,0xff,0xd0,0x00,0x00,0x00,0x00,0x00,0x00,0x00,0x00,0x00,0x0c,0xff,0xff,0xfe,0x00,0x00,0xaf,
  0xff,0xff,0xf5,0x00,0x00,0x00,0x00,0x00,0x00,0x00,0x00,0x00,0x00,0x4f,0xff,0xff,0xf5,0x00,0x0e,0xff,
  0xff,0xfd,0x00,0x00,0x00,0x00,0x00,0x00,0x00,0x00,0x00,0x00,0x00,0xcf,0xff,0xff,0xa0,0x02,0xff,0xff,
  0xff,0x80,0x00,0x00,0x00,0x00,0x00,0x00,0x00,0x00,0x00,0x00,0x07,0xff,0xff,0xfe,0x00,0x4f,0xff,0xff,
  0xf5,0x00,0x00,0x00,0x00,0x00,0x00,0x00,0x00,0x00,0x00,0x00,0x4f,0xff,0xff,0xf3,0x05,0xff,0xff,0xff,
  0x20,0x00,0x00,0x00,0x00,0x00,0x00,0x00,0x00,0x00,0x00,0x01,0xff,0xff,0xff,0x60,0x6f,0xff,0xff,0xf1,
  0x00,0x00,0x00,0x00,0x00,0x00,0x00,0x00,0x00,0x00,0x00,0x0f,0xff,0xff,0xf9,0x06,0xff,0xff,0xff,0x10,
  0x00,0x00,0x00,0x00,0x00,0x00,0x00,0x00,0x00,0x00,0x00,0xff,0xff,0xff,0xb0,0x6f,0xff,0xff,0xf2,0x00,
  0x00,0x00,0x00,0x00,0x00,0x00,0x00,0x00,0x00,0x00,0x1f,0xff,0xff,0xfd,0x04,0xff,0xff,0xff,0x30,0x00,
  0x00,0x00,0x00,0x00,0x00,0x00,0x00,0x00,0x00,0x03,0xff,0xff,0xff,0xf0,0x2f,0xff,0xff,0xf7,0x00,0x00,
  0x00,0x00,0x00,0x00,0x00,0x00,0x00,0x00,0x00,0x6f,0xff,0xff,0xff,0x20,0xef,0xff,0xff,0xb0,0x00,0x00,
  0x00,0x00,0x00,0x00,0x00,0x00,0x00,0x00,0x0b,0xff,0xff,0xff,0xf3,0x0b,0xff,0xff,0xff,0x20,0x00,0x00,
  0x00,0x00,0x00,0x00,0x00,0x00,0x00,0x02,0xff,0xff,0xff,0xff,0x30,0x7f,0xff,0xff,0xf9,0x00,0x00,0x00,
  0x00,0x00,0x00,0x00,0x00,0x00,0x00,0xaf,0xff,0xff,0xff,0xf4,0x02,0xff,0xff,0xff,0xf4,0x00,0x00,0x00,
  0x00,0x00,0x00,0x00,0x00,0x00,0x5f,0xff,0xff,0xff,0xff,0x40,0x0a,0xff,0xff,0xff,0xe2,0x00,0x00,0x00,
  0x00,0x00,0x00,0x00,0x00,0x3e,0xff,0xff,0xff,0xff,0xf4,0x00,0x3f,0xff,0xff,0xff,0xd2,0x00,0x00,0x00,
  0x00,0x00,0x00,0x00,0x4e,0xff,0xff,0xff,0xff,0xff,0x40,0x00,0x9f,0xff,0xff,0xff,0xe6,0x00,0x00,0x00,
  0x00,0x00,0x00,0x8f,0xff,0xff,0xff,0xff,0xff,0xf4,0x00,0x01,0xdf,0xff,0xff,0xff,0xfc,0x51,0x00,0x00,
  0x00,0x16,0xdf,0xff,0xff,0xfe,0xff,0xff,0xff,0x30,0x00,0x03,0xef,0xff,0xff,0xff,0xff,0xeb,0x98,0x8a,
  0xcf,0xff,0xff,0xff,0xfe,0x6f,0xff,0xff,0xf2,0x00,0x00,0x04,0xef,0xff,0xff,0xff,0xff,0xff,0xff,0xff,
  0xff,0xff,0xff,0xff,0x54,0xff,0xff,0xff,0x10,0x00,0x00,0x03,0xef,0xff,0xff,0xff,0xff,0xff,0xff,0xff,
  0xff,0xff,0xff,0x50,0x5f,0xff,0xff,0xf0,0x00,0x00,0x00,0x01,0xaf,0xff,0xff,0xff,0xff,0xff,0xff,0xff,
  0xff,0xfc,0x30,0x06,0xff,0xff,0xfd,0x00,0x00,0x00,0x00,0x00,0x4c,0xff,0xff,0xff,0xff,0xff,0xff,0xff,
  0xd6,0x00,0x00,0x8f,0xff,0xff,0xc0,0x00,0x00,0x00,0x00,0x00,0x04,0x9d,0xff,0xff,0xff,0xff,0xd9,0x40,
  0x00,0x00,0x0a,0xff,0xff,0xf9,0x00,0x00,0x00,0x00,0x00,0x00,0x00,0x01,0x45,0x66,0x54,0x10,0x00,0x00,
  0x00,0x00,0xcf,0xff,0xff,0x70,0x00,0x00,0x00,0x00,0x00,0x00,0x00,0x00,0x00,0x00,0x00,0x00,0x00,0x00,
  0x00,0x0e,0xff,0xff,0xf4,0x00,0x00,0x00,0x00,0x00,0x00,0x00,0x00,0x00,0x00,0x00,0x00,0x00,0x00,0x00,
  0x03,0xff,0xff,0xff,0x10,0x00,0x00,0x00,0x00,0x00,0x00,0x00,0x00,0x00,0x00,0x00,0x00,0x00,0x00,0x00,
  0x7f,0xff,0xff,0xd0,0x00,0x00,0x00,0x00,0x00,0x00,0x00,0x00,0x00,0x00,0x00,0x00,0x00,0x00,0x00,0x0b,
  0xff,0xff,0xf9,0x00,0x00,0x00,0x00,0x00,0x00,0x00,0x00,0x00,0x00,0x00,0x00,0x00,0x00,0x00,0x02,0xff,
  0xff,0xff,0x50,0x02,0xcc,0xcc,0xcc,0x40,0x00,0x00,0x00,0x00,0x00,0x00,0x00,0x00,0x00,0x00,0x7f,0xff,
  0xff,0xf1,0x00,0x1f,0xff,0xff,0xf9,0x00,0x00,0x00,0x00,0x00,0x00,0x00,0x00,0x00,0x00,0x1e,0xff,0xff,
  0xfa,0x00,0x00,0xdf,0xff,0xff,0xe0,0x00,0x00,0x00,0x00,0x00,0x00,0x00,0x00,0x00,0x07,0xff,0xff,0xff,
  0x50,0x00,0x09,0xff,0xff,0xff,0x60,0x00,0x00,0x00,0x00,0x00,0x00,0x00,0x00,0x02,0xef,0xff,0xff,0xd0,
  0x00,0x00,0x3f,0xff,0xff,0xfd,0x10,0x00,0x00,0x00,0x00,0x00,0x00,0x00,0x01,0xcf,0xff,0xff,0xf6,0x00,
  0x00,0x00,0xcf,0xff,0xff,0xfa,0x00,0x00,0x00,0x00,0x00,0x00,0x00,0x01,0xbf,0xff,0xff,0xfd,0x00,0x00,
  0x00,0x05,0xff,0xff,0xff,0xfa,0x00,0x00,0x00,0x00,0x00,0x00,0x01,0xcf,0xff,0xff,0xff,0x50,0x00,0x00,
  0x00,0x0b,0xff,0xff,0xff,0xfc,0x30,0x00,0x00,0x00,0x00,0x06,0xef,0xff,0xff,0xff,0xa0,0x00,0x00,0x00,
  0x00,0x2e,0xff,0xff,0xff,0xff,0xb6,0x31,0x11,0x35,0x9e,0xff,0xff,0xff,0xff,0xd1,0x00,0x00,0x00,0x00,
  0x00,0x3e,0xff,0xff,0xff,0xff,0xff,0xff,0xff,0xff,0xff,0xff,0xff,0xff,0xe2,0x00,0x00,0x00,0x00,0x00,
  0x00,0x4e,0xff,0xff,0xff,0xff,0xff,0xff,0xff,0xff,0xff,0xff,0xff,0xd2,0x00,0x00,0x00,0x00,0x00,0x00,
  0x00,0x2c,0xff,0xff,0xff,0xff,0xff,0xff,0xff,0xff,0xff,0xff,0xc2,0x00,0x00,0x00,0x00,0x00,0x00,0x00,
  0x00,0x08,0xef,0xff,0xff,0xff,0xff,0xff,0xff,0xff,0xfe,0x70,0x00,0x00,0x00,0x00,0x00,0x00,0x00,0x00,
  0x00,0x01,0x7d,0xff,0xff,0xff,0xff,0xff,0xff,0xd7,0x10,0x00,0x00,0x00,0x00,0x00,0x00,0x00,0x00,0x00,
  0x00,0x00,0x03,0x69,0xbc,0xdd,0xdb,0x96,0x30,0x00,0x00,0x00,0x00,0x00,0x00,0x00,0x00,0x04,0x9b,0xa5,
  0x00,0x00,0x08,0xff,0xff,0xfb,0x10,0x06,0xff,0xff,0xff,0xf9,0x00,0xcf,0xff,0xff,0xff,0xf1,0x0f,0xff,
  0xff,0xff,0xff,0x30,0xff,0xff,0xff,0xff,0xf3,0x0b,0xff,0xff,0xff,0xfe,0x00,0x4f,0xff,0xff,0xff,0x70,
  0x00,0x5e,0xff,0xff,0x80,0x00,0x00,0x16,0x87,0x20,0x00,0x00,0x00,0x00,0x00,0x00,0x00,0x00,0x00,0x00,
  0x00,0x00,0x00,0x00,0x00,0x00,0x00,0x00,0x00,0x00,0x00,0x00,0x00,0x00,0x00,0x00,0x00,0x00,0x00,0x00,
  0x00,0x00,0x00,0x00,0x00,0x00,0x00,0x00,0x00,0x00,0x00,0x00,0x00,0x00,0x00,0x00,0x00,0x00,0x00,0x00,
  0x00,0x00,0x00,0x00,0x00,0x00,0x00,0x00,0x00,0x00,0x00,0x00,0x00,0x00,0x00,0x00,0x00,0x00,0x00,0x00,
  0x00,0x00,0x00,0x00,0x00,0x00,0x00,0x00,0x00,0x00,0x00,0x00,0x00,0x00,0x00,0x00,0x00,0x00,0x00,0x00,
  0x00,0x00,0x00,0x00,0x00,0x00,0x00,0x00,0x00,0x00,0x00,0x00,0x00,0x00,0x00,0x00,0x00,0x28,0xa8,0x40,
  0x00,0x00,0x7f,0xff,0xff,0xa0,0x00,0x5f,0xff,0xff,0xff,0x80,0x0c,0xff,0xff,0xff,0xfe,0x10,0xff,0xff,
  0xff,0xff,0xf3,0x0f,0xff,0xff,0xff,0xff,0x30,0xcf,0xff,0xff,0xff,0xe1,0x05,0xff,0xff,0xff,0xf8,0x00,
  0x06,0xff,0xff,0xf9,0x00,0x00,0x02,0x79,0x84,0x00,0x00,
};
static const aa::Glyph kTimeGlyphs[] = {
  { 0, 25, 7, 4, -26, 33 },
  { 88, 41, 58, 3, -57, 47 },
  { 1277, 21, 56, 2, -56, 28 },
  { 1865, 37, 57, 3, -57, 43 },
  { 2920, 40, 58, 3, -57, 45 },
  { 4080, 44, 56, 2, -56, 47 },
  { 5312, 38, 57, 3, -56, 44 },
  { 6395, 39, 58, 3, -57, 44 },
  { 7526, 36, 56, 2, -56, 39 },
  { 8534, 39, 58, 3, -57, 44 },
  { 9665, 39, 58, 3, -57, 44 },
  { 10796, 11, 39, 3, -47, 17 },
};
static const uint8_t kTimeIndex[256] = {
  0xff,0xff,0xff,0xff,0xff,0xff,0xff,0xff,0xff,0xff,0xff,0xff,0xff,0xff,0xff,0xff,0xff,0xff,0xff,0xff,
  0xff,0xff,0xff,0xff,0xff,0xff,0xff,0xff,0xff,0xff,0xff,0xff,0xff,0xff,0xff,0xff,0xff,0xff,0xff,0xff,
  0xff,0xff,0xff,0xff,0xff,0x00,0xff,0xff,0x01,0x02,0x03,0x04,0x05,0x06,0x07,0x08,0x09,0x0a,0x0b,0xff,
  0xff,0xff,0xff,0xff,0xff,0xff,0xff,0xff,0xff,0xff,0xff,0xff,0xff,0xff,0xff,0xff,0xff,0xff,0xff,0xff,
  0xff,0xff,0xff,0xff,0xff,0xff,0xff,0xff,0xff,0xff,0xff,0xff,0xff,0xff,0xff,0xff,0xff,0xff,0xff,0xff,
  0xff,0xff,0xff,0xff,0xff,0xff,0xff,0xff,0xff,0xff,0xff,0xff,0xff,0xff,0xff,0xff,0xff,0xff,0xff,0xff,
  0xff,0xff,0xff,0xff,0xff,0xff,0xff,0xff,0xff,0xff,0xff,0xff,0xff,0xff,0xff,0xff,0xff,0xff,0xff,0xff,
  0xff,0xff,0xff,0xff,0xff,0xff,0xff,0xff,0xff,0xff,0xff,0xff,0xff,0xff,0xff,0xff,0xff,0xff,0xff,0xff,
  0xff,0xff,0xff,0xff,0xff,0xff,0xff,0xff,0xff,0xff,0xff,0xff,0xff,0xff,0xff,0xff,0xff,0xff,0xff,0xff,
  0xff,0xff,0xff,0xff,0xff,0xff,0xff,0xff,0xff,0xff,0xff,0xff,0xff,0xff,0xff,0xff,0xff,0xff,0xff,0xff,
  0xff,0xff,0xff,0xff,0xff,0xff,0xff,0xff,0xff,0xff,0xff,0xff,0xff,0xff,0xff,0xff,0xff,0xff,0xff,0xff,
  0xff,0xff,0xff,0xff,0xff,0xff,0xff,0xff,0xff,0xff,0xff,0xff,0xff,0xff,0xff,0xff,0xff,0xff,0xff,0xff,
  0xff,0xff,0xff,0xff,0xff,0xff,0xff,0xff,0xff,0xff,0xff,0xff,0xff,0xff,0xff,0xff,
};
const aa::Font kFontTime = { kTimeBits, kTimeGlyphs, kTimeIndex, 74, 18, 56, 0 };

static const uint8_t kCodeBits[] = {
  0x00,0x00,0x00,0x00,0x00,0x12,0x21,0x00,0x00,0x00,0x00,0x00,0x00,0x00,0x00,0x03,0x9d,0xff,0xff,0xd9,
  0x30,0x00,0x00,0x00,0x00,0x00,0x01,0xaf,0xff,0xff,0xff,0xff,0xfa,0x10,0x00,0x00,0x00,0x00,0x2d,0xff,
  0xff,0xff,0xff,0xff,0xff,0xd2,0x00,0x00,0x00,0x01,0xdf,0xff,0xff,0xff,0xff,0xff,0xff,0xfd,0x10,0x00,
  0x00,0x0a,0xff,0xff,0xfa,0x31,0x13,0xaf,0xff,0xff,0xb0,0x00,0x00,0x4f,0xff,0xff,0x60,0x00,0x00,0x06,
  0xff,0xff,0xf5,0x00,0x00,0xcf,0xff,0xf8,0x00,0x00,0x00,0x00,0x8f,0xff,0xfc,0x00,0x03,0xff,0xff,0xe1,
  0x00,0x00,0x00,0x00,0x1e,0xff,0xff,0x30,0x08,0xff,0xff,0x80,0x00,0x00,0x00,0x00,0x08,0xff,0xff,0x80,
  0x0c,0xff,0xff,0x30,0x00,0x00,0x00,0x00,0x03,0xff,0xff,0xc0,0x0e,0xff,0xfe,0x00,0x00,0x00,0x00,0x00,
  0x00,0xef,0xff,0xf0,0x2f,0xff,0xfc,0x00,0x00,0x00,0x00,0x00,0x00,0xcf,0xff,0xf2,0x4f,0xff,0xfa,0x00,
  0x00,0x00,0x00,0x00,0x00,0xaf,0xff,0xf4,0x5f,0xff,0xf9,0x00,0x00,0x00,0x00,0x00,0x00,0x9f,0xff,0xf5,
  0x5f,0xff,0xf8,0x00,0x00,0x00,0x00,0x00,0x00,0x8f,0xff,0xf5,0x5f,0xff,0xf8,0x00,0x00,0x00,0x00,0x00,
  0x00,0x8f,0xff,0xf5,0x4f,0xff,0xf9,0x00,0x00,0x00,0x00,0x00,0x00,0x9f,0xff,0xf5,0x3f,0xff,0xfa,0x00,
  0x00,0x00,0x00,0x00,0x00,0xaf,0xff,0xf3,0x2f,0xff,0xfc,0x00,0x00,0x00,0x00,0x00,0x00,0xcf,0xff,0xf2,
  0x0e,0xff,0xfe,0x00,0x00,0x00,0x00,0x00,0x00,0xef,0xff,0xe0,0x0b,0xff,0xff,0x40,0x00,0x00,0x00,0x00,
  0x03,0xff,0xff,0xb0,0x07,0xff,0xff,0x90,0x00,0x00,0x00,0x00,0x09,0xff,0xff,0x70,0x02,0xff,0xff,0xe1,
  0x00,0x00,0x00,0x00,0x1e,0xff,0xff,0x20,0x00,0xbf,0xff,0xfa,0x00,0x00,0x00,0x00,0xaf,0xff,0xfb,0x00,
  0x00,0x3f,0xff,0xff,0x80,0x00,0x00,0x08,0xff,0xff,0xf4,0x00,0x00,0x09,0xff,0xff,0xfc,0x63,0x36,0xcf,
  0xff,0xff,0x90,0x00,0x00,0x01,0xcf,0xff,0xff,0xff,0xff,0xff,0xff,0xfc,0x10,0x00,0x00,0x00,0x1c,0xff,
  0xff,0xff,0xff,0xff,0xff,0xc1,0x00,0x00,0x00,0x00,0x00,0x8e,0xff,0xff,0xff,0xff,0xf8,0x00,0x00,0x00,
  0x00,0x00,0x00,0x01,0x7b,0xef,0xfe,0xb7,0x10,0x00,0x00,0x00,0x00,0x00,0x00,0x17,0x77,0x77,0x00,0x00,
  0x00,0x4d,0xff,0xff,0xf1,0x00,0x00,0x8f,0xff,0xff,0xff,0x10,0x03,0xcf,0xff,0xff,0xff,0xf1,0x07,0xff,
  0xff,0xff,0xff,0xff,0x1b,0xff,0xff,0xfe,0xff,0xff,0xf1,0xef,0xff,0xfb,0x2e,0xff,0xff,0x1e,0xff,0xe5,
  0x00,0xef,0xff,0xf1,0xef,0xa1,0x00,0x0e,0xff,0xff,0x1c,0x40,0x00,0x00,0xef,0xff,0xf1,0x00,0x00,0x00,
  0x0e,0xff,0xff,0x10,0x00,0x00,0x00,0xef,0xff,0xf1,0x00,0x00,0x00,0x0e,0xff,0xff,0x10,0x00,0x00,0x00,
  0xef,0xff,0xf1,0x00,0x00,0x00,0x0e,0xff,0xff,0x10,0x00,0x00,0x00,0xef,0xff,0xf1,0x00,0x00,0x00,0x0e,
  0xff,0xff,0x10,0x00,0x00,0x00,0xef,0xff,0xf1,0x00,0x00,0x00,0x0e,0xff,0xff,0x10,0x00,0x00,0x00,0xef,
  0xff,0xf1,0x00,0x00,0x00,0x0e,0xff,0xff,0x10,0x00,0x00,0x00,0xef,0xff,0xf1,0x00,0x00,0x00,0x0e,0xff,
  0xff,0x10,0x00,0x00,0x00,0xef,0xff,0xf1,0x00,0x00,0x00,0x0e,0xff,0xff,0x10,0x00,0x00,0x00,0xef,0xff,
  0xf1,0x00,0x00,0x00,0x0e,0xff,0xff,0x10,0x00,0x00,0x00,0xef,0xff,0xf1,0x00,0x00,0x00,0x0e,0xff,0xff,
  0x10,0x00,0x00,0x00,0xab,0xbb,0xb1,0x00,0x00,0x00,0x28,0xbe,0xff,0xeb,0x82,0x00,0x00,0x00,0x00,0x00,
  0x1a,0xff,0xff,0xff,0xff,0xff,0xa2,0x00,0x00,0x00,0x03,0xdf,0xff,0xff,0xff,0xff,0xff,0xfe,0x30,0x00,
  0x00,0x2e,0xff,0xff,0xff,0xff,0xff,0xff,0xff,0xe2,0x00,0x00,0xbf,0xff,0xff,0xa5,0x33,0x5a,0xff,0xff,
  0xfc,0x00,0x03,0xff,0xff,0xf5,0x00,0x00,0x00,0x4f,0xff,0xff,0x50,0x09,0xff,0xff,0x80,0x00,0x00,0x00,
  0x07,0xff,0xff,0xa0,0x0d,0xff,0xff,0x10,0x00,0x00,0x00,0x01,0xff,0xff,0xd0,0x1f,0xff,0xfb,0x00,0x00,
  0x00,0x00,0x00,0xdf,0xff,0xe0,0x2f,0xff,0xf9,0x00,0x00,0x00,0x00,0x00,0xdf,0xff,0xf0,0x14,0x44,0x42,
  0x00,0x00,0x00,0x00,0x00,0xff,0xff,0xd0,0x00,0x00,0x00,0x00,0x00,0x00,0x00,0x04,0xff,0xff,0xa0,0x00,
  0x00,0x00,0x00,0x00,0x00,0x00,0x0c,0xff,0xff,0x50,0x00,0x00,0x00,0x00,0x00,0x00,0x00,0x9f,0xff,0xfd,
  0x00,0x00,0x00,0x00,0x00,0x00,0x00,0x08,0xff,0xff,0xf4,0x00,0x00,0x00,0x00,0x00,0x00,0x00,0x8f,0xff,
  0xff,0x70,0x00,0x00,0x00,0x00,0x00,0x00,0x09,0xff,0xff,0xf9,0x00,0x00,0x00,0x00,0x00,0x00,0x01,0xbf,
  0xff,0xff,0xa0,0x00,0x00,0x00,0x00,0x00,0x00,0x1c,0xff,0xff,0xfa,0x00,0x00,0x00,0x00,0x00,0x00,0x02,
  0xdf,0xff,0xff,0x80,0x00,0x00,0x00,0x00,0x00,0x00,0x3e,0xff,0xff,0xf7,0x00,0x00,0x00,0x00,0x00,0x00,
  0x04,0xef,0xff,0xff,0x50,0x00,0x00,0x00,0x00,0x00,0x00,0x6f,0xff,0xff,0xe4,0x00,0x00,0x00,0x00,0x00,
  0x00,0x08,0xff,0xff,0xfe,0x30,0x00,0x00,0x00,0x00,0x00,0x00,0x9f,0xff,0xff,0xd2,0x00,0x00,0x00,0x00,
  0x00,0x00,0x1b,0xff,0xff,0xff,0x97,0x77,0x77,0x77,0x77,0x77,0x71,0x3f,0xff,0xff,0xff,0xff,0xff,0xff,
  0xff,0xff,0xff,0xf2,0x3f,0xff,0xff,0xff,0xff,0xff,0xff,0xff,0xff,0xff,0xf2,0x3f,0xff,0xff,0xff,0xff,
  0xff,0xff,0xff,0xff,0xff,0xf2,0x2b,0xbb,0xbb,0xbb,0xbb,0xbb,0xbb,0xbb,0xbb,0xbb,0xb1,0x00,0x00,0x00,
  0x00,0x13,0x43,0x20,0x00,0x00,0x00,0x00,0x00,0x00,0x02,0x8d,0xff,0xff,0xfe,0xb5,0x00,0x00,0x00,0x00,
  0x00,0x7f,0xff,0xff,0xff,0xff,0xff,0xd3,0x00,0x00,0x00,0x0a,0xff,0xff,0xff,0xff,0xff,0xff,0xff,0x50,
  0x00,0x00,0x9f,0xff,0xff,0xff,0xee,0xff,0xff,0xff,0xf4,0x00,0x04,0xff,0xff,0xfc,0x40,0x00,0x28,0xff,
  0xff,0xfd,0x00,0x0b,0xff,0xff,0xb0,0x00,0x00,0x00,0x4f,0xff,0xff,0x50,0x1f,0xff,0xff,0x10,0x00,0x00,
  0x00,0x09,0xff,0xff,0x90,0x4f,0xff,0xfb,0x00,0x00,0x00,0x00,0x04,0xff,0xff,0xa0,0x5e,0xee,0xe8,0x00,
  0x00,0x00,0x00,0x03,0xff,0xff,0xa0,0x00,0x00,0x00,0x00,0x00,0x00,0x00,0x05,0xff,0xff,0x80,0x00,0x00,
  0x00,0x00,0x00,0x00,0x00,0x0c,0xff,0xff,0x30,0x00,0x00,0x00,0x00,0x00,0x00,0x02,0xbf,0xff,0xf9,0x00,
  0x00,0x00,0x00,0x02,0x77,0x89,0xcf,0xff,0xff,0xa0,0x00,0x00,0x00,0x00,0x03,0xff,0xff,0xff,0xff,0xd5,
  0x00,0x00,0x00,0x00,0x00,0x03,0xff,0xff,0xff,0xfc,0x61,0x00,0x00,0x00,0x00,0x00,0x03,0xff,0xff,0xff,
  0xff,0xff,0x80,0x00,0x00,0x00,0x00,0x02,0x77,0x89,0xbf,0xff,0xff,0xfb,0x00,0x00,0x00,0x00,0x00,0x00,
  0x00,0x01,0x8f,0xff,0xff,0x80,0x00,0x00,0x00,0x00,0x00,0x00,0x00,0x06,0xff,0xff,0xf1,0x00,0x00,0x00,
  0x00,0x00,0x00,0x00,0x00,0xcf,0xff,0xf6,0xef,0xff,0xf1,0x00,0x00,0x00,0x00,0x00,0x8f,0xff,0xf8,0xdf,
  0xff,0xf3,0x00,0x00,0x00,0x00,0x00,0x8f,0xff,0xf9,0xaf,0xff,0xf7,0x00,0x00,0x00,0x00,0x00,0xbf,0xff,
  0xf8,0x6f,0xff,0xfd,0x10,0x00,0x00,0x00,0x03,0xff,0xff,0xf4,0x1e,0xff,0xff,0xb1,0x00,0x00,0x00,0x3d,
  0xff,0xff,0xe0,0x06,0xff,0xff,0xfe,0x84,0x23,0x5a,0xff,0xff,0xff,0x60,0x00,0xaf,0xff,0xff,0xff,0xff,
  0xff,0xff,0xff,0xf9,0x00,0x00,0x0a,0xff,0xff,0xff,0xff,0xff,0xff,0xff,0x90,0x00,0x00,0x00,0x5d,0xff,
  0xff,0xff,0xff,0xff,0xc4,0x00,0x00,0x00,0x00,0x00,0x59,0xce,0xff,0xec,0x84,0x00,0x00,0x00,0x00,0x00,
  0x00,0x00,0x00,0x00,0x07,0x77,0x77,0x75,0x00,0x00,0x00,0x00,0x00,0x00,0x00,0x00,0x6f,0xff,0xff,0xf9,
  0x00,0x00,0x00,0x00,0x00,0x00,0x00,0x03,0xef,0xff,0xff,0xf9,0x00,0x00,0x00,0x00,0x00,0x00,0x00,0x0c,
  0xff,0xff,0xff,0xf9,0x00,0x00,0x00,0x00,0x00,0x00,0x00,0x8f,0xff,0xff,0xff,0xf9,0x00,0x00,0x00,0x00,
  0x00,0x00,0x04,0xff,0xff,0xff,0xff,0xf9,0x00,0x00,0x00,0x00,0x00,0x00,0x1d,0xff,0xff,0x8f,0xff,0xf9,
  0x00,0x00,0x00,0x00,0x00,0x00,0xaf,0xff,0xf8,0x4f,0xff,0xf9,0x00,0x00,0x00,0x00,0x00,0x06,0xff,0xff,
  0xc0,0x4f,0xff,0xf9,0x00,0x00,0x00,0x00,0x00,0x2e,0xff,0xfe,0x20,0x4f,0xff,0xf9,0x00,0x00,0x00,0x00,
  0x00,0xcf,0xff,0xf5,0x00,0x4f,0xff,0xf9,0x00,0x00,0x00,0x00,0x08,0xff,0xff,0xa0,0x00,0x4f,0xff,0xf9,
  0x00,0x00,0x00,0x00,0x3f,0xff,0xfd,0x10,0x00,0x4f,0xff,0xf9,0x00,0x00,0x00,0x01,0xdf,0xff,0xf3,0x00,
  0x00,0x4f,0xff,0xf9,0x00,0x00,0x00,0x0a,0xff,0xff,0x80,0x00,0x00,0x4f,0xff,0xf9,0x00,0x00,0x00,0x5f,
  0xff,0xfc,0x00,0x00,0x00,0x4f,0xff,0xf9,0x00,0x00,0x02,0xef,0xff,0xe2,0x00,0x00,0x00,0x4f,0xff,0xf9,
  0x00,0x00,0x0b,0xff,0xff,0x50,0x00,0x00,0x00,0x4f,0xff,0xf9,0x00,0x00,0x7f,0xff,0xfa,0x00,0x00,0x00,
  0x00,0x4f,0xff,0xf9,0x00,0x00,0xef,0xff,0xff,0xff,0xff,0xff,0xff,0xff,0xff,0xff,0xff,0xfa,0xef,0xff,
  0xff,0xff,0xff,0xff,0xff,0xff,0xff,0xff,0xff,0xfa,0xef,0xff,0xff,0xff,0xff,0xff,0xff,0xff,0xff,0xff,
  0xff,0xfa,0xef,0xff,0xff,0xff,0xff,0xff,0xff,0xff,0xff,0xff,0xff,0xfa,0x22,0x22,0x22,0x22,0x22,0x22,
  0x22,0x6f,0xff,0xfa,0x22,0x21,0x00,0x00,0x00,0x00,0x00,0x00,0x00,0x4f,0xff,0xf9,0x00,0x00,0x00,0x00,
  0x00,0x00,0x00,0x00,0x00,0x4f,0xff,0xf9,0x00,0x00,0x00,0x00,0x00,0x00,0x00,0x00,0x00,0x4f,0xff,0xf9,
  0x00,0x00,0x00,0x00,0x00,0x00,0x00,0x00,0x00,0x4f,0xff,0xf9,0x00,0x00,0x00,0x00,0x00,0x00,0x00,0x00,
  0x00,0x4f,0xff,0xf9,0x00,0x00,0x00,0x00,0x00,0x00,0x00,0x00,0x00,0x3b,0xbb,0xb7,0x00,0x00,0x03,0x77,
  0x77,0x77,0x77,0x77,0x77,0x77,0x77,0x74,0x00,0x07,0xff,0xff,0xff,0xff,0xff,0xff,0xff,0xff,0xf9,0x00,
  0x08,0xff,0xff,0xff,0xff,0xff,0xff,0xff,0xff,0xf9,0x00,0x09,0xff,0xff,0xff,0xff,0xff,0xff,0xff,0xff,
  0xf9,0x00,0x0a,0xff,0xff,0xcb,0xbb,0xbb,0xbb,0xbb,0xbb,0xb7,0x00,0x0b,0xff,0xff,0x10,0x00,0x00,0x00,
  0x00,0x00,0x00,0x00,0x0c,0xff,0xff,0x00,0x00,0x00,0x00,0x00,0x00,0x00,0x00,0x0c,0xff,0xfe,0x00,0x00,
  0x00,0x00,0x00,0x00,0x00,0x00,0x0d,0xff,0xfd,0x00,0x00,0x00,0x00,0x00,0x00,0x00,0x00,0x0e,0xff,0xfc,
  0x00,0x00,0x12,0x20,0x00,0x00,0x00,0x00,0x0f,0xff,0xfb,0x02,0x8d,0xff,0xff,0xc6,0x00,0x00,0x00,0x1f,
  0xff,0xf9,0x6e,0xff,0xff,0xff,0xff,0xd4,0x00,0x00,0x1f,0xff,0xfe,0xff,0xff,0xff,0xff,0xff,0xff,0x50,
  0x00,0x2f,0xff,0xff,0xff,0xff,0xff,0xff,0xff,0xff,0xf3,0x00,0x3f,0xff,0xff,0xfc,0x62,0x00,0x39,0xff,
  0xff,0xfd,0x00,0x4f,0xff,0xff,0x90,0x00,0x00,0x00,0x5f,0xff,0xff,0x60,0x5f,0xff,0xfc,0x00,0x00,0x00,
  0x00,0x08,0xff,0xff,0xb0,0x24,0x44,0x42,0x00,0x00,0x00,0x00,0x01,0xff,0xff,0xf0,0x00,0x00,0x00,0x00,
  0x00,0x00,0x00,0x00,0xcf,0xff,0xf3,0x00,0x00,0x00,0x00,0x00,0x00,0x00,0x00,0xaf,0xff,0xf4,0x23,0x33,
  0x31,0x00,0x00,0x00,0x00,0x00,0xbf,0xff,0xf3,0xaf,0xff,0xf5,0x00,0x00,0x00,0x00,0x00,0xdf,0xff,0xf2,
  0x8f,0xff,0xf9,0x00,0x00,0x00,0x00,0x02,0xff,0xff,0xe0,0x4f,0xff,0xff,0x20,0x00,0x00,0x00,0x0a,0xff,
  0xff,0xa0,0x0d,0xff,0xff,0xd3,0x00,0x00,0x00,0x8f,0xff,0xff,0x40,0x04,0xff,0xff,0xff,0x94,0x23,0x6c,
  0xff,0xff,0xfa,0x00,0x00,0x8f,0xff,0xff,0xff,0xff,0xff,0xff,0xff,0xd1,0x00,0x00,0x08,0xff,0xff,0xff,
  0xff,0xff,0xff,0xfd,0x20,0x00,0x00,0x00,0x4c,0xff,0xff,0xff,0xff,0xff,0x91,0x00,0x00,0x00,0x00,0x00,
  0x49,0xce,0xff,0xdb,0x72,0x00,0x00,0x00,0x00,0x00,0x00,0x00,0x01,0x34,0x31,0x00,0x00,0x00,0x00,0x00,
  0x00,0x00,0x28,0xdf,0xff,0xff,0xd8,0x20,0x00,0x00,0x00,0x00,0x07,0xff,0xff,0xff,0xff,0xff,0xf8,0x00,
  0x00,0x00,0x00,0xaf,0xff,0xff,0xff,0xff,0xff,0xff,0xa0,0x00,0x00,0x08,0xff,0xff,0xff,0xfe,0xff,0xff,
  0xff,0xf9,0x00,0x00,0x4f,0xff,0xff,0xa3,0x00,0x04,0xcf,0xff,0xff,0x30,0x00,0xcf,0xff,0xf8,0x00,0x00,
  0x00,0x0b,0xff,0xff,0xa0,0x04,0xff,0xff,0xa0,0x00,0x00,0x00,0x02,0xff,0xff,0xf1,0x0a,0xff,0xff,0x20,
  0x00,0x00,0x00,0x00,0xbf,0xff,0xf3,0x0e,0xff,0xfb,0x00,0x00,0x00,0x00,0x00,0x00,0x00,0x00,0x3f,0xff,
  0xf7,0x00,0x00,0x00,0x00,0x00,0x00,0x00,0x00,0x6f,0xff,0xf4,0x00,0x16,0x9b,0xba,0x72,0x00,0x00,0x00,
  0x8f,0xff,0xf1,0x18,0xff,0xff,0xff,0xff,0xb2,0x00,0x00,0xaf,0xff,0xf1,0xcf,0xff,0xff,0xff,0xff,0xfe,
  0x50,0x00,0xbf,0xff,0xfb,0xff,0xff,0xff,0xff,0xff,0xff,0xf4,0x00,0xcf,0xff,0xff,0xff,0xfa,0x76,0x8d,
  0xff,0xff,0xfe,0x10,0xdf,0xff,0xff,0xfc,0x20,0x00,0x00,0x8f,0xff,0xff,0x90,0xcf,0xff,0xff,0xd1,0x00,
  0x00,0x00,0x08,0xff,0xff,0xe1,0xcf,0xff,0xff,0x40,0x00,0x00,0x00,0x00,0xdf,0xff,0xf4,0xbf,0xff,0xfd,
  0x00,0x00,0x00,0x00,0x00,0x8f,0xff,0xf7,0x9f,0xff,0xfb,0x00,0x00,0x00,0x00,0x00,0x6f,0xff,0xf8,0x6f,
  0xff,0xfa,0x00,0x00,0x00,0x00,0x00,0x5f,0xff,0xf8,0x3f,0xff,0xfc,0x00,0x00,0x00,0x00,0x00,0x8f,0xff,
  0xf7,0x0d,0xff,0xff,0x20,0x00,0x00,0x00,0x00,0xcf,0xff,0xf5,0x08,0xff,0xff,0xb0,0x00,0x00,0x00,0x06,
  0xff,0xff,0xf1,0x02,0xef,0xff,0xf9,0x00,0x00,0x00,0x5f,0xff,0xff,0x90,0x00,0x7f,0xff,0xff,0xd6,0x33,
  0x5a,0xff,0xff,0xfe,0x20,0x00,0x0b,0xff,0xff,0xff,0xff,0xff,0xff,0xff,0xf5,0x00,0x00,0x01,0xbf,0xff,
  0xff,0xff,0xff,0xff,0xff,0x50,0x00,0x00,0x00,0x07,0xef,0xff,0xff,0xff,0xff,0xb3,0x00,0x00,0x00,0x00,
  0x00,0x17,0xbd,0xff,0xec,0x83,0x00,0x00,0x00,0x17,0x77,0x77,0x77,0x77,0x77,0x77,0x77,0x77,0x77,0x52,
  0xff,0xff,0xff,0xff,0xff,0xff,0xff,0xff,0xff,0xf9,0x2f,0xff,0xff,0xff,0xff,0xff,0xff,0xff,0xff,0xff,
  0x92,0xff,0xff,0xff,0xff,0xff,0xff,0xff,0xff,0xff,0xf9,0x2f,0xff,0xff,0xff,0xff,0xff,0xff,0xff,0xff,
  0xff,0x90,0x00,0x00,0x00,0x00,0x00,0x00,0x00,0xcf,0xff,0xf6,0x00,0x00,0x00,0x00,0x00,0x00,0x00,0x5f,
  0xff,0xfd,0x00,0x00,0x00,0x00,0x00,0x00,0x00,0x0d,0xff,0xff,0x60,0x00,0x00,0x00,0x00,0x00,0x00,0x05,
  0xff,0xff,0xd0,0x00,0x00,0x00,0x00,0x00,0x00,0x00,0xdf,0xff,0xf5,0x00,0x00,0x00,0x00,0x00,0x00,0x00,
  0x5f,0xff,0xfd,0x00,0x00,0x00,0x00,0x00,0x00,0x00,0x0d,0xff,0xff,0x50,0x00,0x00,0x00,0x00,0x00,0x00,
  0x06,0xff,0xff,0xd0,0x00,0x00,0x00,0x00,0x00,0x00,0x00,0xdf,0xff,0xf5,0x00,0x00,0x00,0x00,0x00,0x00,
  0x00,0x6f,0xff,0xfd,0x00,0x00,0x00,0x00,0x00,0x00,0x00,0x0d,0xff,0xff,0x50,0x00,0x00,0x00,0x00,0x00,
  0x00,0x06,0xff,0xff,0xd0,0x00,0x00,0x00,0x00,0x00,0x00,0x00,0xdf,0xff,0xf5,0x00,0x00,0x00,0x00,0x00,
  0x00,0x00,0x6f,0xff,0xfd,0x00,0x00,0x00,0x00,0x00,0x00,0x00,0x0d,0xff,0xff,0x50,0x00,0x00,0x00,0x00,
  0x00,0x00,0x06,0xff,0xff,0xd0,0x00,0x00,0x00,0x00,0x00,0x00,0x00,0xdf,0xff,0xf5,0x00,0x00,0x00,0x00,
  0x00,0x00,0x00,0x6f,0xff,0xfc,0x00,0x00,0x00,0x00,0x00,0x00,0x00,0x0d,0xff,0xff,0x50,0x00,0x00,0x00,
  0x00,0x00,0x00,0x07,0xff,0xff,0xc0,0x00,0x00,0x00,0x00,0x00,0x00,0x01,0xef,0xff,0xf5,0x00,0x00,0x00,
  0x00,0x00,0x00,0x00,0x7f,0xff,0xfc,0x00,0x00,0x00,0x00,0x00,0x00,0x00,0x1e,0xff,0xff,0x50,0x00,0x00,
  0x00,0x00,0x00,0x00,0x07,0xff,0xff,0xc0,0x00,0x00,0x00,0x00,0x00,0x00,0x00,0xab,0xbb,0xb4,0x00,0x00,
  0x00,0x00,0x00,0x00,0x00,0x00,0x00,0x00,0x13,0x43,0x20,0x00,0x00,0x00,0x00,0x00,0x00,0x01,0x8c,0xff,
  0xff,0xfe,0xb5,0x00,0x00,0x00,0x00,0x00,0x7e,0xff,0xff,0xff,0xff,0xff,0xd4,0x00,0x00,0x00,0x0a,0xff,
  0xff,0xff,0xff,0xff,0xff,0xff,0x50,0x00,0x00,0x8f,0xff,0xff,0xff,0xee,0xff,0xff,0xff,0xf3,0x00,0x02,
  0xff,0xff,0xfd,0x51,0x00,0x28,0xff,0xff,0xfc,0x00,0x08,0xff,0xff,0xd2,0x00,0x00,0x00,0x6f,0xff,0xff,
  0x20,0x0b,0xff,0xff,0x60,0x00,0x00,0x00,0x0c,0xff,0xff,0x60,0x0d,0xff,0xff,0x20,0x00,0x00,0x00,0x08,
  0xff,0xff,0x70,0x0c,0xff,0xff,0x20,0x00,0x00,0x00,0x08,0xff,0xff,0x60,0x09,0xff,0xff,0x50,0x00,0x00,
  0x00,0x0b,0xff,0xff,0x40,0x04,0xff,0xff,0xc0,0x00,0x00,0x00,0x3f,0xff,0xfd,0x00,0x00,0xaf,0xff,0xfb,
  0x20,0x00,0x05,0xef,0xff,0xf5,0x00,0x00,0x1b,0xff,0xff,0xfc,0xaa,0xdf,0xff,0xff,0x70,0x00,0x00,0x00,
  0x7d,0xff,0xff,0xff,0xff,0xff,0xb3,0x00,0x00,0x00,0x00,0x27,0xdf,0xff,0xff,0xff,0xfa,0x50,0x00,0x00,
  0x00,0x08,0xff,0xff,0xff,0xff,0xff,0xff,0xfd,0x40,0x00,0x00,0xbf,0xff,0xff,0xd9,0x88,0xbf,0xff,0xff,
  0xf6,0x00,0x09,0xff,0xff,0xe6,0x00,0x00,0x01,0xaf,0xff,0xff,0x30,0x3f,0xff,0xff,0x40,0x00,0x00,0x00,
  0x0a,0xff,0xff,0xc0,0x8f,0xff,0xfa,0x00,0x00,0x00,0x00,0x01,0xff,0xff,0xf3,0xbf,0xff,0xf6,0x00,0x00,
  0x00,0x00,0x00,0xcf,0xff,0xf6,0xcf,0xff,0xf5,0x00,0x00,0x00,0x00,0x00,0xbf,0xff,0xf7,0xcf,0xff,0xf7,
  0x00,0x00,0x00,0x00,0x00,0xcf,0xff,0xf7,0x9f,0xff,0xfc,0x00,0x00,0x00,0x00,0x03,0xff,0xff,0xf4,0x5f,
  0xff,0xff,0x90,0x00,0x00,0x00,0x2d,0xff,0xff,0xe0,0x0c,0xff,0xff,0xfc,0x52,0x00,0x37,0xef,0xff,0xff,
  0x70,0x02,0xef,0xff,0xff,0xff,0xff,0xff,0xff,0xff,0xfb,0x00,0x00,0x3d,0xff,0xff,0xff,0xff,0xff,0xff,
  0xff,0xa1,0x00,0x00,0x01,0x9f,0xff,0xff,0xff,0xff,0xff,0xd5,0x00,0x00,0x00,0x00,0x01,0x6a,0xde,0xff,
  0xec,0x94,0x00,0x00,0x00,0x00,0x00,0x00,0x00,0x13,0x43,0x10,0x00,0x00,0x00,0x00,0x00,0x00,0x02,0x9d,
  0xff,0xff,0xfd,0x93,0x00,0x00,0x00,0x00,0x01,0x9f,0xff,0xff,0xff,0xff,0xff,0x90,0x00,0x00,0x00,0x1c,
  0xff,0xff,0xff,0xff,0xff,0xff,0xfb,0x10,0x00,0x00,0xcf,0xff,0xff,0xff,0xef,0xff,0xff,0xff,0xa0,0x00,
  0x07,0xff,0xff,0xfc,0x50,0x00,0x4b,0xff,0xff,0xf6,0x00,0x1e,0xff,0xff,0xb0,0x00,0x00,0x00,0x9f,0xff,
  0xfd,0x00,0x6f,0xff,0xfd,0x10,0x00,0x00,0x00,0x0c,0xff,0xff,0x50,0x9f,0xff,0xf7,0x00,0x00,0x00,0x00,
  0x05,0xff,0xff,0xb0,0xcf,0xff,0xf3,0x00,0x00,0x00,0x00,0x01,0xff,0xff,0xe0,0xdf,0xff,0xf1,0x00,0x00,
  0x00,0x00,0x00,0xef,0xff,0xf3,0xcf,0xff,0xf2,0x00,0x00,0x00,0x00,0x00,0xff,0xff,0xf5,0xbf,0xff,0xf5,
  0x00,0x00,0x00,0x00,0x03,0xff,0xff,0xf7,0x7f,0xff,0xfc,0x00,0x00,0x00,0x00,0x0a,0xff,0xff,0xf8,0x3f,
  0xff,0xff,0x70,0x00,0x00,0x00,0x6f,0xff,0xff,0xf8,0x0b,0xff,0xff,0xf9,0x10,0x00,0x18,0xff,0xff,0xff,
  0xf9,0x02,0xef,0xff,0xff,0xfb,0xab,0xef,0xff,0xff,0xff,0xf8,0x00,0x5f,0xff,0xff,0xff,0xff,0xff,0xff,
  0xaf,0xff,0xf7,0x00,0x05,0xef,0xff,0xff,0xff,0xff,0xf7,0x5f,0xff,0xf6,0x00,0x00,0x29,0xef,0xff,0xff,
  0xfb,0x30,0x6f,0xff,0xf4,0x00,0x00,0x00,0x14,0x67,0x75,0x20,0x00,0x9f,0xff,0xf1,0x00,0x00,0x00,0x00,
  0x00,0x00,0x00,0x00,0xcf,0xff,0xd0,0x22,0x22,0x21,0x00,0x00,0x00,0x00,0x02,0xff,0xff,0x90,0x8f,0xff,
  0xf6,0x00,0x00,0x00,0x00,0x08,0xff,0xff,0x40,0x5f,0xff,0xfc,0x00,0x00,0x00,0x00,0x3f,0xff,0xfd,0x00,
  0x0e,0xff,0xff,0x90,0x00,0x00,0x03,0xdf,0xff,0xf6,0x00,0x07,0xff,0xff,0xfc,0x63,0x24,0x9f,0xff,0xff,
  0xc0,0x00,0x00,0xbf,0xff,0xff,0xff,0xff,0xff,0xff,0xfe,0x20,0x00,0x00,0x1b,0xff,0xff,0xff,0xff,0xff,
  0xff,0xe3,0x00,0x00,0x00,0x00,0x7e,0xff,0xff,0xff,0xff,0xfa,0x10,0x00,0x00,0x00,0x00,0x01,0x6b,0xdf,
  0xfe,0xc8,0x30,0x00,0x00,0x00,
};
static const aa::Glyph kCodeGlyphs[] = {
  { 0, 0, 0, 0, 0, 11 },
  { 0, 24, 31, 1, -30, 26 },
  { 372, 13, 30, 6, -29, 26 },
  { 567, 22, 30, 2, -29, 26 },
  { 897, 22, 31, 2, -30, 26 },
  { 1238, 24, 30, 1, -29, 26 },
  { 1598, 22, 30, 2, -29, 26 },
  { 1928, 22, 31, 2, -30, 26 },
  { 2269, 21, 30, 2, -29, 26 },
  { 2584, 22, 31, 2, -30, 26 },
  { 2925, 22, 31, 2, -30, 26 },
};
static const uint8_t kCodeIndex[256] = {
  0xff,0xff,0xff,0xff,0xff,0xff,0xff,0xff,0xff,0xff,0xff,0xff,0xff,0xff,0xff,0xff,0xff,0xff,0xff,0xff,
  0xff,0xff,0xff,0xff,0xff,0xff,0xff,0xff,0xff,0xff,0xff,0xff,0x00,0xff,0xff,0xff,0xff,0xff,0xff,0xff,
  0xff,0xff,0xff,0xff,0xff,0xff,0xff,0xff,0x01,0x02,0x03,0x04,0x05,0x06,0x07,0x08,0x09,0x0a,0xff,0xff,
  0xff,0xff,0xff,0xff,0xff,0xff,0xff,0xff,0xff,0xff,0xff,0xff,0xff,0xff,0xff,0xff,0xff,0xff,0xff,0xff,
  0xff,0xff,0xff,0xff,0xff,0xff,0xff,0xff,0xff,0xff,0xff,0xff,0xff,0xff,0xff,0xff,0xff,0xff,0xff,0xff,
  0xff,0xff,0xff,0xff,0xff,0xff,0xff,0xff,0xff,0xff,0xff,0xff,0xff,0xff,0xff,0xff,0xff,0xff,0xff,0xff,
  0xff,0xff,0xff,0xff,0xff,0xff,0xff,0xff,0xff,0xff,0xff,0xff,0xff,0xff,0xff,0xff,0xff,0xff,0xff,0xff,
  0xff,0xff,0xff,0xff,0xff,0xff,0xff,0xff,0xff,0xff,0xff,0xff,0xff,0xff,0xff,0xff,0xff,0xff,0xff,0xff,
  0xff,0xff,0xff,0xff,0xff,0xff,0xff,0xff,0xff,0xff,0xff,0xff,0xff,0xff,0xff,0xff,0xff,0xff,0xff,0xff,
  0xff,0xff,0xff,0xff,0xff,0xff,0xff,0xff,0xff,0xff,0xff,0xff,0xff,0xff,0xff,0xff,0xff,0xff,0xff,0xff,
  0xff,0xff,0xff,0xff,0xff,0xff,0xff,0xff,0xff,0xff,0xff,0xff,0xff,0xff,0xff,0xff,0xff,0xff,0xff,0xff,
  0xff,0xff,0xff,0xff,0xff,0xff,0xff,0xff,0xff,0xff,0xff,0xff,0xff,0xff,0xff,0xff,0xff,0xff,0xff,0xff,
  0xff,0xff,0xff,0xff,0xff,0xff,0xff,0xff,0xff,0xff,0xff,0xff,0xff,0xff,0xff,0xff,
};
const aa::Font kFontCode = { kCodeBits, kCodeGlyphs, kCodeIndex, 39, 10, 29, 0 };

static const uint8_t kTitleBits[] = {
  0x0e,0xfa,0x0e,0xfa,0x0d,0xfa,0x0d,0xf9,0x0d,0xf9,0x0c,0xf9,0x0c,0xf8,0x0c,0xf8,0x0b,0xf8,0x0b,0xf8,
  0x03,0x42,0x01,0x30,0x0d,0xfa,0x1f,0xfc,0x06,0xb4,0x7f,0xc0,0xcf,0x76,0xfb,0x0b,0xf6,0x6f,0xa0,0xaf,
  0x55,0xfa,0x0a,0xf5,0x4f,0x90,0x9f,0x41,0x42,0x02,0x41,0x00,0x04,0xfa,0x00,0x2f,0xc0,0x00,0x00,0x6f,
  0x80,0x04,0xf9,0x00,0x00,0x09,0xf5,0x00,0x7f,0x70,0x00,0x45,0xcf,0x75,0x5b,0xf8,0x51,0x0e,0xff,0xff,
  0xff,0xff,0xff,0x31,0xbc,0xfe,0xbb,0xbf,0xfb,0xb1,0x00,0x3f,0xa0,0x02,0xfc,0x00,0x00,0x06,0xf8,0x00,
  0x4f,0xa0,0x00,0x34,0xaf,0x84,0x49,0xf9,0x42,0x0c,0xff,0xff,0xff,0xff,0xff,0x50,0xbc,0xff,0xcc,0xce,
  0xfc,0xc3,0x00,0x1f,0xd0,0x00,0xef,0x00,0x00,0x03,0xfb,0x00,0x2f,0xc0,0x00,0x00,0x6f,0x80,0x04,0xfa,
  0x00,0x00,0x04,0x73,0x00,0x37,0x40,0x00,0x00,0x00,0x00,0x07,0xf5,0x00,0x00,0x00,0x00,0x00,0x7f,0x50,
  0x00,0x00,0x00,0x17,0xcf,0xfe,0xb4,0x00,0x00,0x1c,0xff,0xff,0xff,0xf7,0x00,0x09,0xff,0x99,0xf8,0xcf,
  0xf3,0x00,0xef,0xb0,0x7f,0x51,0xef,0x90,0x0f,0xfa,0x07,0xf5,0x06,0x85,0x00,0xcf,0xf8,0x8f,0x50,0x00,
  0x00,0x03,0xef,0xff,0xfb,0x51,0x00,0x00,0x02,0xae,0xff,0xff,0xe7,0x00,0x00,0x00,0x18,0xfd,0xff,0xf8,
  0x00,0x22,0x00,0x7f,0x52,0xdf,0xe0,0x4f,0xf5,0x07,0xf5,0x08,0xff,0x11,0xff,0xb0,0x7f,0x50,0xbf,0xe0,
  0x09,0xff,0xba,0xf9,0xbf,0xf8,0x00,0x1b,0xff,0xff,0xff,0xfa,0x10,0x00,0x05,0xad,0xfd,0x94,0x00,0x00,
  0x00,0x00,0x7f,0x50,0x00,0x00,0x00,0x00,0x05,0xb3,0x00,0x00,0x00,0x00,0x13,0x20,0x00,0x00,0x00,0x00,
  0x00,0x08,0xff,0xf9,0x00,0x00,0x04,0xfa,0x00,0x5f,0xb4,0xbf,0x60,0x00,0x1e,0xe1,0x00,0xaf,0x30,0x3f,
  0xa0,0x00,0xaf,0x50,0x00,0xbf,0x20,0x2f,0xb0,0x05,0xf9,0x00,0x00,0x9f,0x40,0x4f,0xa0,0x2e,0xd1,0x00,
  0x00,0x3f,0xd8,0xdf,0x40,0xbf,0x40,0x00,0x00,0x05,0xdf,0xd5,0x07,0xf8,0x00,0x00,0x00,0x00,0x00,0x00,
  0x2e,0xc0,0x05,0x76,0x10,0x00,0x00,0x00,0xcf,0x30,0xbf,0xff,0xd1,0x00,0x00,0x08,0xf7,0x05,0xfa,0x17,
  0xf9,0x00,0x00,0x3f,0xc0,0x09,0xf4,0x01,0xfc,0x00,0x01,0xde,0x20,0x09,0xf4,0x00,0xfd,0x00,0x09,0xf6,
  0x00,0x07,0xf7,0x04,0xfa,0x00,0x4f,0xb0,0x00,0x01,0xdf,0xce,0xe3,0x00,0x67,0x20,0x00,0x00,0x18,0xb9,
  0x30,0x00,0x07,0xdf,0xe9,0x10,0x00,0x00,0x08,0xff,0xff,0xfc,0x00,0x00,0x01,0xff,0x81,0x5f,0xf3,0x00,
  0x00,0x2f,0xf1,0x00,0xdf,0x40,0x00,0x01,0xef,0x50,0x4f,0xe1,0x00,0x00,0x08,0xfd,0x8f,0xf6,0x00,0x00,
  0x00,0x1d,0xff,0xe5,0x00,0x00,0x00,0x07,0xff,0xfb,0x00,0x14,0x30,0x08,0xff,0xaf,0xf9,0x05,0xfd,0x02,
  0xff,0x80,0x5f,0xf7,0x8f,0xb0,0x5f,0xf1,0x00,0x7f,0xfe,0xf7,0x04,0xff,0x50,0x00,0x9f,0xfe,0x10,0x1e,
  0xfe,0x85,0x7d,0xff,0xe2,0x00,0x3e,0xff,0xff,0xfd,0xcf,0xd1,0x00,0x17,0xab,0xa6,0x01,0x77,0x40,0x7f,
  0xc6,0xfb,0x6f,0xa5,0xfa,0x4f,0x91,0x42,0x00,0x7b,0x90,0x1f,0xf6,0x07,0xff,0x10,0xcf,0xb0,0x1f,0xf7,
  0x04,0xff,0x30,0x7f,0xf1,0x09,0xfd,0x00,0xaf,0xc0,0x0b,0xfb,0x00,0xbf,0xc0,0x0a,0xfd,0x00,0x8f,0xf1,
  0x05,0xff,0x40,0x1f,0xf8,0x00,0xbf,0xd0,0x05,0xff,0x30,0x0c,0xf9,0x00,0x24,0x30,0x4b,0xb1,0x00,0x1e,
  0xf7,0x00,0x0a,0xfd,0x00,0x05,0xff,0x30,0x01,0xff,0x70,0x00,0xcf,0xb0,0x00,0x9f,0xd0,0x00,0x7f,0xf0,
  0x00,0x6f,0xf2,0x00,0x5f,0xf2,0x00,0x6f,0xf2,0x00,0x7f,0xf1,0x00,0x9f,0xe0,0x00,0xcf,0xb0,0x02,0xff,
  0x70,0x06,0xff,0x20,0x0c,0xfb,0x00,0x3f,0xf4,0x00,0x24,0x30,0x00,0x00,0x0a,0xe0,0x00,0x01,0x40,0x9d,
  0x02,0x30,0x9f,0x9a,0xd7,0xed,0x01,0x8e,0xff,0xfa,0x30,0x03,0xbf,0xfd,0x50,0x08,0xfe,0xce,0xcf,0xc0,
  0x49,0x19,0xd0,0x77,0x00,0x00,0xae,0x00,0x00,0x00,0x03,0x40,0x00,0x00,0x00,0x00,0x9f,0x80,0x00,0x00,
  0x00,0x09,0xf8,0x00,0x00,0x00,0x00,0x9f,0x80,0x00,0x02,0x44,0x4b,0xfa,0x44,0x41,0x7f,0xff,0xff,0xff,
  0xff,0x55,0xcc,0xce,0xfe,0xcc,0xc4,0x00,0x00,0x9f,0x80,0x00,0x00,0x00,0x09,0xf8,0x00,0x00,0x00,0x00,
  0x9f,0x80,0x00,0x00,0x00,0x07,0xb6,0x00,0x00,0x09,0xb7,0x0e,0xf5,0x1f,0xf1,0x3f,0xc0,0x5f,0x80,0x47,
  0x20,0x45,0x55,0x55,0x3d,0xff,0xff,0xfa,0xab,0xbb,0xbb,0x70,0x01,0x30,0x0d,0xf9,0x1f,0xfc,0x06,0xb4,
  0x00,0x00,0x39,0x80,0x00,0x08,0xfa,0x00,0x00,0xcf,0x60,0x00,0x1f,0xf2,0x00,0x05,0xfc,0x00,0x00,0x9f,
  0x80,0x00,0x0d,0xf4,0x00,0x02,0xff,0x10,0x00,0x6f,0xb0,0x00,0x0a,0xf7,0x00,0x00,0xef,0x30,0x00,0x4f,
  0xe0,0x00,0x08,0xfa,0x00,0x00,0xcf,0x60,0x00,0x1f,0xf2,0x00,0x05,0xfd,0x00,0x00,0x9f,0x90,0x00,0x09,
  0xb4,0x00,0x00,0x00,0x00,0x03,0x32,0x00,0x00,0x00,0x00,0x6e,0xff,0xfc,0x40,0x00,0x00,0x8f,0xfe,0xcf,
  0xff,0x40,0x00,0x3f,0xf9,0x00,0x2c,0xfe,0x10,0x0a,0xfd,0x00,0x00,0x2f,0xf7,0x00,0xef,0x70,0x00,0x00,
  0xbf,0xb0,0x3f,0xf4,0x00,0x00,0x08,0xfe,0x04,0xff,0x30,0x00,0x00,0x6f,0xf0,0x4f,0xf2,0x00,0x00,0x06,
  0xff,0x13,0xff,0x30,0x00,0x00,0x7f,0xf0,0x1f,0xf5,0x00,0x00,0x09,0xfd,0x00,0xdf,0xa0,0x00,0x00,0xdf,
  0x90,0x07,0xff,0x30,0x00,0x7f,0xf4,0x00,0x1d,0xfe,0x75,0x9f,0xfa,0x00,0x00,0x2d,0xff,0xff,0xfb,0x10,
  0x00,0x00,0x16,0xab,0x95,0x00,0x00,0x00,0x1a,0xff,0x60,0x6e,0xff,0xf6,0x8f,0xfb,0xff,0x69,0xe5,0x1f,
  0xf6,0x41,0x01,0xff,0x60,0x00,0x1f,0xf6,0x00,0x01,0xff,0x60,0x00,0x1f,0xf6,0x00,0x01,0xff,0x60,0x00,
  0x1f,0xf6,0x00,0x01,0xff,0x60,0x00,0x1f,0xf6,0x00,0x01,0xff,0x60,0x00,0x1f,0xf6,0x00,0x01,0x77,0x30,
  0x00,0x00,0x13,0x31,0x00,0x00,0x03,0xbf,0xff,0xfa,0x10,0x03,0xef,0xfd,0xdf,0xfd,0x10,0xbf,0xe3,0x00,
  0x5f,0xf8,0x1f,0xf6,0x00,0x00,0xaf,0xc2,0xdd,0x30,0x00,0x09,0xfd,0x00,0x00,0x00,0x00,0xcf,0xa0,0x00,
  0x00,0x00,0x7f,0xf4,0x00,0x00,0x00,0x7f,0xf9,0x00,0x00,0x00,0x8f,0xfa,0x00,0x00,0x00,0xaf,0xf9,0x00,
  0x00,0x01,0xbf,0xf7,0x00,0x00,0x02,0xcf,0xf6,0x00,0x00,0x01,0xdf,0xfc,0x88,0x88,0x88,0x3f,0xff,0xff,
  0xff,0xff,0xe2,0x77,0x77,0x77,0x77,0x77,0x00,0x00,0x13,0x31,0x00,0x00,0x00,0x2a,0xff,0xff,0xc4,0x00,
  0x01,0xdf,0xfd,0xdf,0xff,0x40,0x09,0xff,0x40,0x02,0xdf,0xd0,0x0d,0xfa,0x00,0x00,0x6f,0xf1,0x03,0x42,
  0x00,0x00,0x7f,0xf0,0x00,0x00,0x00,0x15,0xef,0x80,0x00,0x00,0x5f,0xff,0xd7,0x00,0x00,0x00,0x5f,0xff,
  0xfb,0x20,0x00,0x00,0x01,0x25,0xdf,0xd1,0x13,0x31,0x00,0x00,0x3f,0xf6,0x2f,0xf5,0x00,0x00,0x0f,0xf8,
  0x0e,0xfb,0x00,0x00,0x5f,0xf6,0x07,0xff,0xb6,0x58,0xff,0xd1,0x00,0x8f,0xff,0xff,0xfd,0x20,0x00,0x03,
  0x8b,0xb9,0x50,0x00,0x00,0x00,0x00,0x3f,0xff,0x50,0x00,0x00,0x00,0x1d,0xff,0xf5,0x00,0x00,0x00,0x0a,
  0xfe,0xff,0x50,0x00,0x00,0x05,0xff,0x5f,0xf5,0x00,0x00,0x02,0xef,0x72,0xff,0x50,0x00,0x00,0xbf,0xb0,
  0x2f,0xf5,0x00,0x00,0x7f,0xe2,0x02,0xff,0x50,0x00,0x3f,0xf5,0x00,0x2f,0xf5,0x00,0x1d,0xfa,0x00,0x02,
  0xff,0x50,0x06,0xff,0xdc,0xcc,0xcf,0xfd,0xc4,0x7f,0xff,0xff,0xff,0xff,0xff,0x52,0x44,0x44,0x44,0x5f,
  0xf7,0x41,0x00,0x00,0x00,0x02,0xff,0x50,0x00,0x00,0x00,0x00,0x2f,0xf5,0x00,0x00,0x00,0x00,0x01,0x77,
  0x20,0x00,0x0b,0xff,0xff,0xff,0xff,0x40,0x0c,0xff,0xff,0xff,0xff,0x40,0x0d,0xf8,0x11,0x11,0x11,0x00,
  0x0e,0xf7,0x00,0x00,0x00,0x00,0x0e,0xf6,0x02,0x42,0x00,0x00,0x0f,0xf8,0xcf,0xff,0xb2,0x00,0x1f,0xff,
  0xfd,0xdf,0xfe,0x20,0x2f,0xfc,0x20,0x04,0xff,0xa0,0x17,0x72,0x00,0x00,0x9f,0xe0,0x00,0x00,0x00,0x00,
  0x5f,0xf2,0x4c,0xc2,0x00,0x00,0x6f,0xf1,0x2f,0xf9,0x00,0x00,0xcf,0xc0,0x09,0xff,0xa5,0x6c,0xff,0x50,
  0x01,0xaf,0xff,0xff,0xf7,0x00,0x00,0x04,0x9b,0xb8,0x30,0x00,0x00,0x00,0x03,0x42,0x00,0x00,0x00,0x07,
  0xef,0xff,0xd4,0x00,0x00,0x8f,0xfe,0xcf,0xff,0x50,0x03,0xff,0x80,0x01,0xcf,0xd0,0x0a,0xfb,0x00,0x00,
  0x4c,0xc2,0x0e,0xf6,0x00,0x10,0x00,0x00,0x2f,0xf3,0x8e,0xfe,0xa3,0x00,0x4f,0xfc,0xff,0xff,0xfe,0x40,
  0x4f,0xff,0xa2,0x05,0xef,0xd0,0x4f,0xfc,0x00,0x00,0x5f,0xf4,0x3f,0xf7,0x00,0x00,0x1f,0xf6,0x0e,0xf8,
  0x00,0x00,0x2f,0xf5,0x0a,0xfe,0x10,0x00,0x9f,0xf2,0x02,0xef,0xd6,0x5a,0xff,0xa0,0x00,0x5e,0xff,0xff,
  0xfb,0x10,0x00,0x02,0x8b,0xb9,0x40,0x00,0x8f,0xff,0xff,0xff,0xff,0x58,0xff,0xff,0xff,0xff,0xf5,0x01,
  0x11,0x11,0x18,0xff,0x20,0x00,0x00,0x01,0xef,0x90,0x00,0x00,0x00,0x8f,0xf2,0x00,0x00,0x00,0x1e,0xf9,
  0x00,0x00,0x00,0x08,0xff,0x20,0x00,0x00,0x01,0xef,0x90,0x00,0x00,0x00,0x8f,0xf2,0x00,0x00,0x00,0x1e,
  0xf9,0x00,0x00,0x00,0x08,0xff,0x20,0x00,0x00,0x01,0xef,0x90,0x00,0x00,0x00,0x8f,0xf2,0x00,0x00,0x00,
  0x1e,0xf9,0x00,0x00,0x00,0x03,0x77,0x20,0x00,0x00,0x00,0x00,0x00,0x13,0x31,0x00,0x00,0x00,0x2b,0xff,
  0xff,0xb3,0x00,0x02,0xef,0xfd,0xdf,0xfe,0x20,0x09,0xff,0x40,0x04,0xff,0xa0,0x0c,0xfb,0x00,0x00,0xaf,
  0xd0,0x0a,0xfc,0x00,0x00,0xbf,0xb0,0x04,0xff,0x71,0x17,0xff,0x50,0x00,0x4c,0xff,0xff,0xc5,0x00,0x00,
  0x8e,0xff,0xff,0xe8,0x00,0x09,0xff,0x72,0x26,0xef,0xa0,0x2f,0xf8,0x00,0x00,0x7f,0xf3,0x4f,0xf5,0x00,
  0x00,0x4f,0xf5,0x3f,0xf9,0x00,0x00,0x8f,0xf4,0x0c,0xff,0xa5,0x59,0xff,0xc0,0x02,0xcf,0xff,0xff,0xfc,
  0x20,0x00,0x05,0x9b,0xb9,0x50,0x00,0x00,0x00,0x13,0x31,0x00,0x00,0x00,0x3b,0xff,0xff,0xa1,0x00,0x03,
  0xef,0xfd,0xdf,0xfc,0x10,0x0c,0xfe,0x30,0x05,0xff,0x80,0x2f,0xf6,0x00,0x00,0x9f,0xe0,0x4f,0xf3,0x00,
  0x00,0x5f,0xf3,0x3f,0xf4,0x00,0x00,0x7f,0xf5,0x1e,0xfc,0x10,0x02,0xef,0xf6,0x07,0xff,0xd8,0x9e,0xff,
  0xf6,0x00,0x8f,0xff,0xff,0x7f,0xf5,0x00,0x02,0x78,0x72,0x2f,0xf3,0x14,0x41,0x00,0x00,0x6f,0xe0,0x1f,
  0xf8,0x00,0x01,0xdf,0x80,0x09,0xff,0x95,0x6d,0xfe,0x10,0x01,0xbf,0xff,0xff,0xe3,0x00,0x00,0x05,0x9b,
  0xa7,0x10,0x00,0x01,0x30,0x0d,0xf9,0x1f,0xfc,0x06,0xb4,0x00,0x00,0x00,0x00,0x00,0x00,0x01,0x30,0x0d,
  0xf9,0x1f,0xfc,0x06,0xb4,0x01,0x30,0x0d,0xfa,0x1f,0xfd,0x06,0xb4,0x00,0x00,0x00,0x00,0x00,0x00,0x00,
  0x00,0x09,0xb7,0x0e,0xf5,0x1f,0xf1,0x3f,0xc0,0x5f,0x80,0x47,0x20,0x00,0x00,0x00,0x00,0x17,0x10,0x00,
  0x00,0x01,0x8e,0xf2,0x00,0x00,0x29,0xff,0xfe,0x10,0x03,0xaf,0xff,0xd6,0x10,0x3b,0xff,0xfb,0x40,0x00,
  0x08,0xff,0xa2,0x00,0x00,0x00,0x7f,0xff,0xa3,0x00,0x00,0x00,0x3a,0xff,0xfc,0x50,0x00,0x00,0x02,0x9f,
  0xff,0xe7,0x00,0x00,0x00,0x18,0xef,0xf2,0x00,0x00,0x00,0x01,0x7d,0x20,0x00,0x00,0x00,0x00,0x00,0x28,
  0x88,0x88,0x88,0x88,0x14,0xff,0xff,0xff,0xff,0xf2,0x27,0x77,0x77,0x77,0x77,0x10,0x00,0x00,0x00,0x00,
  0x00,0x01,0x11,0x11,0x11,0x11,0x04,0xff,0xff,0xff,0xff,0xf2,0x4f,0xff,0xff,0xff,0xff,0x20,0x27,0x10,
  0x00,0x00,0x00,0x03,0xfe,0x81,0x00,0x00,0x00,0x2e,0xff,0xe8,0x20,0x00,0x00,0x17,0xdf,0xff,0x92,0x00,
  0x00,0x00,0x5b,0xff,0xfa,0x20,0x00,0x00,0x03,0xbf,0xf7,0x00,0x00,0x04,0xaf,0xff,0x60,0x01,0x6c,0xff,
  0xf9,0x30,0x18,0xef,0xfe,0x82,0x00,0x03,0xff,0xe7,0x10,0x00,0x00,0x3d,0x61,0x00,0x00,0x00,0x00,0x00,
  0x00,0x00,0x00,0x00,0x00,0x2a,0xef,0xea,0x30,0x00,0x4e,0xff,0xff,0xff,0x50,0x0d,0xfd,0x41,0x3d,0xfe,
  0x04,0xff,0x40,0x00,0x4f,0xf3,0x38,0x81,0x00,0x05,0xff,0x20,0x00,0x00,0x01,0xcf,0xc0,0x00,0x00,0x04,
  0xdf,0xe3,0x00,0x00,0x05,0xff,0xc2,0x00,0x00,0x00,0xcf,0xc0,0x00,0x00,0x00,0x0d,0xf6,0x00,0x00,0x00,
  0x00,0x67,0x30,0x00,0x00,0x00,0x01,0x30,0x00,0x00,0x00,0x01,0xef,0x80,0x00,0x00,0x00,0x3f,0xfb,0x00,
  0x00,0x00,0x00,0x7a,0x30,0x00,0x00,0x00,0x00,0x01,0x6a,0xdf,0xfe,0xb7,0x10,0x00,0x00,0x00,0x00,0x6e,
  0xff,0xff,0xff,0xff,0xe7,0x00,0x00,0x00,0x09,0xff,0xd7,0x31,0x12,0x6b,0xff,0xa0,0x00,0x00,0x7f,0xf7,
  0x00,0x00,0x00,0x00,0x5e,0xf8,0x00,0x02,0xff,0x70,0x00,0x57,0x61,0x34,0x15,0xff,0x30,0x09,0xfc,0x00,
  0x3d,0xff,0xfd,0xdf,0x20,0xbf,0x90,0x0e,0xf5,0x01,0xdf,0xd9,0xaf,0xff,0x20,0x5f,0xe0,0x2f,0xf1,0x06,
  0xfd,0x10,0x05,0xff,0x20,0x1f,0xf2,0x4f,0xe0,0x0a,0xf7,0x00,0x00,0xef,0x20,0x0f,0xf3,0x4f,0xe0,0x0b,
  0xf6,0x00,0x00,0xcf,0x20,0x0f,0xf3,0x3f,0xf0,0x0a,0xf7,0x00,0x00,0xef,0x20,0x1f,0xf2,0x1f,0xf3,0x06,
  0xfd,0x10,0x05,0xff,0x30,0x7f,0xd0,0x0c,0xf8,0x01,0xdf,0xd9,0xaf,0xef,0xc9,0xff,0x70,0x06,0xfe,0x20,
  0x3d,0xff,0xfd,0x4e,0xff,0xfa,0x00,0x00,0xcf,0xc1,0x01,0x57,0x61,0x02,0x77,0x40,0x00,0x00,0x2e,0xfd,
  0x50,0x00,0x00,0x00,0x10,0x00,0x00,0x00,0x03,0xdf,0xfe,0xb9,0x89,0xcf,0x80,0x00,0x00,0x00,0x00,0x17,
  0xdf,0xff,0xff,0xff,0xa0,0x00,0x00,0x00,0x00,0x00,0x03,0x67,0x77,0x41,0x00,0x00,0x00,0x00,0x00,0x0d,
  0xff,0xb0,0x00,0x00,0x00,0x00,0x3f,0xff,0xf2,0x00,0x00,0x00,0x00,0x9f,0xee,0xf7,0x00,0x00,0x00,0x00,
  0xef,0x9b,0xfc,0x00,0x00,0x00,0x04,0xff,0x46,0xff,0x30,0x00,0x00,0x0a,0xfe,0x01,0xff,0x80,0x00,0x00,
  0x1e,0xfa,0x00,0xcf,0xd0,0x00,0x00,0x5f,0xf5,0x00,0x7f,0xf4,0x00,0x00,0xbf,0xe1,0x11,0x3f,0xf9,0x00,
  0x01,0xff,0xff,0xff,0xff,0xfe,0x00,0x07,0xff,0xff,0xff,0xff,0xff,0x50,0x0c,0xfe,0x00,0x00,0x02,0xff,
  0xa0,0x2f,0xf9,0x00,0x00,0x00,0xbf,0xe1,0x8f,0xf4,0x00,0x00,0x00,0x6f,0xf6,0x67,0x70,0x00,0x00,0x00,
  0x17,0x75,0xcf,0xff,0xff,0xfc,0x71,0x00,0xcf,0xff,0xff,0xff,0xfc,0x10,0xcf,0xb1,0x11,0x2a,0xff,0x70,
  0xcf,0xb0,0x00,0x01,0xff,0xa0,0xcf,0xb0,0x00,0x00,0xef,0x90,0xcf,0xb0,0x00,0x07,0xff,0x30,0xcf,0xec,
  0xcc,0xef,0xd5,0x00,0xcf,0xff,0xff,0xff,0xd8,0x00,0xcf,0xc4,0x44,0x59,0xff,0xa0,0xcf,0xb0,0x00,0x00,
  0xaf,0xf2,0xcf,0xb0,0x00,0x00,0x7f,0xf3,0xcf,0xb0,0x00,0x00,0xbf,0xf1,0xcf,0xd8,0x88,0x9d,0xff,0xa0,
  0xcf,0xff,0xff,0xff,0xfa,0x10,0x67,0x77,0x77,0x76,0x20,0x00,0x00,0x00,0x00,0x24,0x30,0x00,0x00,0x00,
  0x01,0x9e,0xff,0xfe,0x91,0x00,0x00,0x2d,0xff,0xff,0xff,0xfe,0x30,0x01,0xdf,0xf8,0x20,0x27,0xff,0xd1,
  0x08,0xff,0x60,0x00,0x00,0x6f,0xf6,0x0d,0xfc,0x00,0x00,0x00,0x0d,0xea,0x2f,0xf7,0x00,0x00,0x00,0x00,
  0x00,0x4f,0xf5,0x00,0x00,0x00,0x00,0x00,0x4f,0xf5,0x00,0x00,0x00,0x00,0x00,0x3f,0xf6,0x00,0x00,0x00,
  0x00,0x00,0x1f,0xf9,0x00,0x00,0x00,0x05,0x65,0x0b,0xfe,0x20,0x00,0x00,0x2f,0xf9,0x04,0xff,0xc1,0x00,
  0x01,0xcf,0xf3,0x00,0x8f,0xfe,0xa8,0x9e,0xff,0x80,0x00,0x07,0xff,0xff,0xff,0xf8,0x00,0x00,0x00,0x27,
  0xab,0xa7,0x20,0x00,0xcf,0xff,0xff,0xea,0x50,0x00,0x0c,0xff,0xff,0xff,0xff,0xb1,0x00,0xcf,0xc1,0x11,
  0x39,0xff,0xc0,0x0c,0xfc,0x00,0x00,0x07,0xff,0x60,0xcf,0xc0,0x00,0x00,0x0d,0xfd,0x0c,0xfc,0x00,0x00,
  0x00,0x8f,0xf1,0xcf,0xc0,0x00,0x00,0x06,0xff,0x3c,0xfc,0x00,0x00,0x00,0x6f,0xf3,0xcf,0xc0,0x00,0x00,
  0x07,0xff,0x2c,0xfc,0x00,0x00,0x00,0xaf,0xe0,0xcf,0xc0,0x00,0x00,0x2f,0xfa,0x0c,0xfc,0x00,0x00,0x2c,
  0xff,0x30,0xcf,0xe8,0x89,0xbf,0xff,0x60,0x0c,0xff,0xff,0xff,0xfc,0x40,0x00,0x67,0x77,0x77,0x63,0x00,
  0x00,0x00,0xcf,0xff,0xff,0xff,0xff,0x5c,0xff,0xff,0xff,0xff,0xf5,0xcf,0xd4,0x44,0x44,0x44,0x1c,0xfc,
  0x00,0x00,0x00,0x00,0xcf,0xc0,0x00,0x00,0x00,0x0c,0xfc,0x00,0x00,0x00,0x00,0xcf,0xec,0xcc,0xcc,0xc9,
  0x0c,0xff,0xff,0xff,0xff,0xb0,0xcf,0xd4,0x44,0x44,0x43,0x0c,0xfc,0x00,0x00,0x00,0x00,0xcf,0xc0,0x00,
  0x00,0x00,0x0c,0xfc,0x00,0x00,0x00,0x00,0xcf,0xeb,0xbb,0xbb,0xbb,0x4c,0xff,0xff,0xff,0xff,0xf5,0x67,
  0x77,0x77,0x77,0x77,0x20,0xcf,0xff,0xff,0xff,0xff,0xcf,0xff,0xff,0xff,0xff,0xcf,0xd4,0x44,0x44,0x44,
  0xcf,0xc0,0x00,0x00,0x00,0xcf,0xc0,0x00,0x00,0x00,0xcf,0xc0,0x00,0x00,0x00,0xcf,0xeb,0xbb,0xbb,0xb5,
  0xcf,0xff,0xff,0xff,0xf7,0xcf,0xd5,0x55,0x55,0x52,0xcf,0xc0,0x00,0x00,0x00,0xcf,0xc0,0x00,0x00,0x00,
  0xcf,0xc0,0x00,0x00,0x00,0xcf,0xc0,0x00,0x00,0x00,0xcf,0xc0,0x00,0x00,0x00,0x67,0x60,0x00,0x00,0x00,
  0x00,0x00,0x00,0x34,0x30,0x00,0x00,0x00,0x01,0x9e,0xff,0xfe,0x91,0x00,0x00,0x2d,0xff,0xff,0xff,0xfe,
  0x30,0x01,0xdf,0xf8,0x20,0x28,0xff,0xd1,0x07,0xff,0x60,0x00,0x00,0x6f,0xf7,0x0d,0xfc,0x00,0x00,0x00,
  0x0b,0xc8,0x2f,0xf7,0x00,0x00,0x00,0x00,0x00,0x4f,0xf5,0x00,0x00,0x11,0x11,0x11,0x4f,0xf5,0x00,0x01,
  0xff,0xff,0xfd,0x3f,0xf6,0x00,0x01,0xff,0xff,0xfd,0x1f,0xfa,0x00,0x00,0x00,0x0b,0xfc,0x0b,0xfe,0x20,
  0x00,0x00,0x1e,0xf9,0x04,0xff,0xc2,0x00,0x01,0xbf,0xf3,0x00,0x8f,0xfe,0xa8,0x9e,0xff,0x80,0x00,0x07,
  0xef,0xff,0xff,0xf8,0x00,0x00,0x00,0x27,0xab,0xa7,0x20,0x00,0xcf,0xc0,0x00,0x00,0x07,0xff,0x1c,0xfc,
  0x00,0x00,0x00,0x7f,0xf1,0xcf,0xc0,0x00,0x00,0x07,0xff,0x1c,0xfc,0x00,0x00,0x00,0x7f,0xf1,0xcf,0xc0,
  0x00,0x00,0x07,0xff,0x1c,0xfc,0x00,0x00,0x00,0x7f,0xf1,0xcf,0xff,0xff,0xff,0xff,0xff,0x1c,0xff,0xff,
  0xff,0xff,0xff,0xf1,0xcf,0xd4,0x44,0x44,0x49,0xff,0x1c,0xfc,0x00,0x00,0x00,0x7f,0xf1,0xcf,0xc0,0x00,
  0x00,0x07,0xff,0x1c,0xfc,0x00,0x00,0x00,0x7f,0xf1,0xcf,0xc0,0x00,0x00,0x07,0xff,0x1c,0xfc,0x00,0x00,
  0x00,0x7f,0xf1,0x67,0x60,0x00,0x00,0x04,0x77,0x10,0xcf,0xcc,0xfc,0xcf,0xcc,0xfc,0xcf,0xcc,0xfc,0xcf,
  0xcc,0xfc,0xcf,0xcc,0xfc,0xcf,0xcc,0xfc,0xcf,0xcc,0xfc,0x67,0x60,0x00,0x00,0x00,0x0a,0xfe,0x00,0x00,
  0x00,0x0a,0xfe,0x00,0x00,0x00,0x0a,0xfe,0x00,0x00,0x00,0x0a,0xfe,0x00,0x00,0x00,0x0a,0xfe,0x00,0x00,
  0x00,0x0a,0xfe,0x00,0x00,0x00,0x0a,0xfe,0x00,0x00,0x00,0x0a,0xfe,0x00,0x00,0x00,0x0a,0xfe,0x39,0x91,
  0x00,0x0a,0xfe,0x5f,0xf2,0x00,0x0a,0xfd,0x4f,0xf5,0x00,0x0d,0xfc,0x0d,0xfe,0x65,0xbf,0xf6,0x04,0xef,
  0xff,0xff,0xa0,0x00,0x28,0xbb,0x95,0x00,0xcf,0xc0,0x00,0x00,0x8f,0xfa,0x0c,0xfc,0x00,0x00,0x6f,0xfb,
  0x00,0xcf,0xc0,0x00,0x4f,0xfc,0x10,0x0c,0xfc,0x00,0x3e,0xfd,0x20,0x00,0xcf,0xc0,0x2e,0xfe,0x30,0x00,
  0x0c,0xfc,0x1d,0xff,0x40,0x00,0x00,0xcf,0xcb,0xff,0xb0,0x00,0x00,0x0c,0xff,0xff,0xff,0x50,0x00,0x00,
  0xcf,0xff,0x6d,0xfe,0x20,0x00,0x0c,0xff,0x70,0x3f,0xfb,0x00,0x00,0xcf,0xc0,0x00,0x8f,0xf7,0x00,0x0c,
  0xfc,0x00,0x00,0xcf,0xe2,0x00,0xcf,0xc0,0x00,0x03,0xff,0xc0,0x0c,0xfc,0x00,0x00,0x07,0xff,0x80,0x67,
  0x60,0x00,0x00,0x07,0x77,0x00,0xcf,0xc0,0x00,0x00,0x00,0xcf,0xc0,0x00,0x00,0x00,0xcf,0xc0,0x00,0x00,
  0x00,0xcf,0xc0,0x00,0x00,0x00,0xcf,0xc0,0x00,0x00,0x00,0xcf,0xc0,0x00,0x00,0x00,0xcf,0xc0,0x00,0x00,
  0x00,0xcf,0xc0,0x00,0x00,0x00,0xcf,0xc0,0x00,0x00,0x00,0xcf,0xc0,0x00,0x00,0x00,0xcf,0xc0,0x00,0x00,
  0x00,0xcf,0xc0,0x00,0x00,0x00,0xcf,0xeb,0xbb,0xbb,0xb6,0xcf,0xff,0xff,0xff,0xf8,0x67,0x77,0x77,0x77,
  0x74,0xcf,0xff,0x20,0x00,0x00,0x07,0xff,0xf6,0xcf,0xff,0x70,0x00,0x00,0x0d,0xff,0xf6,0xcf,0xff,0xd0,
  0x00,0x00,0x3f,0xff,0xf6,0xcf,0xef,0xf3,0x00,0x00,0x9f,0xdf,0xf6,0xcf,0xbd,0xf9,0x00,0x00,0xef,0x8f,
  0xf6,0xcf,0xb9,0xfe,0x00,0x05,0xff,0x4f,0xf6,0xcf,0xb4,0xff,0x50,0x0a,0xfd,0x2f,0xf6,0xcf,0xb0,0xdf,
  0xb0,0x1f,0xf7,0x2f,0xf6,0xcf,0xb0,0x8f,0xf1,0x6f,0xf2,0x2f,0xf6,0xcf,0xb0,0x2f,0xf6,0xaf,0xb0,0x2f,
  0xf6,0xcf,0xb0,0x0b,0xfb,0xef,0x60,0x2f,0xf6,0xcf,0xb0,0x06,0xff,0xfe,0x10,0x2f,0xf6,0xcf,0xb0,0x01,
  0xef,0xf9,0x00,0x2f,0xf6,0xcf,0xb0,0x00,0x9f,0xf4,0x00,0x2f,0xf6,0x67,0x60,0x00,0x27,0x70,0x00,0x17,
  0x73,0xcf,0xf5,0x00,0x00,0x06,0xff,0x3c,0xff,0xd1,0x00,0x00,0x6f,0xf3,0xcf,0xff,0x90,0x00,0x06,0xff,
  0x3c,0xff,0xff,0x30,0x00,0x6f,0xf3,0xcf,0xbc,0xfc,0x00,0x06,0xff,0x3c,0xfc,0x4f,0xf7,0x00,0x6f,0xf3,
  0xcf,0xc0,0xaf,0xe2,0x06,0xff,0x3c,0xfc,0x01,0xef,0xb0,0x6f,0xf3,0xcf,0xc0,0x06,0xff,0x56,0xff,0x3c,
  0xfc,0x00,0x0b,0xfd,0x6f,0xf3,0xcf,0xc0,0x00,0x2f,0xfd,0xff,0x3c,0xfc,0x00,0x00,0x7f,0xff,0xf3,0xcf,
  0xc0,0x00,0x00,0xdf,0xff,0x3c,0xfc,0x00,0x00,0x04,0xff,0xf3,0x67,0x60,0x00,0x00,0x06,0x77,0x10,0x00,
  0x00,0x00,0x33,0x20,0x00,0x00,0x00,0x00,0x19,0xef,0xff,0xe8,0x10,0x00,0x00,0x2d,0xff,0xff,0xff,0xfd,
  0x20,0x00,0x1d,0xff,0x82,0x02,0x9f,0xfc,0x00,0x07,0xff,0x60,0x00,0x00,0x7f,0xf7,0x00,0xdf,0xc0,0x00,
  0x00,0x00,0xdf,0xd0,0x2f,0xf7,0x00,0x00,0x00,0x08,0xff,0x14,0xff,0x50,0x00,0x00,0x00,0x6f,0xf3,0x4f,
  0xf5,0x00,0x00,0x00,0x05,0xff,0x43,0xff,0x60,0x00,0x00,0x00,0x7f,0xf3,0x1f,0xf9,0x00,0x00,0x00,0x0a,
  0xfe,0x00,0xbf,0xe2,0x00,0x00,0x02,0xff,0xa0,0x04,0xff,0xc1,0x00,0x02,0xcf,0xf3,0x00,0x08,0xff,0xe9,
  0x8a,0xef,0xf7,0x00,0x00,0x07,0xff,0xff,0xff,0xe6,0x00,0x00,0x00,0x02,0x7a,0xba,0x71,0x00,0x00,0xcf,
  0xff,0xff,0xec,0x60,0x0c,0xff,0xff,0xff,0xff,0xb0,0xcf,0xc1,0x11,0x3a,0xff,0x7c,0xfc,0x00,0x00,0x0c,
  0xfd,0xcf,0xc0,0x00,0x00,0x9f,0xec,0xfc,0x00,0x00,0x0b,0xfd,0xcf,0xc0,0x00,0x06,0xff,0x9c,0xfe,0xcc,
  0xce,0xff,0xd1,0xcf,0xff,0xff,0xff,0xa2,0x0c,0xfd,0x44,0x43,0x10,0x00,0xcf,0xc0,0x00,0x00,0x00,0x0c,
  0xfc,0x00,0x00,0x00,0x00,0xcf,0xc0,0x00,0x00,0x00,0x0c,0xfc,0x00,0x00,0x00,0x00,0x67,0x60,0x00,0x00,
  0x00,0x00,0x00,0x00,0x00,0x33,0x20,0x00,0x00,0x00,0x00,0x19,0xef,0xff,0xe8,0x10,0x00,0x00,0x2d,0xff,
  0xff,0xff,0xfd,0x20,0x00,0x1d,0xff,0x82,0x02,0x9f,0xfc,0x00,0x07,0xff,0x60,0x00,0x00,0x7f,0xf7,0x00,
  0xdf,0xc0,0x00,0x00,0x00,0xdf,0xd0,0x2f,0xf7,0x00,0x00,0x00,0x08,0xff,0x14,0xff,0x50,0x00,0x00,0x00,
  0x6f,0xf3,0x4f,0xf5,0x00,0x00,0x00,0x05,0xff,0x43,0xff,0x60,0x00,0x00,0x00,0x7f,0xf3,0x1f,0xf9,0x00,
  0x24,0x40,0x0a,0xff,0x00,0xbf,0xe2,0x01,0xdf,0x62,0xff,0xa0,0x04,0xff,0xc1,0x03,0xfe,0xdf,0xf3,0x00,
  0x08,0xff,0xe9,0x8d,0xff,0xf8,0x00,0x00,0x07,0xff,0xff,0xff,0xfd,0x00,0x00,0x00,0x02,0x7a,0xba,0x7c,
  0xf9,0x00,0x00,0x00,0x00,0x00,0x00,0x2b,0xb4,0x00,0xcf,0xff,0xff,0xec,0x71,0x00,0xcf,0xff,0xff,0xff,
  0xfc,0x10,0xcf,0xc1,0x11,0x28,0xff,0x90,0xcf,0xc0,0x00,0x00,0xaf,0xe0,0xcf,0xc0,0x00,0x00,0x7f,0xf1,
  0xcf,0xc0,0x00,0x00,0x9f,0xf0,0xcf,0xc0,0x00,0x05,0xff,0xb0,0xcf,0xec,0xcc,0xdf,0xfe,0x20,0xcf,0xff,
  0xff,0xff,0xc2,0x00,0xcf,0xd4,0x44,0xff,0xa0,0x00,0xcf,0xc0,0x00,0x8f,0xf3,0x00,0xcf,0xc0,0x00,0x1e,
  0xfb,0x00,0xcf,0xc0,0x00,0x08,0xff,0x40,0xcf,0xc0,0x00,0x01,0xef,0xc0,0x67,0x60,0x00,0x00,0x57,0x72,
  0x00,0x00,0x00,0x10,0x00,0x00,0x00,0x01,0x7c,0xff,0xeb,0x50,0x00,0x01,0xcf,0xff,0xff,0xff,0x80,0x00,
  0x9f,0xf7,0x10,0x3b,0xff,0x40,0x0e,0xfa,0x00,0x00,0x1e,0xf9,0x00,0xff,0xb0,0x00,0x00,0x57,0x50,0x0c,
  0xff,0xa4,0x00,0x00,0x00,0x00,0x3e,0xff,0xfe,0xb7,0x20,0x00,0x00,0x2a,0xef,0xff,0xff,0x90,0x00,0x00,
  0x01,0x47,0xbf,0xff,0x90,0x02,0x20,0x00,0x00,0x2d,0xfe,0x04,0xff,0x50,0x00,0x00,0x8f,0xf1,0x1f,0xfb,
  0x00,0x00,0x0b,0xfe,0x00,0x9f,0xfc,0x65,0x6c,0xff,0x70,0x00,0xaf,0xff,0xff,0xff,0x90,0x00,0x00,0x38,
  0xab,0xa8,0x30,0x00,0x8f,0xff,0xff,0xff,0xff,0xff,0x18,0xff,0xff,0xff,0xff,0xff,0xf1,0x24,0x44,0x4f,
  0xfa,0x44,0x44,0x00,0x00,0x00,0xff,0x90,0x00,0x00,0x00,0x00,0x0f,0xf9,0x00,0x00,0x00,0x00,0x00,0xff,
  0x90,0x00,0x00,0x00,0x00,0x0f,0xf9,0x00,0x00,0x00,0x00,0x00,0xff,0x90,0x00,0x00,0x00,0x00,0x0f,0xf9,
  0x00,0x00,0x00,0x00,0x00,0xff,0x90,0x00,0x00,0x00,0x00,0x0f,0xf9,0x00,0x00,0x00,0x00,0x00,0xff,0x90,
  0x00,0x00,0x00,0x00,0x0f,0xf9,0x00,0x00,0x00,0x00,0x00,0xff,0x90,0x00,0x00,0x00,0x00,0x07,0x74,0x00,
  0x00,0x00,0xdf,0xb0,0x00,0x00,0x09,0xfe,0xdf,0xb0,0x00,0x00,0x09,0xfe,0xdf,0xb0,0x00,0x00,0x09,0xfe,
  0xdf,0xb0,0x00,0x00,0x09,0xfe,0xdf,0xb0,0x00,0x00,0x09,0xfe,0xdf,0xb0,0x00,0x00,0x09,0xfe,0xdf,0xb0,
  0x00,0x00,0x09,0xfe,0xdf,0xb0,0x00,0x00,0x09,0xfe,0xdf,0xb0,0x00,0x00,0x09,0xfe,0xdf,0xb0,0x00,0x00,
  0x0a,0xfe,0xbf,0xe0,0x00,0x00,0x0d,0xfc,0x7f,0xf8,0x00,0x00,0x7f,0xf8,0x1d,0xff,0xc8,0x8c,0xff,0xe1,
  0x02,0xcf,0xff,0xff,0xfd,0x20,0x00,0x05,0x9b,0xb9,0x50,0x00,0xaf,0xf2,0x00,0x00,0x00,0x4f,0xf7,0x5f,
  0xf7,0x00,0x00,0x00,0x9f,0xf2,0x0e,0xfc,0x00,0x00,0x00,0xef,0xb0,0x09,0xff,0x20,0x00,0x04,0xff,0x60,
  0x04,0xff,0x70,0x00,0x09,0xff,0x10,0x00,0xdf,0xc0,0x00,0x0e,0xfa,0x00,0x00,0x8f,0xf2,0x00,0x4f,0xf5,
  0x00,0x00,0x3f,0xf8,0x00,0x9f,0xe1,0x00,0x00,0x0c,0xfc,0x00,0xef,0xa0,0x00,0x00,0x07,0xff,0x24,0xff,
  0x40,0x00,0x00,0x02,0xff,0x78,0xfe,0x00,0x00,0x00,0x00,0xbf,0xbd,0xf9,0x00,0x00,0x00,0x00,0x6f,0xff,
  0xf4,0x00,0x00,0x00,0x00,0x1f,0xff,0xd0,0x00,0x00,0x00,0x00,0x06,0x77,0x50,0x00,0x00,0xbf,0xe0,0x00,
  0x00,0xaf,0xf4,0x00,0x00,0x5f,0xf5,0x7f,0xf3,0x00,0x00,0xef,0xf8,0x00,0x00,0x9f,0xf1,0x3f,0xf7,0x00,
  0x03,0xff,0xfc,0x00,0x00,0xdf,0xc0,0x0e,0xfb,0x00,0x07,0xfe,0xff,0x10,0x02,0xff,0x80,0x0a,0xfe,0x00,
  0x0b,0xf9,0xef,0x50,0x05,0xff,0x40,0x06,0xff,0x30,0x0e,0xf5,0xbf,0x80,0x09,0xfe,0x00,0x02,0xff,0x70,
  0x3f,0xf1,0x7f,0xc0,0x0d,0xfb,0x00,0x00,0xdf,0xa0,0x7f,0xc0,0x3f,0xf1,0x1f,0xf7,0x00,0x00,0x9f,0xe0,
  0xbf,0x90,0x0e,0xf5,0x5f,0xf3,0x00,0x00,0x4f,0xf2,0xef,0x50,0x0a,0xf8,0x8f,0xe0,0x00,0x00,0x1f,0xf8,
  0xff,0x10,0x06,0xfc,0xbf,0xa0,0x00,0x00,0x0b,0xfe,0xfc,0x00,0x02,0xff,0xef,0x60,0x00,0x00,0x07,0xff,
  0xf8,0x00,0x00,0xdf,0xff,0x20,0x00,0x00,0x03,0xff,0xf4,0x00,0x00,0x9f,0xfc,0x00,0x00,0x00,0x00,0x77,
  0x70,0x00,0x00,0x37,0x75,0x00,0x00,0x2e,0xfc,0x00,0x00,0x03,0xff,0xb0,0x06,0xff,0x80,0x00,0x0c,0xfe,
  0x20,0x00,0xbf,0xf3,0x00,0x7f,0xf5,0x00,0x00,0x2e,0xfc,0x03,0xff,0xa0,0x00,0x00,0x06,0xff,0x7c,0xfe,
  0x10,0x00,0x00,0x00,0xaf,0xff,0xf5,0x00,0x00,0x00,0x00,0x1e,0xff,0xa0,0x00,0x00,0x00,0x00,0x1d,0xff,
  0x90,0x00,0x00,0x00,0x00,0x9f,0xff,0xf5,0x00,0x00,0x00,0x05,0xff,0x8d,0xfe,0x10,0x00,0x00,0x1e,0xfc,
  0x04,0xff,0xa0,0x00,0x00,0xbf,0xf3,0x00,0x9f,0xf6,0x00,0x06,0xff,0x70,0x00,0x1d,0xfe,0x20,0x3e,0xfb,
  0x00,0x00,0x04,0xff,0xb0,0x57,0x72,0x00,0x00,0x00,0x57,0x72,0x9f,0xf6,0x00,0x00,0x00,0xdf,0xe2,0x1e,
  0xfe,0x10,0x00,0x07,0xff,0x70,0x05,0xff,0x80,0x00,0x1e,0xfd,0x00,0x00,0xbf,0xf3,0x00,0x9f,0xf4,0x00,
  0x00,0x3f,0xfb,0x03,0xff,0xa0,0x00,0x00,0x08,0xff,0x5b,0xfe,0x20,0x00,0x00,0x01,0xdf,0xef,0xf7,0x00,
  0x00,0x00,0x00,0x5f,0xff,0xd0,0x00,0x00,0x00,0x00,0x0b,0xff,0x40,0x00,0x00,0x00,0x00,0x07,0xff,0x10,
  0x00,0x00,0x00,0x00,0x07,0xff,0x10,0x00,0x00,0x00,0x00,0x07,0xff,0x10,0x00,0x00,0x00,0x00,0x07,0xff,
  0x10,0x00,0x00,0x00,0x00,0x07,0xff,0x10,0x00,0x00,0x00,0x00,0x04,0x77,0x00,0x00,0x00,0x3f,0xff,0xff,
  0xff,0xff,0xfe,0x03,0xff,0xff,0xff,0xff,0xff,0xe0,0x14,0x44,0x44,0x44,0x9f,0xf9,0x00,0x00,0x00,0x00,
  0x4f,0xfb,0x00,0x00,0x00,0x00,0x2e,0xfd,0x10,0x00,0x00,0x00,0x1c,0xff,0x30,0x00,0x00,0x00,0x0a,0xff,
  0x60,0x00,0x00,0x00,0x07,0xff,0x90,0x00,0x00,0x00,0x04,0xff,0xb0,0x00,0x00,0x00,0x02,0xef,0xd1,0x00,
  0x00,0x00,0x01,0xcf,0xe3,0x00,0x00,0x00,0x00,0xaf,0xf5,0x00,0x00,0x00,0x00,0x6f,0xfe,0xbb,0xbb,0xbb,
  0xbb,0x07,0xff,0xff,0xff,0xff,0xff,0xf0,0x37,0x77,0x77,0x77,0x77,0x77,0x00,0x7c,0xcc,0x89,0xff,0xfb,
  0x9f,0xd4,0x39,0xfd,0x00,0x9f,0xd0,0x09,0xfd,0x00,0x9f,0xd0,0x09,0xfd,0x00,0x9f,0xd0,0x09,0xfd,0x00,
  0x9f,0xd0,0x09,0xfd,0x00,0x9f,0xd0,0x09,0xfd,0x00,0x9f,0xd0,0x09,0xfd,0x00,0x9f,0xfc,0x89,0xff,0xfb,
  0x24,0x44,0x30,0x89,0x30,0x00,0x09,0xf8,0x00,0x00,0x5f,0xc0,0x00,0x01,0xff,0x20,0x00,0x0c,0xf6,0x00,
  0x00,0x8f,0xa0,0x00,0x04,0xfe,0x00,0x00,0x0e,0xf3,0x00,0x00,0xbf,0x70,0x00,0x07,0xfb,0x00,0x00,0x3f,
  0xe0,0x00,0x00,0xef,0x40,0x00,0x0a,0xf8,0x00,0x00,0x6f,0xc0,0x00,0x02,0xff,0x10,0x00,0x0d,0xf5,0x00,
  0x00,0x9f,0x90,0x00,0x04,0xb9,0x4c,0xcc,0xc0,0x4f,0xff,0xf1,0x14,0x9f,0xf1,0x00,0x6f,0xf1,0x00,0x6f,
  0xf1,0x00,0x6f,0xf1,0x00,0x6f,0xf1,0x00,0x6f,0xf1,0x00,0x6f,0xf1,0x00,0x6f,0xf1,0x00,0x6f,0xf1,0x00,
  0x6f,0xf1,0x00,0x6f,0xf1,0x00,0x6f,0xf1,0x00,0x6f,0xf1,0x00,0x6f,0xf1,0x4c,0xdf,0xf1,0x4f,0xff,0xf1,
  0x14,0x44,0x40,0x00,0x08,0xb9,0x00,0x00,0x03,0xff,0xf4,0x00,0x00,0xaf,0x8f,0xb0,0x00,0x2f,0xd0,0xcf,
  0x30,0x09,0xf6,0x05,0xfa,0x01,0xfe,0x10,0x0d,0xf2,0x37,0x50,0x00,0x47,0x40,0x88,0x88,0x88,0x88,0x83,
  0xff,0xff,0xff,0xff,0xf5,0x77,0x77,0x77,0x77,0x73,0x1d,0xf6,0x00,0x3f,0xe1,0x00,0x7f,0x70,0x00,0x3a,
  0xef,0xea,0x20,0x04,0xff,0xff,0xff,0xe2,0x0c,0xfd,0x31,0x5e,0xf9,0x08,0x83,0x00,0x0b,0xfb,0x00,0x03,
  0x68,0xaf,0xfb,0x05,0xef,0xff,0xfe,0xfb,0x2f,0xfc,0x63,0x0a,0xfb,0x5f,0xf2,0x00,0x0c,0xfb,0x3f,0xf7,
  0x01,0x8f,0xfb,0x0b,0xff,0xff,0xec,0xfb,0x00,0x6a,0xb9,0x25,0x76,0xef,0x80,0x00,0x00,0x00,0x0e,0xf8,
  0x00,0x00,0x00,0x00,0xef,0x80,0x00,0x00,0x00,0x0e,0xf8,0x00,0x00,0x00,0x00,0xef,0x85,0xcf,0xe9,0x10,
  0x0e,0xfc,0xff,0xff,0xfc,0x10,0xef,0xfa,0x22,0x8f,0xf8,0x0e,0xfc,0x00,0x00,0xbf,0xd0,0xef,0x80,0x00,
  0x07,0xff,0x1e,0xf7,0x00,0x00,0x6f,0xf2,0xef,0x80,0x00,0x07,0xff,0x1e,0xfe,0x10,0x00,0xdf,0xc0,0xef,
  0xfc,0x65,0xbf,0xf6,0x0e,0xfa,0xef,0xff,0xfa,0x00,0x77,0x42,0x9b,0xa5,0x00,0x00,0x00,0x18,0xdf,0xea,
  0x30,0x00,0x1d,0xff,0xff,0xff,0x40,0x0a,0xfe,0x61,0x3c,0xfe,0x02,0xff,0x70,0x00,0x3e,0xe3,0x5f,0xf3,
  0x00,0x00,0x00,0x06,0xff,0x20,0x00,0x00,0x00,0x4f,0xf3,0x00,0x00,0x33,0x11,0xef,0x90,0x00,0x5f,0xf3,
  0x08,0xff,0x95,0x7e,0xfc,0x00,0x0a,0xff,0xff,0xfd,0x20,0x00,0x05,0x9b,0xa6,0x10,0x00,0x00,0x00,0x00,
  0x00,0xcf,0xa0,0x00,0x00,0x00,0x0c,0xfa,0x00,0x00,0x00,0x00,0xcf,0xa0,0x00,0x00,0x00,0x0c,0xfa,0x00,
  0x3a,0xee,0xb3,0xcf,0xa0,0x3e,0xff,0xff,0xed,0xfa,0x0c,0xfe,0x61,0x3c,0xff,0xa2,0xff,0x70,0x00,0x2f,
  0xfa,0x5f,0xf3,0x00,0x00,0xbf,0xa6,0xff,0x20,0x00,0x0a,0xfa,0x4f,0xf3,0x00,0x00,0xcf,0xa1,0xff,0x90,
  0x00,0x4f,0xfa,0x0a,0xff,0x95,0x7e,0xff,0xa0,0x1d,0xff,0xff,0xcc,0xfa,0x00,0x17,0xab,0x71,0x67,0x50,
  0x00,0x18,0xdf,0xe9,0x20,0x00,0x1d,0xff,0xff,0xfe,0x30,0x0a,0xfd,0x41,0x3c,0xfc,0x02,0xff,0x40,0x00,
  0x2f,0xf3,0x5f,0xfb,0xbb,0xbb,0xff,0x66,0xff,0xff,0xff,0xff,0xf7,0x4f,0xf1,0x00,0x00,0x00,0x01,0xff,
  0x70,0x00,0x1b,0xb3,0x08,0xff,0x85,0x6d,0xfd,0x00,0x0a,0xff,0xff,0xfd,0x30,0x00,0x05,0x9b,0xa6,0x10,
  0x00,0x00,0x1a,0xef,0x90,0x0b,0xff,0xf9,0x00,0xef,0xa1,0x00,0x0f,0xf7,0x00,0x9b,0xff,0xdb,0x7c,0xff,
  0xff,0xf9,0x45,0xff,0xa5,0x30,0x0f,0xf7,0x00,0x00,0xff,0x70,0x00,0x0f,0xf7,0x00,0x00,0xff,0x70,0x00,
  0x0f,0xf7,0x00,0x00,0xff,0x70,0x00,0x0f,0xf7,0x00,0x00,0x77,0x40,0x00,0x00,0x3b,0xee,0xb2,0x9b,0x70,
  0x3e,0xff,0xff,0xed,0xfa,0x0c,0xfe,0x51,0x3c,0xff,0xa2,0xff,0x70,0x00,0x1f,0xfa,0x5f,0xf3,0x00,0x00,
  0xbf,0xa6,0xff,0x20,0x00,0x0b,0xfa,0x4f,0xf4,0x00,0x00,0xdf,0xa1,0xef,0xb0,0x00,0x6f,0xfa,0x08,0xff,
  0xd9,0xbf,0xff,0xa0,0x0a,0xff,0xff,0x9c,0xfa,0x00,0x03,0x77,0x40,0xcf,0x90,0x8b,0x80,0x00,0x2f,0xf7,
  0x07,0xff,0xb8,0x9e,0xfe,0x20,0x09,0xff,0xff,0xfe,0x40,0x00,0x02,0x67,0x74,0x00,0x00,0xef,0x80,0x00,
  0x00,0x00,0xef,0x80,0x00,0x00,0x00,0xef,0x80,0x00,0x00,0x00,0xef,0x80,0x00,0x00,0x00,0xef,0x85,0xcf,
  0xe8,0x10,0xef,0xdf,0xff,0xff,0xa0,0xef,0xf7,0x13,0xcf,0xf2,0xef,0xb0,0x00,0x4f,0xf5,0xef,0x80,0x00,
  0x2f,0xf5,0xef,0x80,0x00,0x2f,0xf5,0xef,0x80,0x00,0x2f,0xf5,0xef,0x80,0x00,0x2f,0xf5,0xef,0x80,0x00,
  0x2f,0xf5,0xef,0x80,0x00,0x2f,0xf5,0x77,0x40,0x00,0x17,0x73,0x0b,0xe6,0x2f,0xfb,0x07,0xb3,0x00,0x00,
  0x0a,0xb6,0x0e,0xf8,0x0e,0xf8,0x0e,0xf8,0x0e,0xf8,0x0e,0xf8,0x0e,0xf8,0x0e,0xf8,0x0e,0xf8,0x0e,0xf8,
  0x07,0x74,0x00,0xbe,0x60,0x1f,0xfb,0x00,0x7b,0x40,0x00,0x00,0x00,0xab,0x60,0x0e,0xf8,0x00,0xef,0x80,
  0x0e,0xf8,0x00,0xef,0x80,0x0e,0xf8,0x00,0xef,0x80,0x0e,0xf8,0x00,0xef,0x80,0x0e,0xf8,0x00,0xef,0x80,
  0x0e,0xf8,0x5a,0xff,0x6a,0xff,0xc1,0x57,0x50,0x00,0xef,0x80,0x00,0x00,0x00,0xef,0x80,0x00,0x00,0x00,
  0xef,0x80,0x00,0x00,0x00,0xef,0x80,0x00,0x00,0x00,0xef,0x80,0x00,0x8b,0xb2,0xef,0x80,0x09,0xff,0x60,
  0xef,0x80,0x8f,0xf7,0x00,0xef,0x87,0xff,0x80,0x00,0xef,0xdf,0xfa,0x00,0x00,0xef,0xff,0xfd,0x10,0x00,
  0xef,0xe7,0xff,0xb0,0x00,0xef,0x80,0x7f,0xf7,0x00,0xef,0x80,0x0a,0xff,0x40,0xef,0x80,0x01,0xdf,0xe2,
  0x77,0x40,0x00,0x27,0x75,0xef,0x8e,0xf8,0xef,0x8e,0xf8,0xef,0x8e,0xf8,0xef,0x8e,0xf8,0xef,0x8e,0xf8,
  0xef,0x8e,0xf8,0xef,0x8e,0xf8,0x77,0x40,0xab,0x54,0xcf,0xd6,0x04,0xbf,0xe9,0x10,0xef,0xbf,0xff,0xff,
  0x8f,0xff,0xff,0xb0,0xef,0xf6,0x14,0xef,0xf9,0x22,0xbf,0xf2,0xef,0xa0,0x00,0x9f,0xe0,0x00,0x4f,0xf4,
  0xef,0x80,0x00,0x8f,0xd0,0x00,0x3f,0xf4,0xef,0x80,0x00,0x8f,0xd0,0x00,0x3f,0xf4,0xef,0x80,0x00,0x8f,
  0xd0,0x00,0x3f,0xf4,0xef,0x80,0x00,0x8f,0xd0,0x00,0x3f,0xf4,0xef,0x80,0x00,0x8f,0xd0,0x00,0x3f,0xf4,
  0xef,0x80,0x00,0x8f,0xd0,0x00,0x3f,0xf4,0x77,0x40,0x00,0x47,0x70,0x00,0x17,0x72,0xab,0x65,0xcf,0xe8,
  0x10,0xef,0xcf,0xff,0xff,0xa0,0xef,0xf7,0x13,0xcf,0xf2,0xef,0xb0,0x00,0x4f,0xf5,0xef,0x80,0x00,0x2f,
  0xf5,0xef,0x80,0x00,0x2f,0xf5,0xef,0x80,0x00,0x2f,0xf5,0xef,0x80,0x00,0x2f,0xf5,0xef,0x80,0x00,0x2f,
  0xf5,0xef,0x80,0x00,0x2f,0xf5,0x77,0x40,0x00,0x17,0x73,0x00,0x18,0xdf,0xea,0x30,0x00,0x1d,0xff,0xff,
  0xff,0x50,0x0a,0xff,0x61,0x3c,0xfe,0x22,0xff,0x70,0x00,0x2f,0xf8,0x5f,0xf3,0x00,0x00,0xcf,0xb6,0xff,
  0x20,0x00,0x0b,0xfc,0x4f,0xf3,0x00,0x00,0xdf,0xa1,0xef,0x90,0x00,0x3f,0xf7,0x08,0xff,0xa5,0x7e,0xfd,
  0x10,0x0a,0xff,0xff,0xfe,0x30,0x00,0x04,0x9b,0xa7,0x10,0x00,0xab,0x65,0xcf,0xe9,0x10,0x0e,0xfc,0xff,
  0xff,0xfc,0x10,0xef,0xfa,0x22,0x8f,0xf8,0x0e,0xfc,0x00,0x00,0xbf,0xd0,0xef,0x80,0x00,0x07,0xff,0x1e,
  0xf7,0x00,0x00,0x6f,0xf2,0xef,0x80,0x00,0x07,0xff,0x1e,0xfe,0x10,0x00,0xdf,0xc0,0xef,0xfc,0x65,0xbf,
  0xf6,0x0e,0xfa,0xef,0xff,0xfa,0x00,0xef,0x82,0x8b,0xa5,0x00,0x0e,0xf8,0x00,0x00,0x00,0x00,0xef,0x80,
  0x00,0x00,0x00,0x0e,0xf8,0x00,0x00,0x00,0x00,0x77,0x40,0x00,0x00,0x00,0x00,0x00,0x3a,0xee,0xb3,0x9b,
  0x70,0x3e,0xff,0xff,0xed,0xfa,0x0c,0xfe,0x61,0x3c,0xff,0xa2,0xff,0x70,0x00,0x2f,0xfa,0x5f,0xf3,0x00,
  0x00,0xbf,0xa6,0xff,0x20,0x00,0x0a,0xfa,0x4f,0xf3,0x00,0x00,0xcf,0xa1,0xff,0x90,0x00,0x4f,0xfa,0x0a,
  0xff,0x95,0x7e,0xff,0xa0,0x1d,0xff,0xff,0xcc,0xfa,0x00,0x17,0xab,0x71,0xcf,0xa0,0x00,0x00,0x00,0x0c,
  0xfa,0x00,0x00,0x00,0x00,0xcf,0xa0,0x00,0x00,0x00,0x0c,0xfa,0x00,0x00,0x00,0x00,0x67,0x50,0xab,0x55,
  0xa9,0xef,0xbf,0xfc,0xef,0xfa,0x55,0xef,0xc0,0x00,0xef,0x90,0x00,0xef,0x80,0x00,0xef,0x80,0x00,0xef,
  0x80,0x00,0xef,0x80,0x00,0xef,0x80,0x00,0x77,0x40,0x00,0x00,0x6c,0xfe,0xc6,0x00,0x09,0xff,0xcc,0xff,
  0x90,0x1f,0xf7,0x00,0x6f,0xf2,0x2f,0xf8,0x00,0x06,0x61,0x0c,0xff,0xd9,0x62,0x00,0x02,0xbf,0xff,0xff,
  0x90,0x00,0x02,0x58,0xdf,0xf5,0x39,0x91,0x00,0x1f,0xf7,0x2f,0xf9,0x11,0x6f,0xf5,0x07,0xff,0xff,0xff,
  0xa0,0x00,0x38,0xbb,0x94,0x00,0x00,0x99,0x40,0x00,0x1f,0xf6,0x00,0x01,0xff,0x60,0x09,0xbf,0xfd,0xb6,
  0xcf,0xff,0xff,0x84,0x5f,0xf9,0x52,0x01,0xff,0x60,0x00,0x1f,0xf6,0x00,0x01,0xff,0x60,0x00,0x1f,0xf6,
  0x00,0x00,0xff,0x70,0x00,0x0e,0xfd,0x84,0x00,0x9f,0xff,0x80,0x00,0x47,0x74,0xab,0x60,0x00,0x1b,0xb4,
  0xef,0x80,0x00,0x2f,0xf5,0xef,0x80,0x00,0x2f,0xf5,0xef,0x80,0x00,0x2f,0xf5,0xef,0x80,0x00,0x2f,0xf5,
  0xef,0x80,0x00,0x2f,0xf5,0xef,0x80,0x00,0x2f,0xf5,0xdf,0xb0,0x00,0x6f,0xf5,0x9f,0xf9,0x57,0xef,0xf5,
  0x2e,0xff,0xff,0xaf,0xf5,0x02,0x8b,0xa5,0x07,0x73,0x8b,0xa0,0x00,0x01,0xbb,0x55,0xff,0x30,0x00,0x6f,
  0xf2,0x0e,0xf9,0x00,0x0b,0xfc,0x00,0x9f,0xe0,0x01,0xff,0x60,0x03,0xff,0x40,0x6f,0xe1,0x00,0x0d,0xf9,
  0x0c,0xfa,0x00,0x00,0x7f,0xe2,0xff,0x40,0x00,0x01,0xff,0xaf,0xd0,0x00,0x00,0x0b,0xff,0xf8,0x00,0x00,
  0x00,0x5f,0xff,0x20,0x00,0x00,0x00,0x77,0x60,0x00,0x00,0x8b,0xa0,0x00,0x3b,0xb2,0x00,0x0b,0xb7,0x7f,
  0xf2,0x00,0x8f,0xf7,0x00,0x3f,0xf5,0x2f,0xf6,0x00,0xcf,0xfb,0x00,0x7f,0xf1,0x0c,0xfa,0x01,0xfe,0xfe,
  0x10,0xbf,0xb0,0x08,0xfe,0x05,0xfa,0xbf,0x41,0xff,0x60,0x03,0xff,0x29,0xf6,0x7f,0x84,0xff,0x20,0x00,
  0xdf,0x6d,0xf2,0x3f,0xc8,0xfc,0x00,0x00,0x9f,0xbf,0xc0,0x0d,0xfc,0xf7,0x00,0x00,0x4f,0xff,0x70,0x09,
  0xff,0xf3,0x00,0x00,0x0e,0xff,0x30,0x04,0xff,0xd0,0x00,0x00,0x05,0x77,0x00,0x01,0x77,0x50,0x00,0x4b,
  0xb5,0x00,0x08,0xba,0x00,0xbf,0xd1,0x05,0xff,0x50,0x02,0xef,0x91,0xdf,0x90,0x00,0x05,0xff,0xbf,0xd1,
  0x00,0x00,0x0a,0xff,0xf4,0x00,0x00,0x00,0x4f,0xfd,0x00,0x00,0x00,0x1d,0xff,0xf8,0x00,0x00,0x0a,0xfd,
  0x7f,0xf4,0x00,0x06,0xff,0x40,0xbf,0xd1,0x02,0xef,0x90,0x02,0xef,0xa0,0x57,0x71,0x00,0x04,0x77,0x10,
  0x8b,0xa0,0x00,0x01,0xbb,0x55,0xff,0x30,0x00,0x6f,0xf2,0x0e,0xf9,0x00,0x0b,0xfb,0x00,0x8f,0xe0,0x02,
  0xff,0x50,0x02,0xff,0x50,0x7f,0xe1,0x00,0x0b,0xfa,0x0c,0xf9,0x00,0x00,0x5f,0xe3,0xff,0x30,0x00,0x01,
  0xef,0xcf,0xc0,0x00,0x00,0x09,0xff,0xf6,0x00,0x00,0x00,0x3f,0xff,0x10,0x00,0x00,0x00,0xef,0xa0,0x00,
  0x00,0x00,0x5f,0xf4,0x00,0x00,0x06,0x9e,0xfd,0x00,0x00,0x00,0xbf,0xfe,0x30,0x00,0x00,0x05,0x76,0x20,
  0x00,0x00,0x00,0x1b,0xbb,0xbb,0xbb,0xb2,0x1f,0xff,0xff,0xff,0xf3,0x05,0x55,0x56,0xff,0xc0,0x00,0x00,
  0x0b,0xfd,0x20,0x00,0x00,0x9f,0xf3,0x00,0x00,0x06,0xff,0x60,0x00,0x00,0x4f,0xf8,0x00,0x00,0x02,0xef,
  0xb0,0x00,0x00,0x0c,0xff,0x98,0x88,0x82,0x1f,0xff,0xff,0xff,0xf3,0x17,0x77,0x77,0x77,0x72,0x00,0x01,
  0x7a,0x80,0x01,0xdf,0xfb,0x00,0x7f,0xf8,0x30,0x0a,0xfc,0x00,0x00,0xbf,0xa0,0x00,0x0b,0xfa,0x00,0x00,
  0xbf,0xa0,0x00,0x4f,0xf8,0x00,0xdf,0xfc,0x10,0x0d,0xfe,0x80,0x00,0x38,0xff,0x60,0x00,0x0c,0xfa,0x00,
  0x00,0xbf,0xa0,0x00,0x0b,0xfa,0x00,0x00,0xaf,0xb0,0x00,0x09,0xfe,0x10,0x00,0x4f,0xfe,0x90,0x00,0x7e,
  0xfb,0x00,0x00,0x03,0x30,0x89,0x4d,0xf6,0xdf,0x6d,0xf6,0xdf,0x6d,0xf6,0xdf,0x6d,0xf6,0xdf,0x6d,0xf6,
  0xdf,0x6d,0xf6,0xdf,0x6d,0xf6,0xdf,0x6d,0xf6,0xdf,0x6d,0xf6,0xdf,0x6d,0xf6,0xdf,0x6d,0xf6,0xdf,0x6d,
  0xf6,0x34,0x20,0x3b,0x94,0x00,0x00,0x4f,0xff,0x60,0x00,0x16,0xdf,0xe0,0x00,0x00,0x6f,0xf2,0x00,0x00,
  0x4f,0xf2,0x00,0x00,0x4f,0xf2,0x00,0x00,0x4f,0xf3,0x00,0x00,0x2f,0xfa,0x10,0x00,0x07,0xff,0xf4,0x00,
  0x03,0xcf,0xf4,0x00,0x1e,0xfc,0x51,0x00,0x4f,0xf4,0x00,0x00,0x4f,0xf2,0x00,0x00,0x4f,0xf2,0x00,0x00,
  0x4f,0xf2,0x00,0x00,0x9f,0xf1,0x00,0x4d,0xff,0xb0,0x00,0x4f,0xfb,0x20,0x00,0x13,0x10,0x00,0x00,0x00,
  0x34,0x10,0x00,0x00,0x00,0xaf,0xfe,0x60,0x06,0xe8,0x6f,0xfc,0xff,0xa5,0xdf,0x79,0xf7,0x03,0xdf,0xff,
  0xe1,0x46,0x20,0x01,0x8b,0x92,0x00,
};
static const aa::Glyph kTitleGlyphs[] = {
  { 0, 0, 0, 0, 0, 5 },
  { 0, 4, 15, 0, -14, 5 },
  { 30, 7, 6, 1, -14, 9 },
  { 51, 13, 15, 0, -14, 12 },
  { 149, 13, 19, 0, -16, 13 },
  { 273, 16, 16, 1, -15, 18 },
  { 401, 13, 15, 0, -14, 13 },
  { 499, 3, 6, 1, -14, 5 },
  { 508, 5, 19, 1, -15, 6 },
  { 556, 6, 19, 0, -15, 6 },
  { 613, 9, 9, 1, -14, 10 },
  { 654, 11, 10, 1, -10, 13 },
  { 709, 4, 6, 0, -2, 5 },
  { 721, 7, 3, 1, -7, 9 },
  { 732, 4, 4, 0, -3, 5 },
  { 740, 7, 18, 0, -15, 7 },
  { 803, 13, 16, 0, -15, 13 },
  { 907, 7, 15, 0, -14, 8 },
  { 960, 11, 16, 0, -15, 12 },
  { 1048, 12, 16, 0, -15, 12 },
  { 1144, 13, 15, 0, -14, 13 },
  { 1242, 12, 15, 0, -14, 12 },
  { 1332, 12, 16, 0, -15, 12 },
  { 1428, 11, 15, 0, -14, 11 },
  { 1511, 12, 16, 0, -15, 12 },
  { 1607, 12, 16, 0, -15, 12 },
  { 1703, 4, 11, 0, -10, 5 },
  { 1725, 4, 14, 0, -10, 5 },
  { 1753, 11, 12, 1, -11, 13 },
  { 1819, 11, 7, 1, -9, 13 },
  { 1858, 11, 12, 1, -11, 13 },
  { 1924, 11, 15, 0, -14, 11 },
  { 2007, 20, 19, 0, -14, 20 },
  { 2197, 14, 15, 0, -14, 14 },
  { 2302, 12, 15, 1, -14, 13 },
  { 2392, 14, 16, 0, -15, 14 },
  { 2504, 13, 15, 1, -14, 14 },
  { 2602, 11, 15, 1, -14, 12 },
  { 2685, 10, 15, 1, -14, 11 },
  { 2760, 14, 16, 0, -15, 15 },
  { 2872, 13, 15, 1, -14, 14 },
  { 2970, 3, 15, 1, -14, 5 },
  { 2993, 10, 15, 0, -14, 11 },
  { 3068, 13, 15, 1, -14, 13 },
  { 3166, 10, 15, 1, -14, 11 },
  { 3241, 16, 15, 1, -14, 18 },
  { 3361, 13, 15, 1, -14, 14 },
  { 3459, 15, 16, 0, -15, 15 },
  { 3579, 11, 15, 1, -14, 12 },
  { 3662, 15, 17, 0, -15, 15 },
  { 3790, 12, 15, 1, -14, 13 },
  { 3880, 13, 16, 0, -15, 13 },
  { 3984, 13, 15, 0, -14, 13 },
  { 4082, 12, 15, 1, -14, 14 },
  { 4172, 14, 15, 0, -14, 14 },
  { 4277, 20, 15, 0, -14, 20 },
  { 4427, 14, 15, 0, -14, 14 },
  { 4532, 14, 15, 0, -14, 13 },
  { 4637, 13, 15, 0, -14, 13 },
  { 4735, 5, 19, 1, -15, 6 },
  { 4783, 7, 18, 0, -15, 7 },
  { 4846, 6, 19, 0, -15, 6 },
  { 4903, 9, 7, 0, -14, 9 },
  { 4935, 10, 3, 0, 0, 9 },
  { 4950, 5, 3, 0, -14, 6 },
  { 4958, 10, 11, 0, -10, 11 },
  { 5013, 11, 15, 1, -14, 12 },
  { 5096, 11, 11, 0, -10, 11 },
  { 5157, 11, 15, 0, -14, 12 },
  { 5240, 11, 11, 0, -10, 11 },
  { 5301, 7, 15, 0, -14, 7 },
  { 5354, 11, 15, 0, -10, 12 },
  { 5437, 10, 15, 1, -14, 11 },
  { 5512, 4, 15, 0, -14, 5 },
  { 5542, 5, 19, -1, -14, 5 },
  { 5590, 10, 15, 1, -14, 11 },
  { 5665, 3, 15, 1, -14, 5 },
  { 5688, 16, 11, 1, -10, 17 },
  { 5776, 10, 11, 1, -10, 11 },
  { 5831, 11, 11, 0, -10, 11 },
  { 5892, 11, 15, 1, -10, 12 },
  { 5975, 11, 15, 0, -10, 12 },
  { 6058, 6, 11, 1, -10, 7 },
  { 6091, 10, 11, 0, -10, 10 },
  { 6146, 7, 14, 0, -13, 7 },
  { 6195, 10, 11, 1, -10, 11 },
  { 6250, 11, 11, 0, -10, 11 },
  { 6311, 16, 11, 0, -10, 16 },
  { 6399, 11, 11, 0, -10, 11 },
  { 6460, 11, 15, 0, -10, 11 },
  { 6543, 10, 11, 0, -10, 10 },
  { 6598, 7, 19, 1, -15, 8 },
  { 6665, 3, 25, 2, -19, 7 },
  { 6703, 8, 19, 0, -15, 8 },
  { 6779, 11, 5, 1, -8, 13 },
};
static const uint8_t kTitleIndex[256] = {
  0xff,0xff,0xff,0xff,0xff,0xff,0xff,0xff,0xff,0xff,0xff,0xff,0xff,0xff,0xff,0xff,0xff,0xff,0xff,0xff,
  0xff,0xff,0xff,0xff,0xff,0xff,0xff,0xff,0xff,0xff,0xff,0xff,0x00,0x01,0x02,0x03,0x04,0x05,0x06,0x07,
  0x08,0x09,0x0a,0x0b,0x0c,0x0d,0x0e,0x0f,0x10,0x11,0x12,0x13,0x14,0x15,0x16,0x17,0x18,0x19,0x1a,0x1b,
  0x1c,0x1d,0x1e,0x1f,0x20,0x21,0x22,0x23,0x24,0x25,0x26,0x27,0x28,0x29,0x2a,0x2b,0x2c,0x2d,0x2e,0x2f,
  0x30,0x31,0x32,0x33,0x34,0x35,0x36,0x37,0x38,0x39,0x3a,0x3b,0x3c,0x3d,0x3e,0x3f,0x40,0x41,0x42,0x43,
  0x44,0x45,0x46,0x47,0x48,0x49,0x4a,0x4b,0x4c,0x4d,0x4e,0x4f,0x50,0x51,0x52,0x53,0x54,0x55,0x56,0x57,
  0x58,0x59,0x5a,0x5b,0x5c,0x5d,0x5e,0xff,0xff,0xff,0xff,0xff,0xff,0xff,0xff,0xff,0xff,0xff,0xff,0xff,
  0xff,0xff,0xff,0xff,0xff,0xff,0xff,0xff,0xff,0xff,0xff,0xff,0xff,0xff,0xff,0xff,0xff,0xff,0xff,0xff,
  0xff,0xff,0xff,0xff,0xff,0xff,0xff,0xff,0xff,0xff,0xff,0xff,0xff,0xff,0xff,0xff,0xff,0xff,0xff,0xff,
  0xff,0xff,0xff,0xff,0xff,0xff,0xff,0xff,0xff,0xff,0xff,0xff,0xff,0xff,0xff,0xff,0xff,0xff,0xff,0xff,
  0xff,0xff,0xff,0xff,0xff,0xff,0xff,0xff,0xff,0xff,0xff,0xff,0xff,0xff,0xff,0xff,0xff,0xff,0xff,0xff,
  0xff,0xff,0xff,0xff,0xff,0xff,0xff,0xff,0xff,0xff,0xff,0xff,0xff,0xff,0xff,0xff,0xff,0xff,0xff,0xff,
  0xff,0xff,0xff,0xff,0xff,0xff,0xff,0xff,0xff,0xff,0xff,0xff,0xff,0xff,0xff,0xff,
};
const aa::Font kFontTitle = { kTitleBits, kTitleGlyphs, kTitleIndex, 20, 5, 14, 31 };

static const uint8_t kUiBits[] = {
  0x00,0x01,0x57,0x74,0x00,0x00,0x00,0x7e,0xa7,0x7c,0xd4,0x00,0x08,0xc2,0x00,0x00,0x4e,0x50,0x4d,0x10,
  0x00,0x00,0x03,0xe1,0xa6,0x0c,0x80,0x0c,0x80,0x97,0xf1,0x08,0x60,0x08,0x60,0x5b,0xf0,0x00,0x00,0x00,
  0x00,0x4b,0xd3,0x00,0x00,0x00,0x00,0x79,0x79,0x09,0x30,0x03,0x80,0xd4,0x1d,0x61,0x9c,0xc9,0x19,0xa0,
  0x03,0xd9,0x30,0x05,0xbb,0x10,0x00,0x17,0xcf,0xfb,0x60,0x00,0x00,0x01,0x57,0x74,0x00,0x00,0x00,0x7e,
  0xff,0xff,0xd4,0x00,0x08,0xff,0xff,0xff,0xff,0x50,0x4f,0xff,0xff,0xff,0xff,0xe1,0xaf,0xf3,0x7f,0xf3,
  0x7f,0xf7,0xff,0xf7,0x9f,0xf7,0x9f,0xfb,0xff,0xff,0xff,0xff,0xff,0xfb,0xdf,0xff,0xff,0xff,0xff,0xf9,
  0x7f,0xf6,0xcf,0xfc,0x7f,0xf4,0x1d,0xfe,0x63,0x36,0xef,0xa0,0x03,0xdf,0xff,0xff,0xfb,0x10,0x00,0x17,
  0xcf,0xfb,0x60,0x00,0x00,0x24,0x10,0x00,0x24,0x20,0x01,0xaf,0xff,0x80,0x8f,0xff,0xa0,0x9f,0xff,0xff,
  0xdf,0xff,0xff,0x8e,0xff,0xff,0xff,0xff,0xff,0xfd,0xef,0xff,0xff,0xff,0xff,0xff,0xda,0xff,0xff,0xff,
  0xff,0xff,0xf9,0x1d,0xff,0xff,0xff,0xff,0xfc,0x10,0x1d,0xff,0xff,0xff,0xfc,0x10,0x00,0x1d,0xff,0xff,
  0xfc,0x10,0x00,0x00,0x1d,0xff,0xfc,0x10,0x00,0x00,0x00,0x1d,0xfc,0x10,0x00,0x00,0x00,0x00,0x1a,0x10,
  0x00,0x00,0x00,0x00,0x10,0x00,0x00,0x00,0x3d,0x10,0x00,0x00,0x1d,0xfa,0x00,0x00,0x0a,0xff,0xf7,0x00,
  0x06,0xff,0xff,0xe3,0x03,0xef,0xff,0xff,0xc1,0x8f,0xff,0xff,0xff,0x51,0xdf,0xff,0xff,0xa0,0x03,0xff,
  0xff,0xd1,0x00,0x07,0xff,0xf4,0x00,0x00,0x0b,0xf7,0x00,0x00,0x00,0x1a,0x00,0x00,0x00,0x03,0x73,0x00,
  0x00,0x03,0xff,0xf3,0x00,0x00,0x7f,0xff,0x70,0x00,0x79,0xff,0xfa,0x50,0xaf,0xfd,0xaf,0xff,0x7f,0xff,
  0xfe,0xff,0xfb,0xaf,0xfd,0xfe,0xff,0x70,0x77,0x7f,0x67,0x50,0x00,0x0a,0xf8,0x00,0x00,0x00,0xef,0xd0,
  0x00,0x00,0x3f,0xff,0x20,0x00,0x00,0x00,0x10,0x00,0x00,0x00,0x3d,0x10,0x00,0x00,0x1d,0xfa,0x00,0x00,
  0x0a,0xff,0xf7,0x00,0x07,0xff,0xff,0xf4,0x07,0xff,0xff,0xff,0xf5,0xef,0xff,0xff,0xff,0xad,0xff,0xff,
  0xff,0xf9,0x5e,0xfe,0xfe,0xfe,0x30,0x14,0x8f,0x64,0x10,0x00,0x0e,0xfa,0x00,0x00,0x06,0xff,0xf2,0x00,
  0x2c,0xfa,0x1b,0xff,0xf8,0xef,0xff,0xba,0xff,0xf6,0x18,0xb7,0x00,0x00,0x00,0x24,0x30,0x00,0x00,0x00,
  0x4c,0xff,0xfe,0x70,0x00,0x06,0xfd,0x75,0x6b,0xfa,0x00,0x3f,0xb1,0x00,0x00,0x7f,0x70,0x9e,0x20,0x00,
  0x00,0x0b,0xe0,0xda,0x00,0x00,0x00,0x06,0xf3,0xe9,0x00,0x00,0x00,0x04,0xf4,0xdb,0x00,0x00,0x00,0x06,
  0xf2,0x8f,0x30,0x00,0x00,0x1d,0xd0,0x1e,0xd3,0x00,0x01,0xbf,0x50,0x03,0xef,0xb8,0xae,0xf7,0x00,0x00,
  0x18,0xdf,0xea,0x30,0x00,0x00,0x00,0x00,0x20,0x02,0x00,0x00,0x00,0x0d,0xff,0xf7,0x00,0x00,0x00,0x24,
  0xcf,0x70,0x00,0x00,0x01,0xb8,0xb7,0x02,0x9b,0x94,0xc6,0x0d,0x73,0xeb,0x7b,0xf8,0x00,0x20,0xba,0x00,
  0x0a,0xb0,0x00,0x0f,0x40,0x00,0x4f,0x00,0x00,0xe6,0x00,0x06,0xe0,0x00,0x07,0xe4,0x04,0xe7,0x00,0x00,
  0x08,0xff,0xf8,0x00,0x00,0x00,0x02,0x42,0x00,0x00,0x00,0x05,0xdf,0xb3,0x05,0xe7,0x49,0xe2,0xd7,0x00,
  0x0b,0x9f,0x40,0x00,0x7b,0xd7,0x00,0x0b,0x95,0xe7,0x49,0xe2,0x05,0xdf,0xb3,0x00,0x04,0xf0,0x00,0x36,
  0x7f,0x46,0x18,0xff,0xff,0xf5,0x00,0x4f,0x00,0x00,0x04,0xf0,0x00,0x00,0x6f,0x20,0x00,0x00,0x30,0x00,
  0x00,0x00,0x00,0x00,0x30,0x00,0x00,0x00,0x7f,0x00,0x3e,0x9c,0xff,0xb0,0x04,0xff,0xff,0xdb,0x00,0x4d,
  0x74,0x04,0xb0,0x04,0xb0,0x00,0x4b,0x00,0x4b,0x00,0x04,0xb0,0x04,0xb0,0x02,0x7b,0x00,0x4b,0x03,0xef,
  0xb0,0x8c,0xb0,0x7f,0xff,0x7f,0xfd,0x01,0xce,0x45,0xff,0xb0,0x00,0x00,0x05,0x70,0x00,0x00,0x00,0x00,
  0x00,0x00,0x63,0x00,0x00,0x00,0x00,0x00,0x00,0xb6,0x00,0x00,0x00,0x01,0xa1,0x00,0xb6,0x00,0x48,0x00,
  0x00,0xac,0x10,0x84,0x04,0xe5,0x00,0x00,0x0a,0x80,0x21,0x0c,0x50,0x00,0x00,0x00,0x1b,0xff,0x70,0x00,
  0x00,0x34,0x41,0x7d,0x14,0xf1,0x34,0x42,0xcd,0xd5,0x8a,0x01,0xf3,0x9d,0xd7,0x00,0x00,0x3f,0x9b,0xc0,
  0x00,0x00,0x00,0x04,0x34,0xa9,0x16,0x10,0x00,0x00,0x4e,0x60,0x31,0x0b,0xc1,0x00,0x02,0xe6,0x00,0xb6,
  0x01,0xbb,0x00,0x00,0x30,0x00,0xb6,0x00,0x12,0x00,0x00,0x00,0x00,0xb6,0x00,0x00,0x00,0x30,0x00,0x00,
  0x00,0x00,0x00,0x0a,0xc4,0x00,0x00,0x00,0x00,0x00,0xaf,0xfa,0x20,0x00,0x00,0x00,0x0a,0xff,0xff,0x81,
  0x00,0x00,0x00,0xaf,0xff,0xff,0xd5,0x00,0x00,0x0a,0xff,0xff,0xff,0xfc,0x30,0x00,0xaf,0xff,0xff,0xff,
  0xff,0x91,0x0a,0xff,0xff,0xff,0xff,0xff,0x90,0xaf,0xff,0xff,0xff,0xfc,0x30,0x0a,0xff,0xff,0xff,0xe6,
  0x00,0x00,0xaf,0xff,0xff,0x81,0x00,0x00,0x0a,0xff,0xfa,0x20,0x00,0x00,0x00,0xaf,0xc4,0x00,0x00,0x00,
  0x00,0x09,0x60,0x00,0x00,0x00,0x00,0x00,0x00,0x00,0x00,0x00,0x00,0x00,0x00,0x00,0x00,0x00,0x00,0x00,
  0x01,0x20,0x00,0x00,0x00,0x00,0x06,0xe6,0x00,0x00,0x00,0x00,0x4d,0xff,0x60,0x00,0x00,0x02,0xaf,0xff,
  0xf6,0x00,0x00,0x18,0xff,0xff,0xff,0x60,0x00,0x6e,0xff,0xff,0xff,0xf6,0x03,0xcf,0xff,0xff,0xff,0xff,
  0x61,0xcf,0xff,0xff,0xff,0xff,0xf6,0x00,0x6e,0xff,0xff,0xff,0xff,0x60,0x00,0x18,0xff,0xff,0xff,0xf6,
  0x00,0x00,0x02,0xbf,0xff,0xff,0x60,0x00,0x00,0x00,0x4d,0xff,0xf6,0x00,0x00,0x00,0x00,0x07,0xef,0x60,
  0x00,0x00,0x00,0x00,0x01,0x96,0x00,0x00,0x00,0x00,0x00,0x00,0x00,0x00,0x00,0x14,0x00,0x00,0x00,0x00,
  0x1c,0xf5,0x00,0x00,0x00,0x1c,0xff,0xf5,0x00,0x00,0x1c,0xeb,0xfb,0xf5,0x00,0x1c,0xf4,0x8f,0x1b,0xf5,
  0x07,0xf4,0x08,0xf0,0x1b,0xd1,0x03,0x00,0x8f,0x00,0x12,0x00,0x00,0x08,0xf0,0x00,0x00,0x00,0x00,0x8f,
  0x00,0x00,0x00,0x00,0x08,0xf0,0x00,0x00,0x00,0x00,0x8f,0x00,0x00,0x00,0x30,0x08,0xf0,0x01,0x20,0x7f,
  0x50,0x8f,0x01,0xcd,0x11,0xbf,0x58,0xf1,0xcf,0x50,0x01,0xbf,0xbf,0xbf,0x50,0x00,0x01,0xbf,0xff,0x50,
  0x00,0x00,0x01,0xbf,0x50,0x00,0x00,0x00,0x01,0x40,0x00,0x00,0x00,0x13,0x44,0x42,0x06,0xef,0xff,0xf9,
  0x3f,0xff,0xc5,0xf9,0x8f,0xff,0xa0,0xf9,0x9f,0xff,0xa0,0xf9,0x6f,0xff,0xa0,0xf9,0x0c,0xff,0xa0,0xf9,
  0x00,0x6a,0x70,0xf9,0x00,0x00,0x00,0xf9,0x00,0x00,0x00,0xf9,0x00,0x00,0x00,0xf9,0x00,0x00,0x00,0xb7,
  0x00,0x03,0x30,0x00,0x02,0xdf,0xfd,0x30,0x0a,0xf7,0x6e,0xc0,0x0c,0xe1,0x06,0x80,0x06,0xfc,0x40,0x00,
  0x09,0xee,0xfb,0x30,0x4f,0x41,0x7e,0xe3,0x5f,0xa1,0x02,0xf9,0x0b,0xfe,0x75,0xf7,0x00,0x6d,0xff,0x90,
  0x00,0x00,0x7f,0xc0,0x0b,0x80,0x0a,0xf1,0x0b,0xf9,0x9e,0xd0,0x02,0xbf,0xfc,0x30,0x00,0x00,0x00,0x00,
  0x00,0x00,0x03,0x00,0x00,0x00,0x00,0x08,0xf6,0x00,0x00,0x00,0x08,0xff,0xf6,0x00,0x00,0x08,0xfc,0xfc,
  0xf5,0x00,0x07,0xf9,0x5f,0x3b,0xf5,0x06,0xfa,0x05,0xf3,0x1b,0xf4,0x18,0x00,0x5f,0x30,0x18,0x10,0x00,
  0x05,0xf3,0x00,0x00,0x00,0x00,0x5f,0x30,0x00,0x00,0x00,0x05,0xf3,0x00,0x00,0x00,0x00,0x5f,0x30,0x00,
  0x00,0x00,0x04,0xb2,0x00,0x00,0x00,0x00,0x14,0x10,0x00,0x00,0x00,0x05,0xf3,0x00,0x00,0x00,0x00,0x5f,
  0x30,0x00,0x00,0x00,0x05,0xf3,0x00,0x00,0x00,0x00,0x5f,0x30,0x00,0x00,0x10,0x05,0xf3,0x00,0x10,0x6e,
  0x30,0x5f,0x30,0x5e,0x42,0xde,0x35,0xf3,0x5f,0xc1,0x02,0xde,0x8f,0x7f,0xc1,0x00,0x02,0xdf,0xff,0xc1,
  0x00,0x00,0x02,0xdf,0xc1,0x00,0x00,0x00,0x02,0xa1,0x00,0x00,0x00,0x00,0x00,0x10,0x00,0x00,0x00,0x00,
  0x04,0xe4,0x00,0x00,0x00,0x00,0x01,0xce,0x40,0x00,0x00,0x00,0x00,0x1c,0xe4,0x00,0x00,0x00,0x00,0x01,
  0xce,0x40,0x4c,0xcc,0xcc,0xcc,0xdf,0xe3,0x4b,0xbb,0xbb,0xbb,0xcf,0xe3,0x00,0x00,0x00,0x01,0xde,0x30,
  0x00,0x00,0x00,0x2d,0xe3,0x00,0x00,0x00,0x02,0xde,0x30,0x00,0x00,0x00,0x03,0xd3,0x00,0x00,0x00,0x00,
  0x00,0x00,0x00,0x00,0x00,0x00,0x01,0x00,0x00,0x00,0x00,0x00,0x5e,0x30,0x00,0x00,0x00,0x05,0xfc,0x10,
  0x00,0x00,0x00,0x4f,0xc1,0x00,0x00,0x00,0x04,0xfb,0x10,0x00,0x00,0x00,0x4f,0xfd,0xcc,0xcc,0xcc,0xc3,
  0x4e,0xfc,0xbb,0xbb,0xbb,0xb3,0x04,0xec,0x10,0x00,0x00,0x00,0x00,0x4e,0xc1,0x00,0x00,0x00,0x00,0x04,
  0xec,0x10,0x00,0x00,0x00,0x00,0x4d,0x20,0x00,0x00,0x00,0x00,0x00,0x00,0x00,0x00,0x04,0x20,0x25,0x00,
  0x43,0x4f,0xc0,0xbf,0x63,0xfe,0x2c,0x80,0x7c,0x31,0xc9,0x00,0x00,0x00,0x00,0x00,0x00,0x00,0x00,0x00,
  0x00,0x00,0x5b,0x10,0x00,0x02,0xc2,0x00,0x00,0x00,0x05,0xfc,0x10,0x00,0x03,0xed,0x20,0x00,0x00,0x4f,
  0xc1,0x00,0x00,0x00,0x3e,0xd2,0x00,0x04,0xfb,0x10,0x00,0x00,0x00,0x03,0xed,0x20,0x4f,0xfd,0xcc,0xcc,
  0xcc,0xcc,0xcc,0xdf,0xd2,0x4e,0xfc,0xbb,0xbb,0xbb,0xbb,0xbb,0xdf,0xc1,0x04,0xec,0x10,0x00,0x00,0x00,
  0x03,0xed,0x10,0x00,0x4e,0xc1,0x00,0x00,0x00,0x3e,0xd1,0x00,0x00,0x04,0xec,0x10,0x00,0x03,0xed,0x20,
  0x00,0x00,0x00,0x4a,0x00,0x00,0x02,0xb2,0x00,0x00,0x00,0x00,0x00,0x06,0x00,0x00,0x00,0x00,0x00,0x00,
  0x04,0xf5,0x00,0x00,0x00,0x00,0x00,0x00,0xcf,0xd1,0x00,0x00,0x00,0x00,0x00,0x7f,0xff,0x80,0x00,0x00,
  0x00,0x00,0x1e,0xff,0xff,0x20,0x00,0x00,0x00,0x0a,0xff,0xff,0xfb,0x00,0x00,0x00,0x04,0xff,0xff,0xff,
  0xf5,0x00,0x00,0x00,0xcf,0xff,0xff,0xff,0xd1,0x00,0x00,0x7f,0xff,0xff,0xff,0xff,0x80,0x00,0x1e,0xff,
  0xff,0xff,0xff,0xff,0x20,0x09,0xff,0xff,0xff,0xff,0xff,0xfb,0x02,0xbb,0xbb,0xbb,0xbb,0xbb,0xbb,0xb3,
  0x14,0x44,0x44,0x44,0x44,0x44,0x44,0x21,0xdf,0xff,0xff,0xff,0xff,0xff,0xe2,0x05,0xff,0xff,0xff,0xff,
  0xff,0xf7,0x00,0x0b,0xff,0xff,0xff,0xff,0xfd,0x00,0x00,0x2f,0xff,0xff,0xff,0xff,0x40,0x00,0x00,0x8f,
  0xff,0xff,0xff,0xa0,0x00,0x00,0x01,0xdf,0xff,0xff,0xe2,0x00,0x00,0x00,0x05,0xff,0xff,0xf7,0x00,0x00,
  0x00,0x00,0x0b,0xff,0xfd,0x00,0x00,0x00,0x00,0x00,0x3f,0xff,0x40,0x00,0x00,0x00,0x00,0x00,0x8f,0xa0,
  0x00,0x00,0x00,0x00,0x00,0x01,0xd2,0x00,0x00,0x00,0x00,0x00,0x00,0x01,0x00,0x00,0x00,0x00,0x14,0x33,
  0xfb,0x3f,0xb2,0xfb,0x2f,0xa2,0xfa,0x1f,0xa1,0xfa,0x1b,0x70,0x42,0x4f,0xd2,0xc8,0x33,0x04,0x2d,0xc1,
  0xf9,0xcb,0x0f,0x8b,0xb0,0xf7,0x88,0x0b,0x50,0x00,0x14,0x10,0x14,0x00,0x00,0x4f,0x30,0x6f,0x10,0x00,
  0x6f,0x00,0x9d,0x00,0x17,0xce,0x77,0xdd,0x71,0x4f,0xff,0xff,0xff,0xf1,0x01,0xe9,0x12,0xf6,0x10,0x01,
  0xf6,0x03,0xf3,0x00,0x7a,0xfa,0x8b,0xf9,0x50,0xef,0xff,0xff,0xff,0x70,0x08,0xe0,0x0b,0xb0,0x00,0x0a,
  0xb0,0x0d,0x90,0x00,0x0a,0x70,0x0b,0x50,0x00,0x00,0x00,0x95,0x00,0x00,0x00,0x02,0xd8,0x00,0x00,0x02,
  0xbf,0xff,0xe6,0x00,0x0d,0xfa,0xeb,0xef,0x50,0x3f,0xc0,0xc7,0x4f,0xa0,0x3f,0xd1,0xc7,0x03,0x20,0x0c,
  0xfe,0xea,0x20,0x00,0x01,0x8d,0xff,0xfb,0x20,0x00,0x00,0xdb,0xcf,0xb0,0x5b,0x50,0xc7,0x0e,0xf0,0x4f,
  0xc0,0xc7,0x2e,0xe0,0x0c,0xfd,0xec,0xef,0x80,0x01,0x9e,0xff,0xd6,0x00,0x00,0x00,0xd7,0x00,0x00,0x00,
  0x00,0x64,0x00,0x00,0x00,0x57,0x30,0x00,0x01,0x41,0x00,0x8f,0xcf,0x50,0x00,0xbb,0x00,0x0e,0x70,0xab,
  0x00,0x6e,0x20,0x01,0xf6,0x09,0xc0,0x2e,0x60,0x00,0x0c,0xb4,0xd9,0x0b,0xb0,0x00,0x00,0x3c,0xfb,0x17,
  0xe2,0x00,0x00,0x00,0x00,0x02,0xf5,0x29,0xb5,0x00,0x00,0x00,0xca,0x0d,0xc9,0xf4,0x00,0x00,0x7e,0x13,
  0xf3,0x0c,0x90,0x00,0x3f,0x50,0x3f,0x30,0xc9,0x00,0x0c,0x90,0x00,0xeb,0x7f,0x50,0x05,0xb1,0x00,0x03,
  0xbd,0x70,0x00,0x02,0x31,0x00,0x00,0x01,0xbf,0xfe,0x40,0x00,0x07,0xf9,0x6e,0xd0,0x00,0x09,0xf1,0x0a,
  0xe0,0x00,0x05,0xf7,0x6f,0x80,0x00,0x00,0xbf,0xf8,0x00,0x00,0x05,0xef,0xf4,0x05,0x70,0x3f,0xd4,0xee,
  0x2c,0xd0,0x8f,0x50,0x4f,0xdf,0x90,0x7f,0x90,0x07,0xff,0x30,0x1e,0xfc,0xbf,0xff,0x80,0x02,0x9d,0xc9,
  0x39,0xb3,0x33,0xdc,0xcb,0xbb,0x88,0x00,0x6b,0x30,0x0e,0xe0,0x04,0xf9,0x00,0x8f,0x50,0x0c,0xf2,0x00,
  0xee,0x00,0x0f,0xd0,0x01,0xfc,0x00,0x0f,0xd0,0x00,0xdf,0x00,0x0b,0xf3,0x00,0x6f,0x70,0x01,0xfd,0x00,
  0x09,0xf4,0x6b,0x40,0x2f,0xb0,0x0c,0xf1,0x08,0xf5,0x05,0xf9,0x02,0xfb,0x01,0xfc,0x00,0xfd,0x01,0xfc,
  0x03,0xfb,0x06,0xf8,0x0a,0xf4,0x1f,0xd0,0x7f,0x60,0x00,0x03,0x20,0x00,0x10,0xb7,0x01,0x0d,0x8b,0x8b,
  0x90,0x3b,0xff,0x92,0x06,0xdf,0xfc,0x40,0xb5,0xb7,0x87,0x00,0x0b,0x70,0x00,0x00,0x04,0x20,0x00,0x00,
  0x0e,0xa0,0x00,0x00,0x0e,0xa0,0x00,0x34,0x4f,0xb4,0x42,0xcf,0xff,0xff,0xf8,0x45,0x5f,0xb5,0x52,0x00,
  0x0e,0xa0,0x00,0x00,0x0e,0xa0,0x00,0x00,0x04,0x20,0x00,0x2f,0x94,0xf5,0x6f,0x18,0xc0,0x15,0x55,0x53,
  0x2f,0xff,0xfb,0x14,0x44,0x43,0x04,0x24,0xfc,0x2c,0x80,0x00,0x06,0xb1,0x00,0x0b,0xd0,0x00,0x1f,0x90,
  0x00,0x4f,0x50,0x00,0x8f,0x10,0x00,0xcc,0x00,0x01,0xf8,0x00,0x05,0xf4,0x00,0x09,0xf1,0x00,0x0d,0xb0,
  0x00,0x2f,0x70,0x00,0x6f,0x30,0x00,0xae,0x00,0x00,0x76,0x00,0x00,0x00,0x04,0x76,0x20,0x00,0x01,0xbf,
  0xff,0xf6,0x00,0x09,0xf9,0x23,0xdf,0x30,0x1f,0xd0,0x00,0x4f,0x90,0x5f,0x80,0x00,0x0e,0xd0,0x7f,0x60,
  0x00,0x0c,0xf0,0x7f,0x60,0x00,0x0c,0xf0,0x6f,0x70,0x00,0x0d,0xe0,0x3f,0xb0,0x00,0x2f,0xb0,0x0c,0xf4,
  0x00,0xaf,0x60,0x03,0xef,0xbd,0xfb,0x00,0x00,0x3a,0xdc,0x70,0x00,0x00,0x14,0x30,0x3d,0xfc,0x6f,0xef,
  0xca,0x92,0xfc,0x20,0x1f,0xc0,0x01,0xfc,0x00,0x1f,0xc0,0x01,0xfc,0x00,0x1f,0xc0,0x01,0xfc,0x00,0x1f,
  0xc0,0x01,0xb9,0x00,0x16,0x75,0x10,0x00,0x5e,0xff,0xfe,0x30,0x1e,0xe4,0x16,0xfd,0x05,0xf8,0x00,0x0b,
  0xf2,0x26,0x20,0x00,0xbf,0x10,0x00,0x00,0x4f,0xc0,0x00,0x00,0x3e,0xe3,0x00,0x00,0x5e,0xe3,0x00,0x00,
  0x6f,0xe3,0x00,0x00,0x7f,0xd2,0x00,0x00,0x5f,0xfd,0xcc,0xcc,0x25,0xbb,0xbb,0xbb,0xb2,0x00,0x15,0x76,
  0x20,0x00,0x3e,0xff,0xff,0x60,0x0d,0xf5,0x14,0xef,0x22,0xea,0x00,0x08,0xf5,0x00,0x00,0x00,0xbf,0x20,
  0x00,0x6b,0xed,0x50,0x00,0x06,0xce,0xe8,0x00,0x00,0x00,0x1a,0xf6,0x5d,0x70,0x00,0x4f,0xa3,0xfc,0x10,
  0x09,0xf8,0x09,0xfe,0xbd,0xfd,0x10,0x06,0xbd,0xc8,0x10,0x00,0x00,0x03,0x43,0x00,0x00,0x00,0x3f,0xfb,
  0x00,0x00,0x01,0xdf,0xfb,0x00,0x00,0x09,0xf7,0xfb,0x00,0x00,0x5f,0x92,0xfb,0x00,0x01,0xed,0x12,0xfb,
  0x00,0x0b,0xf3,0x02,0xfb,0x00,0x6f,0xb5,0x56,0xfc,0x51,0x9f,0xff,0xff,0xff,0xf4,0x24,0x44,0x45,0xfc,
  0x41,0x00,0x00,0x02,0xfb,0x00,0x00,0x00,0x01,0xb8,0x00,0x04,0x44,0x44,0x43,0x01,0xff,0xff,0xff,0xb0,
  0x2f,0xb5,0x55,0x53,0x03,0xf9,0x00,0x00,0x00,0x4f,0x87,0xba,0x40,0x04,0xff,0xec,0xff,0x70,0x5f,0xb1,
  0x02,0xef,0x10,0x10,0x00,0x09,0xf4,0x59,0x30,0x00,0x8f,0x54,0xfb,0x00,0x1d,0xf1,0x0b,0xfd,0xbe,0xf8,
  0x00,0x07,0xcd,0xb5,0x00,0x00,0x04,0x76,0x20,0x00,0x1c,0xff,0xff,0x60,0x09,0xf8,0x13,0xdf,0x21,0xfb,
  0x00,0x04,0x93,0x4f,0x73,0x88,0x30,0x06,0xfb,0xff,0xff,0x80,0x7f,0xf6,0x03,0xdf,0x36,0xfb,0x00,0x06,
  0xf8,0x4f,0xa0,0x00,0x5f,0x80,0xee,0x20,0x0b,0xf5,0x05,0xfe,0xbd,0xfb,0x00,0x04,0xbd,0xc7,0x00,0x24,
  0x44,0x44,0x43,0xaf,0xff,0xff,0xfb,0x35,0x55,0x59,0xf9,0x00,0x00,0x0c,0xf2,0x00,0x00,0x5f,0xa0,0x00,
  0x00,0xcf,0x30,0x00,0x05,0xfa,0x00,0x00,0x0c,0xf3,0x00,0x00,0x4f,0xa0,0x00,0x00,0xcf,0x30,0x00,0x04,
  0xfa,0x00,0x00,0x08,0xb3,0x00,0x00,0x00,0x16,0x76,0x10,0x00,0x4e,0xff,0xfe,0x50,0x0d,0xf5,0x15,0xfe,
  0x01,0xfc,0x00,0x0b,0xf2,0x0d,0xe2,0x01,0xee,0x00,0x3c,0xec,0xec,0x30,0x05,0xde,0xce,0xe6,0x03,0xfd,
  0x10,0x1c,0xf3,0x7f,0x70,0x00,0x7f,0x75,0xfb,0x00,0x0b,0xf6,0x0c,0xfd,0xbd,0xfd,0x10,0x17,0xcd,0xc8,
  0x10,0x00,0x16,0x75,0x10,0x00,0x5e,0xff,0xfd,0x30,0x1e,0xe5,0x16,0xfd,0x06,0xf8,0x00,0x0a,0xf4,0x7f,
  0x60,0x00,0x8f,0x74,0xfb,0x00,0x1d,0xf8,0x0c,0xfc,0x9d,0xef,0x80,0x19,0xee,0xb6,0xf7,0x12,0x10,0x00,
  0x8f,0x44,0xfb,0x00,0x2e,0xd0,0x0b,0xfd,0xbe,0xf4,0x00,0x07,0xcd,0xa3,0x00,0x18,0x55,0xfd,0x18,0x50,
  0x00,0x00,0x00,0x42,0x4f,0xc2,0xc8,0x08,0x54,0xfe,0x08,0x50,0x00,0x00,0x00,0x00,0x2f,0x94,0xf5,0x6f,
  0x18,0xc0,0x00,0x00,0x00,0x53,0x00,0x00,0x6c,0xf5,0x01,0x6d,0xfe,0x81,0x7e,0xfc,0x60,0x00,0xef,0xa1,
  0x00,0x00,0x5c,0xfe,0x82,0x00,0x00,0x4b,0xff,0xa2,0x00,0x00,0x3a,0xf5,0x00,0x00,0x00,0x22,0xaf,0xff,
  0xff,0xf5,0x68,0x88,0x88,0x83,0x00,0x00,0x00,0x00,0x68,0x88,0x88,0x83,0xaf,0xff,0xff,0xf5,0x52,0x00,
  0x00,0x00,0xaf,0xa3,0x00,0x00,0x3a,0xff,0xb4,0x00,0x00,0x28,0xef,0xc4,0x00,0x00,0x2d,0xf9,0x00,0x3a,
  0xff,0xa3,0x4c,0xff,0x92,0x00,0xae,0x81,0x00,0x00,0x41,0x00,0x00,0x00,0x00,0x03,0x31,0x00,0x04,0xef,
  0xff,0x80,0x2f,0xe6,0x5c,0xf6,0x7f,0x60,0x03,0xfa,0x23,0x10,0x06,0xf8,0x00,0x00,0x6e,0xd1,0x00,0x08,
  0xfb,0x10,0x00,0x0d,0xd0,0x00,0x00,0x09,0x80,0x00,0x00,0x04,0x30,0x00,0x00,0x2f,0xe0,0x00,0x00,0x0b,
  0xa0,0x00,0x00,0x00,0x00,0x34,0x31,0x00,0x00,0x00,0x00,0x2a,0xef,0xff,0xfa,0x30,0x00,0x00,0x5e,0xfa,
  0x65,0x69,0xef,0x60,0x00,0x3f,0xd2,0x00,0x00,0x02,0xcf,0x30,0x0c,0xe2,0x07,0xdf,0xaa,0x71,0xec,0x02,
  0xf9,0x06,0xfc,0x9d,0xf9,0x08,0xf2,0x6f,0x40,0xdc,0x00,0x2f,0x90,0x5f,0x57,0xf3,0x0f,0x80,0x00,0xd9,
  0x03,0xf6,0x6f,0x30,0xf9,0x00,0x0e,0x90,0x4f,0x54,0xf6,0x0b,0xe1,0x04,0xfa,0x09,0xf2,0x1e,0xc0,0x4f,
  0xed,0xfc,0xfd,0xfa,0x00,0x8f,0x70,0x4a,0xb6,0x19,0xb8,0x10,0x00,0xbf,0x92,0x00,0x00,0x20,0x00,0x00,
  0x01,0x9f,0xfe,0xcd,0xfe,0x10,0x00,0x00,0x00,0x27,0xab,0xb8,0x40,0x00,0x00,0x00,0x00,0x44,0x20,0x00,
  0x00,0x00,0x4f,0xfa,0x00,0x00,0x00,0x09,0xfe,0xf1,0x00,0x00,0x01,0xee,0x8f,0x60,0x00,0x00,0x5f,0x93,
  0xfb,0x00,0x00,0x0a,0xf4,0x0d,0xf2,0x00,0x01,0xfe,0x00,0x8f,0x70,0x00,0x6f,0xd7,0x7a,0xfc,0x00,0x0b,
  0xff,0xff,0xff,0xf2,0x02,0xfe,0x11,0x11,0x9f,0x80,0x7f,0x90,0x00,0x03,0xfd,0x09,0xb3,0x00,0x00,0x0b,
  0xb2,0x04,0x44,0x43,0x10,0x00,0x1f,0xff,0xff,0xfa,0x00,0x1f,0xd5,0x56,0xcf,0x70,0x1f,0xc0,0x00,0x4f,
  0xb0,0x1f,0xc0,0x00,0x5f,0x90,0x1f,0xe8,0x89,0xec,0x10,0x1f,0xff,0xff,0xfb,0x30,0x1f,0xc0,0x00,0x6f,
  0xd0,0x1f,0xc0,0x00,0x0d,0xf2,0x1f,0xc0,0x00,0x3f,0xf1,0x1f,0xec,0xcd,0xff,0x80,0x1b,0xbb,0xbb,0x95,
  0x00,0x00,0x01,0x57,0x62,0x00,0x00,0x06,0xef,0xff,0xf9,0x00,0x06,0xfe,0x74,0x6d,0xf9,0x00,0xef,0x40,
  0x00,0x1e,0xf2,0x4f,0xb0,0x00,0x00,0x47,0x26,0xf8,0x00,0x00,0x00,0x00,0x7f,0x70,0x00,0x00,0x00,0x05,
  0xf9,0x00,0x00,0x01,0x10,0x2f,0xe1,0x00,0x00,0xcf,0x40,0x9f,0xb2,0x00,0x8f,0xd0,0x01,0xcf,0xfd,0xef,
  0xe3,0x00,0x00,0x6b,0xdc,0x81,0x00,0x04,0x44,0x43,0x00,0x00,0x1f,0xff,0xff,0xe8,0x00,0x1f,0xd5,0x56,
  0xcf,0xb0,0x1f,0xd0,0x00,0x0b,0xf5,0x1f,0xd0,0x00,0x04,0xfb,0x1f,0xd0,0x00,0x01,0xfd,0x1f,0xd0,0x00,
  0x01,0xfe,0x1f,0xd0,0x00,0x02,0xfc,0x1f,0xd0,0x00,0x07,0xf8,0x1f,0xd0,0x00,0x5e,0xe2,0x1f,0xfc,0xce,
  0xfe,0x40,0x1b,0xbb,0xba,0x71,0x00,0x04,0x44,0x44,0x44,0x21,0xff,0xff,0xff,0xf7,0x1f,0xd5,0x55,0x55,
  0x21,0xfd,0x00,0x00,0x00,0x1f,0xd0,0x00,0x00,0x01,0xfe,0x88,0x88,0x81,0x1f,0xff,0xff,0xff,0x11,0xfd,
  0x00,0x00,0x00,0x1f,0xd0,0x00,0x00,0x01,0xfd,0x00,0x00,0x00,0x1f,0xfc,0xcc,0xcc,0x61,0xbb,0xbb,0xbb,
  0xb5,0x04,0x44,0x44,0x44,0x11,0xff,0xff,0xff,0xf4,0x1f,0xd5,0x55,0x55,0x11,0xfd,0x00,0x00,0x00,0x1f,
  0xd0,0x00,0x00,0x01,0xfe,0x77,0x77,0x60,0x1f,0xff,0xff,0xfd,0x01,0xfd,0x11,0x11,0x10,0x1f,0xd0,0x00,
  0x00,0x01,0xfd,0x00,0x00,0x00,0x1f,0xd0,0x00,0x00,0x01,0xb9,0x00,0x00,0x00,0x00,0x01,0x67,0x62,0x00,
  0x00,0x06,0xef,0xff,0xf9,0x00,0x05,0xfe,0x74,0x6d,0xf9,0x00,0xef,0x40,0x00,0x1e,0xf2,0x4f,0xb0,0x00,
  0x00,0x35,0x16,0xf8,0x00,0x01,0x11,0x10,0x7f,0x70,0x00,0xff,0xff,0x65,0xf9,0x00,0x07,0x7b,0xf6,0x2f,
  0xe1,0x00,0x00,0xbf,0x40,0x9f,0xb2,0x00,0x7f,0xd0,0x01,0xcf,0xfd,0xef,0xe3,0x00,0x00,0x6b,0xdc,0x81,
  0x00,0x04,0x30,0x00,0x00,0x43,0x1f,0xd0,0x00,0x02,0xfc,0x1f,0xd0,0x00,0x02,0xfc,0x1f,0xd0,0x00,0x02,
  0xfc,0x1f,0xd0,0x00,0x02,0xfc,0x1f,0xeb,0xbb,0xbc,0xfc,0x1f,0xfc,0xcc,0xcd,0xfc,0x1f,0xd0,0x00,0x02,
  0xfc,0x1f,0xd0,0x00,0x02,0xfc,0x1f,0xd0,0x00,0x02,0xfc,0x1f,0xd0,0x00,0x02,0xfc,0x1b,0x90,0x00,0x01,
  0xb9,0x04,0x31,0xfd,0x1f,0xd1,0xfd,0x1f,0xd1,0xfd,0x1f,0xd1,0xfd,0x1f,0xd1,0xfd,0x1f,0xd1,0xb9,0x00,
  0x00,0x02,0x42,0x00,0x00,0x08,0xf6,0x00,0x00,0x08,0xf6,0x00,0x00,0x08,0xf6,0x00,0x00,0x08,0xf6,0x00,
  0x00,0x08,0xf6,0x00,0x00,0x08,0xf6,0x12,0x10,0x08,0xf6,0x8f,0x50,0x08,0xf6,0x6f,0x80,0x0b,0xf4,0x1e,
  0xfb,0xcf,0xd0,0x02,0x9d,0xc9,0x10,0x04,0x30,0x00,0x02,0x43,0x1f,0xd0,0x00,0x3f,0xe3,0x1f,0xd0,0x02,
  0xef,0x50,0x1f,0xd0,0x1d,0xf7,0x00,0x1f,0xd0,0xbf,0x90,0x00,0x1f,0xd9,0xfd,0x00,0x00,0x1f,0xff,0xff,
  0x40,0x00,0x1f,0xfb,0x4f,0xd1,0x00,0x1f,0xe1,0x08,0xfa,0x00,0x1f,0xd0,0x01,0xdf,0x50,0x1f,0xd0,0x00,
  0x3f,0xe2,0x1b,0x90,0x00,0x07,0xb7,0x04,0x30,0x00,0x00,0x1f,0xd0,0x00,0x00,0x1f,0xd0,0x00,0x00,0x1f,
  0xd0,0x00,0x00,0x1f,0xd0,0x00,0x00,0x1f,0xd0,0x00,0x00,0x1f,0xd0,0x00,0x00,0x1f,0xd0,0x00,0x00,0x1f,
  0xd0,0x00,0x00,0x1f,0xd0,0x00,0x00,0x1f,0xfc,0xcc,0xcb,0x1b,0xbb,0xbb,0xba,0x04,0x43,0x00,0x00,0x02,
  0x44,0x11,0xff,0xe0,0x00,0x00,0xbf,0xf5,0x1f,0xff,0x50,0x00,0x2f,0xff,0x51,0xfe,0xfa,0x00,0x07,0xfd,
  0xf5,0x1f,0xcd,0xf1,0x00,0xcf,0x9f,0x51,0xfc,0x8f,0x60,0x3f,0xb9,0xf5,0x1f,0xc2,0xfc,0x08,0xf6,0x9f,
  0x51,0xfc,0x0c,0xf2,0xde,0x19,0xf5,0x1f,0xc0,0x6f,0x9f,0x90,0x9f,0x51,0xfc,0x01,0xef,0xf4,0x09,0xf5,
  0x1f,0xc0,0x0a,0xfd,0x00,0x9f,0x51,0xb9,0x00,0x4b,0x60,0x07,0xb4,0x04,0x40,0x00,0x00,0x43,0x1f,0xf7,
  0x00,0x01,0xfd,0x1f,0xfe,0x20,0x01,0xfd,0x1f,0xff,0xb0,0x01,0xfd,0x1f,0xcb,0xf5,0x01,0xfd,0x1f,0xd2,
  0xfd,0x11,0xfd,0x1f,0xd0,0x8f,0x91,0xfd,0x1f,0xd0,0x0d,0xf3,0xfd,0x1f,0xd0,0x04,0xfb,0xfd,0x1f,0xd0,
  0x00,0x9f,0xfd,0x1f,0xd0,0x00,0x1e,0xfd,0x1b,0x90,0x00,0x05,0xba,0x00,0x01,0x67,0x62,0x00,0x00,0x06,
  0xef,0xff,0xf9,0x00,0x05,0xfe,0x74,0x6d,0xf9,0x00,0xef,0x40,0x00,0x1e,0xf2,0x4f,0xb0,0x00,0x00,0x8f,
  0x76,0xf8,0x00,0x00,0x05,0xfa,0x7f,0x70,0x00,0x00,0x4f,0xa5,0xf9,0x00,0x00,0x06,0xf9,0x2f,0xe1,0x00,
  0x00,0xcf,0x50,0x9f,0xb2,0x01,0x9f,0xc0,0x01,0xbf,0xfd,0xff,0xd2,0x00,0x00,0x6b,0xdc,0x81,0x00,0x04,
  0x44,0x43,0x10,0x01,0xff,0xff,0xff,0x90,0x1f,0xd5,0x56,0xcf,0x81,0xfd,0x00,0x01,0xfd,0x1f,0xd0,0x00,
  0x0e,0xe1,0xfd,0x00,0x06,0xfb,0x1f,0xfc,0xcd,0xfe,0x31,0xfe,0xbb,0xb8,0x20,0x1f,0xd0,0x00,0x00,0x01,
  0xfd,0x00,0x00,0x00,0x1f,0xd0,0x00,0x00,0x01,0xb9,0x00,0x00,0x00,0x00,0x01,0x67,0x62,0x00,0x00,0x06,
  0xef,0xff,0xf9,0x00,0x05,0xfe,0x74,0x6d,0xf9,0x00,0xef,0x40,0x00,0x1e,0xf2,0x4f,0xb0,0x00,0x00,0x8f,
  0x76,0xf8,0x00,0x00,0x05,0xfa,0x7f,0x70,0x00,0x00,0x4f,0xa5,0xf9,0x00,0x00,0x06,0xf9,0x2f,0xe1,0x0b,
  0xd1,0xcf,0x50,0x9f,0xb2,0x2e,0xdf,0xc0,0x01,0xbf,0xfd,0xff,0xe2,0x00,0x00,0x6b,0xdc,0xbf,0x50,0x00,
  0x00,0x00,0x00,0x89,0x00,0x04,0x44,0x43,0x10,0x00,0x1f,0xff,0xff,0xfa,0x10,0x1f,0xd5,0x55,0xcf,0x90,
  0x1f,0xd0,0x00,0x1e,0xe0,0x1f,0xd0,0x00,0x0d,0xf1,0x1f,0xd0,0x00,0x5f,0xd0,0x1f,0xfc,0xcd,0xff,0x40,
  0x1f,0xeb,0xbe,0xf4,0x00,0x1f,0xd0,0x08,0xf8,0x00,0x1f,0xd0,0x01,0xef,0x20,0x1f,0xd0,0x00,0x7f,0x90,
  0x1b,0x90,0x00,0x1b,0xb1,0x00,0x15,0x77,0x30,0x00,0x04,0xef,0xff,0xfa,0x00,0x1e,0xf6,0x13,0xbf,0x70,
  0x3f,0xb0,0x00,0x2f,0xb0,0x2f,0xe4,0x00,0x00,0x00,0x0a,0xff,0xea,0x61,0x00,0x00,0x5b,0xef,0xfe,0x40,
  0x00,0x00,0x04,0xaf,0xd0,0x6d,0x60,0x00,0x0e,0xf1,0x4f,0xd1,0x00,0x3f,0xd0,0x0a,0xfe,0xbb,0xff,0x50,
  0x00,0x6b,0xdd,0xa4,0x00,0x24,0x44,0x44,0x44,0x40,0xaf,0xff,0xff,0xff,0xf1,0x35,0x57,0xfc,0x55,0x50,
  0x00,0x04,0xfa,0x00,0x00,0x00,0x04,0xfa,0x00,0x00,0x00,0x04,0xfa,0x00,0x00,0x00,0x04,0xfa,0x00,0x00,
  0x00,0x04,0xfa,0x00,0x00,0x00,0x04,0xfa,0x00,0x00,0x00,0x04,0xfa,0x00,0x00,0x00,0x04,0xfa,0x00,0x00,
  0x00,0x03,0xb8,0x00,0x00,0x04,0x30,0x00,0x01,0x43,0x2f,0xc0,0x00,0x03,0xfa,0x2f,0xc0,0x00,0x03,0xfa,
  0x2f,0xc0,0x00,0x03,0xfa,0x2f,0xc0,0x00,0x03,0xfa,0x2f,0xc0,0x00,0x03,0xfa,0x2f,0xc0,0x00,0x03,0xfa,
  0x2f,0xc0,0x00,0x03,0xfa,0x1f,0xd0,0x00,0x05,0xfa,0x0c,0xf8,0x00,0x2d,0xf5,0x03,0xef,0xed,0xff,0xb0,
  0x00,0x29,0xcd,0xb6,0x00,0x34,0x10,0x00,0x00,0x34,0x1a,0xf7,0x00,0x00,0x2f,0xe0,0x4f,0xc0,0x00,0x06,
  0xf9,0x00,0xef,0x20,0x00,0xbf,0x40,0x09,0xf7,0x00,0x1f,0xe0,0x00,0x3f,0xc0,0x06,0xf9,0x00,0x00,0xdf,
  0x20,0xbf,0x30,0x00,0x08,0xf7,0x1f,0xd0,0x00,0x00,0x2f,0xb5,0xf8,0x00,0x00,0x00,0xcf,0xbf,0x30,0x00,
  0x00,0x07,0xff,0xd0,0x00,0x00,0x00,0x2b,0xb6,0x00,0x00,0x34,0x10,0x00,0x34,0x20,0x00,0x24,0x2b,0xf5,
  0x00,0x0d,0xf8,0x00,0x09,0xf6,0x7f,0x80,0x02,0xff,0xc0,0x00,0xdf,0x23,0xfc,0x00,0x5f,0xef,0x10,0x1f,
  0xd0,0x0d,0xf1,0x09,0xf8,0xf5,0x05,0xf9,0x00,0x9f,0x40,0xdd,0x3f,0x80,0x9f,0x50,0x05,0xf8,0x2f,0x90,
  0xec,0x0c,0xf1,0x00,0x1f,0xb5,0xf5,0x0a,0xf2,0xfc,0x00,0x00,0xce,0x9f,0x10,0x6f,0x8f,0x80,0x00,0x08,
  0xfe,0xc0,0x02,0xfe,0xf4,0x00,0x00,0x4f,0xf8,0x00,0x0d,0xfe,0x00,0x00,0x01,0xbb,0x40,0x00,0x7b,0x90,
  0x00,0x24,0x30,0x00,0x02,0x43,0x02,0xee,0x20,0x00,0xcf,0x50,0x06,0xfb,0x00,0x7f,0xa0,0x00,0x0b,0xf6,
  0x3f,0xe1,0x00,0x00,0x2e,0xec,0xf5,0x00,0x00,0x00,0x6f,0xfa,0x00,0x00,0x00,0x03,0xff,0x70,0x00,0x00,
  0x01,0xdf,0xef,0x30,0x00,0x00,0x9f,0x85,0xfc,0x00,0x00,0x4f,0xd0,0x0a,0xf8,0x00,0x1e,0xf3,0x00,0x1e,
  0xf3,0x07,0xb6,0x00,0x00,0x5b,0x90,0x34,0x10,0x00,0x01,0x44,0x07,0xfb,0x00,0x00,0x9f,0x90,0x0d,0xf5,
  0x00,0x3f,0xe1,0x00,0x4f,0xd0,0x0b,0xf6,0x00,0x00,0xaf,0x74,0xfc,0x00,0x00,0x02,0xee,0xdf,0x30,0x00,
  0x00,0x07,0xff,0xa0,0x00,0x00,0x00,0x0e,0xf2,0x00,0x00,0x00,0x00,0xdf,0x00,0x00,0x00,0x00,0x0d,0xf0,
  0x00,0x00,0x00,0x00,0xdf,0x00,0x00,0x00,0x00,0x0a,0xb0,0x00,0x00,0x14,0x44,0x44,0x44,0x40,0x6f,0xff,
  0xff,0xff,0xe0,0x25,0x55,0x55,0xcf,0xa0,0x00,0x00,0x05,0xfd,0x10,0x00,0x00,0x2e,0xf3,0x00,0x00,0x01,
  0xdf,0x60,0x00,0x00,0x0a,0xfa,0x00,0x00,0x00,0x6f,0xc1,0x00,0x00,0x03,0xfe,0x20,0x00,0x00,0x1d,0xf5,
  0x00,0x00,0x00,0x8f,0xfc,0xcc,0xcc,0xc0,0x7b,0xbb,0xbb,0xbb,0xb0,0xcc,0xc3,0xff,0xb3,0xfd,0x00,0xfd,
  0x00,0xfd,0x00,0xfd,0x00,0xfd,0x00,0xfd,0x00,0xfd,0x00,0xfd,0x00,0xfd,0x00,0xfd,0x00,0xfe,0x82,0xff,
  0xf4,0x99,0x00,0x00,0x9f,0x10,0x00,0x5f,0x40,0x00,0x1f,0x80,0x00,0x0c,0xc0,0x00,0x08,0xf1,0x00,0x04,
  0xf5,0x00,0x01,0xf9,0x00,0x00,0xbd,0x00,0x00,0x7f,0x20,0x00,0x3f,0x60,0x00,0x0e,0xa0,0x00,0x0a,0xe0,
  0x00,0x04,0x71,0x6c,0xc9,0x5c,0xfc,0x01,0xfc,0x01,0xfc,0x01,0xfc,0x01,0xfc,0x01,0xfc,0x01,0xfc,0x01,
  0xfc,0x01,0xfc,0x01,0xfc,0x01,0xfc,0x49,0xfc,0x7f,0xfc,0x00,0xaf,0x70,0x00,0x2f,0xce,0x00,0x09,0xd2,
  0xf6,0x01,0xf7,0x09,0xd0,0x5b,0x10,0x3b,0x30,0x55,0x55,0x55,0x50,0xff,0xff,0xff,0xf0,0x44,0x44,0x44,
  0x40,0x14,0x20,0x1d,0xc0,0x03,0xf4,0x00,0x01,0x10,0x00,0x04,0xdf,0xfd,0x50,0x1e,0xe8,0x8e,0xf2,0x27,
  0x40,0x09,0xf4,0x02,0x8a,0xcf,0xf4,0x3f,0xd7,0x49,0xf4,0x7f,0x50,0x0b,0xf4,0x5f,0xea,0xce,0xf4,0x06,
  0xcd,0x86,0xb3,0x14,0x20,0x00,0x00,0x03,0xfa,0x00,0x00,0x00,0x3f,0xa0,0x00,0x00,0x03,0xfa,0x01,0x10,
  0x00,0x3f,0xaa,0xff,0xb1,0x03,0xff,0xc7,0xbf,0xb0,0x3f,0xd0,0x00,0xcf,0x23,0xf9,0x00,0x08,0xf5,0x3f,
  0x90,0x00,0x9f,0x43,0xfe,0x20,0x1d,0xf2,0x3f,0xee,0xbe,0xf9,0x02,0xb7,0x7c,0xc7,0x00,0x00,0x01,0x20,
  0x00,0x02,0xbf,0xfe,0x60,0x0d,0xf9,0x7d,0xf5,0x5f,0x90,0x02,0xc8,0x8f,0x50,0x00,0x00,0x7f,0x60,0x00,
  0x11,0x4f,0xb0,0x05,0xf9,0x0a,0xfd,0xbf,0xe3,0x00,0x7c,0xda,0x30,0x00,0x00,0x00,0x34,0x00,0x00,0x00,
  0xdf,0x00,0x00,0x00,0xdf,0x00,0x01,0x10,0xdf,0x03,0xdf,0xf8,0xdf,0x1e,0xf9,0x7d,0xff,0x5f,0x90,0x02,
  0xff,0x8f,0x50,0x00,0xcf,0x7f,0x60,0x00,0xcf,0x4f,0xb0,0x04,0xff,0x0c,0xfd,0xbe,0xef,0x01,0x9d,0xc5,
  0x9b,0x00,0x01,0x10,0x00,0x02,0xbf,0xfd,0x50,0x0d,0xe8,0x7d,0xf4,0x5f,0x70,0x01,0xfa,0x8f,0xff,0xff,
  0xfd,0x7f,0x74,0x44,0x43,0x4f,0xa0,0x02,0xc8,0x0b,0xfd,0xbe,0xe3,0x00,0x7c,0xda,0x30,0x00,0x03,0x40,
  0x2d,0xfe,0x07,0xfa,0x40,0x7f,0x60,0xdf,0xff,0xe7,0xcf,0xb8,0x07,0xf6,0x00,0x7f,0x60,0x07,0xf6,0x00,
  0x7f,0x60,0x07,0xf6,0x00,0x5b,0x40,0x00,0x01,0x10,0x00,0x03,0xdf,0xf8,0xdf,0x1e,0xf9,0x7d,0xff,0x5f,
  0x90,0x01,0xef,0x8f,0x50,0x00,0xcf,0x7f,0x60,0x00,0xdf,0x4f,0xc1,0x05,0xff,0x0b,0xfe,0xde,0xef,0x00,
  0x7b,0xa3,0xdf,0x1a,0x90,0x03,0xfd,0x0a,0xfe,0xdf,0xf5,0x00,0x6a,0xb9,0x40,0x14,0x20,0x00,0x00,0x3f,
  0xa0,0x00,0x00,0x3f,0xa0,0x00,0x00,0x3f,0xa0,0x11,0x00,0x3f,0xba,0xff,0xa1,0x3f,0xfa,0x7d,0xf8,0x3f,
  0xc0,0x03,0xfb,0x3f,0xa0,0x01,0xfc,0x3f,0xa0,0x01,0xfc,0x3f,0xa0,0x01,0xfc,0x3f,0xa0,0x01,0xfc,0x2b,
  0x70,0x01,0xb9,0x06,0x35,0xfc,0x1a,0x60,0x00,0x3f,0xa3,0xfa,0x3f,0xa3,0xfa,0x3f,0xa3,0xfa,0x3f,0xa2,
  0xb7,0x00,0x63,0x05,0xfc,0x01,0xa6,0x00,0x00,0x03,0xfa,0x03,0xfa,0x03,0xfa,0x03,0xfa,0x03,0xfa,0x03,
  0xfa,0x03,0xfa,0x03,0xfa,0x03,0xfa,0x6e,0xf7,0x6b,0x70,0x14,0x20,0x00,0x00,0x03,0xfa,0x00,0x00,0x00,
  0x3f,0xa0,0x00,0x00,0x03,0xfa,0x00,0x00,0x00,0x3f,0xa0,0x0b,0xf7,0x03,0xfa,0x0b,0xf8,0x00,0x3f,0xaa,
  0xf9,0x00,0x03,0xff,0xfe,0x10,0x00,0x3f,0xfb,0xf9,0x00,0x03,0xfa,0x0c,0xf6,0x00,0x3f,0xa0,0x2e,0xe3,
  0x02,0xb7,0x00,0x4b,0x90,0x14,0x23,0xfa,0x3f,0xa3,0xfa,0x3f,0xa3,0xfa,0x3f,0xa3,0xfa,0x3f,0xa3,0xfa,
  0x3f,0xa2,0xb7,0x00,0x00,0x11,0x00,0x02,0x00,0x03,0xf9,0xaf,0xf8,0x3d,0xfe,0x50,0x3f,0xea,0x7e,0xfd,
  0x89,0xfe,0x13,0xfc,0x00,0x7f,0x80,0x0b,0xf3,0x3f,0xa0,0x06,0xf6,0x00,0xaf,0x33,0xfa,0x00,0x6f,0x60,
  0x0a,0xf3,0x3f,0xa0,0x06,0xf6,0x00,0xaf,0x33,0xfa,0x00,0x6f,0x60,0x0a,0xf3,0x2b,0x70,0x04,0xb5,0x00,
  0x7b,0x20,0x00,0x00,0x11,0x00,0x3f,0xaa,0xff,0xa1,0x3f,0xfa,0x7d,0xf8,0x3f,0xc0,0x03,0xfb,0x3f,0xa0,
  0x01,0xfc,0x3f,0xa0,0x01,0xfc,0x3f,0xa0,0x01,0xfc,0x3f,0xa0,0x01,0xfc,0x2b,0x70,0x01,0xb9,0x00,0x01,
  0x20,0x00,0x00,0x2b,0xff,0xe7,0x00,0x0d,0xf9,0x7d,0xf6,0x05,0xf9,0x00,0x2f,0xd0,0x8f,0x50,0x00,0xcf,
  0x17,0xf6,0x00,0x0d,0xf1,0x4f,0xb0,0x04,0xfc,0x00,0xaf,0xdb,0xff,0x40,0x00,0x7c,0xda,0x30,0x00,0x00,
  0x00,0x11,0x00,0x03,0xfa,0xbf,0xfb,0x10,0x3f,0xfc,0x7b,0xfb,0x03,0xfd,0x00,0x0c,0xf2,0x3f,0x90,0x00,
  0x8f,0x53,0xf9,0x00,0x09,0xf4,0x3f,0xe2,0x01,0xdf,0x23,0xfe,0xeb,0xef,0x90,0x3f,0xa6,0xcc,0x70,0x03,
  0xfa,0x00,0x00,0x00,0x3f,0xa0,0x00,0x00,0x02,0xb7,0x00,0x00,0x00,0x00,0x01,0x10,0x00,0x03,0xdf,0xf8,
  0xcf,0x1e,0xf9,0x7d,0xff,0x5f,0x90,0x02,0xff,0x8f,0x50,0x00,0xcf,0x7f,0x60,0x00,0xcf,0x4f,0xb0,0x04,
  0xff,0x0c,0xfd,0xbe,0xef,0x01,0x9d,0xc4,0xdf,0x00,0x00,0x00,0xdf,0x00,0x00,0x00,0xdf,0x00,0x00,0x00,
  0xab,0x3f,0xab,0xf1,0x3f,0xfc,0x91,0x3f,0xd0,0x00,0x3f,0xa0,0x00,0x3f,0xa0,0x00,0x3f,0xa0,0x00,0x3f,
  0xa0,0x00,0x2b,0x70,0x00,0x00,0x02,0x10,0x00,0x07,0xef,0xfb,0x20,0x3f,0xd6,0x8f,0xb0,0x5f,0x90,0x06,
  0x70,0x1c,0xfd,0xa6,0x10,0x00,0x47,0xbf,0xc0,0x5b,0x40,0x0c,0xf2,0x2f,0xea,0xbf,0xd0,0x03,0xad,0xc9,
  0x10,0x02,0x41,0x00,0x8f,0x50,0x08,0xf5,0x0d,0xff,0xfd,0x7c,0xfb,0x80,0x8f,0x50,0x08,0xf5,0x00,0x8f,
  0x50,0x08,0xf5,0x00,0x6f,0xeb,0x00,0x8b,0xa0,0x3f,0xa0,0x01,0xfc,0x3f,0xa0,0x01,0xfc,0x3f,0xa0,0x01,
  0xfc,0x3f,0xa0,0x01,0xfc,0x3f,0xa0,0x01,0xfc,0x2f,0xd0,0x05,0xfc,0x0c,0xfd,0xbe,0xfc,0x02,0xad,0xb3,
  0xb9,0xaf,0x40,0x02,0xfc,0x5f,0x90,0x07,0xf6,0x0e,0xe0,0x0c,0xe1,0x08,0xf5,0x2f,0xa0,0x03,0xfa,0x7f,
  0x40,0x00,0xce,0xcd,0x00,0x00,0x6f,0xf8,0x00,0x00,0x1b,0xb2,0x00,0xbf,0x30,0x1f,0xe0,0x04,0xfa,0x6f,
  0x70,0x4f,0xf4,0x08,0xf5,0x2f,0xb0,0x9e,0xe8,0x0c,0xf1,0x0c,0xf0,0xda,0xbc,0x1f,0xb0,0x07,0xf5,0xf6,
  0x7f,0x6f,0x60,0x03,0xfc,0xf1,0x2f,0xdf,0x20,0x00,0xdf,0xc0,0x0d,0xfc,0x00,0x00,0x7b,0x60,0x07,0xb6,
  0x00,0x5f,0xa0,0x0b,0xf4,0x0a,0xf5,0x5f,0x90,0x01,0xdd,0xed,0x10,0x00,0x5f,0xf4,0x00,0x00,0x8f,0xf7,
  0x00,0x04,0xfa,0xbf,0x30,0x1d,0xe2,0x2f,0xd1,0x7b,0x50,0x06,0xb6,0xaf,0x40,0x02,0xfc,0x4f,0x90,0x07,
  0xf6,0x0d,0xe0,0x0d,0xe1,0x07,0xf5,0x3f,0x90,0x02,0xfa,0x8f,0x30,0x00,0xbe,0xdd,0x00,0x00,0x5f,0xf7,
  0x00,0x00,0x0e,0xf1,0x00,0x00,0x4f,0xa0,0x00,0x0c,0xef,0x40,0x00,0x0b,0xb5,0x00,0x00,0x5f,0xff,0xff,
  0xd3,0x88,0x8c,0xfb,0x00,0x02,0xed,0x10,0x01,0xde,0x30,0x00,0xbf,0x50,0x00,0x8f,0x80,0x00,0x3f,0xfc,
  0xcc,0xb3,0xbb,0xbb,0xba,0x00,0x04,0xa9,0x00,0x3f,0xf9,0x00,0x7f,0x60,0x00,0x8f,0x40,0x00,0x8f,0x40,
  0x00,0xaf,0x30,0x2c,0xfb,0x00,0x2f,0xf7,0x00,0x01,0xcf,0x30,0x00,0x8f,0x40,0x00,0x8f,0x40,0x00,0x8f,
  0x50,0x00,0x4f,0xe7,0x00,0x07,0xdc,0x5d,0x46,0xf5,0x6f,0x56,0xf5,0x6f,0x56,0xf5,0x6f,0x56,0xf5,0x6f,
  0x56,0xf5,0x6f,0x56,0xf5,0x6f,0x56,0xf5,0x6f,0x56,0xf5,0x6f,0x56,0xf5,0x14,0x10,0x6b,0x70,0x00,0x5e,
  0xf8,0x00,0x02,0xfc,0x00,0x00,0xed,0x00,0x00,0xed,0x00,0x00,0xee,0x10,0x00,0x7f,0xe5,0x00,0x4d,0xf7,
  0x00,0xdf,0x40,0x00,0xed,0x00,0x00,0xed,0x00,0x01,0xfc,0x00,0x4c,0xf9,0x00,0x7e,0xa1,0x00,0x00,0x00,
  0x00,0x00,0x00,0x4e,0xfa,0x10,0xa8,0x0d,0xd8,0xed,0xaf,0x80,0xb6,0x02,0xbf,0xb1,0x00,0x00,0x63,0x00,
  0x00,0x00,0x06,0xee,0x30,0x00,0x00,0x4f,0x47,0xe3,0x00,0x03,0xe7,0x00,0x9e,0x30,0x2e,0xa0,0x00,0x0b,
  0xe2,0x4f,0x10,0x00,0x01,0xf4,0x4f,0x00,0x00,0x00,0xf4,0x4f,0x00,0x00,0x00,0xf4,0x4f,0x00,0x00,0x00,
  0xf4,0x4f,0x00,0x00,0x00,0xf4,0x4f,0xff,0xff,0xff,0xf4,0x00,0x01,0x57,0x62,0x00,0x00,0x06,0xef,0xff,
  0xf9,0x00,0x06,0xfe,0x74,0x6d,0xf9,0x00,0xef,0x40,0x00,0x1e,0xf2,0x4f,0xb0,0x00,0x00,0x47,0x26,0xf8,
  0x00,0x00,0x00,0x00,0x7f,0x70,0x00,0x00,0x00,0x05,0xf9,0x00,0x00,0x01,0x10,0x2f,0xe1,0x00,0x00,0xcf,
  0x40,0x9f,0xb2,0x00,0x8f,0xd0,0x01,0xcf,0xfd,0xef,0xe3,0x00,0x00,0x6b,0xfc,0x81,0x00,0x00,0x00,0x0f,
  0x80,0x00,0x00,0x00,0x00,0x1e,0x40,0x00,0x00,0x00,0x4b,0x91,0x00,0x00,0x00,0x31,0x02,0x10,0x04,0xfa,
  0x2f,0xd0,0x02,0xa5,0x0a,0x80,0x00,0x00,0x00,0x00,0x3f,0xa0,0x01,0xfc,0x3f,0xa0,0x01,0xfc,0x3f,0xa0,
  0x01,0xfc,0x3f,0xa0,0x01,0xfc,0x3f,0xa0,0x01,0xfc,0x2f,0xd0,0x05,0xfc,0x0c,0xfd,0xbe,0xfc,0x02,0xad,
  0xb3,0xb9,0x00,0x00,0x24,0x10,0x00,0x00,0xcd,0x10,0x00,0x05,0xe3,0x00,0x00,0x01,0x10,0x00,0x02,0xbf,
  0xfd,0x50,0x0d,0xe8,0x7d,0xf4,0x5f,0x70,0x01,0xfa,0x8f,0xff,0xff,0xfd,0x7f,0x74,0x44,0x43,0x4f,0xa0,
  0x02,0xc8,0x0b,0xfd,0xbe,0xe3,0x00,0x7c,0xda,0x30,0x00,0x05,0x50,0x00,0x00,0x7e,0xe8,0x00,0x03,0xb4,
  0x3b,0x30,0x00,0x01,0x10,0x00,0x04,0xdf,0xfd,0x50,0x1e,0xe8,0x8e,0xf2,0x27,0x40,0x09,0xf4,0x02,0x8a,
  0xcf,0xf4,0x3f,0xd7,0x49,0xf4,0x7f,0x50,0x0b,0xf4,0x5f,0xea,0xce,0xf4,0x06,0xcd,0x86,0xb3,0x00,0x30,
  0x03,0x00,0x08,0xf6,0x6f,0x90,0x04,0xb3,0x2b,0x50,0x00,0x01,0x10,0x00,0x04,0xdf,0xfd,0x50,0x1e,0xe8,
  0x8e,0xf2,0x27,0x40,0x09,0xf4,0x02,0x8a,0xcf,0xf4,0x3f,0xd7,0x49,0xf4,0x7f,0x50,0x0b,0xf4,0x5f,0xea,
  0xce,0xf4,0x06,0xcd,0x86,0xb3,0x01,0x42,0x00,0x00,0x00,0xbe,0x10,0x00,0x00,0x1d,0x80,0x00,0x00,0x01,
  0x10,0x00,0x04,0xdf,0xfd,0x50,0x1e,0xe8,0x8e,0xf2,0x27,0x40,0x09,0xf4,0x02,0x8a,0xcf,0xf4,0x3f,0xd7,
  0x49,0xf4,0x7f,0x50,0x0b,0xf4,0x5f,0xea,0xce,0xf4,0x06,0xcd,0x86,0xb3,0x00,0x02,0x20,0x00,0x00,0x7e,
  0xd7,0x00,0x00,0xc5,0x4c,0x00,0x00,0x7e,0xd7,0x00,0x00,0x03,0x40,0x00,0x04,0xdf,0xfd,0x50,0x1e,0xe8,
  0x8e,0xf2,0x27,0x40,0x09,0xf4,0x02,0x8a,0xcf,0xf4,0x3f,0xd7,0x49,0xf4,0x7f,0x50,0x0b,0xf4,0x5f,0xea,
  0xce,0xf4,0x06,0xcd,0x86,0xb3,0x00,0x01,0x20,0x00,0x02,0xbf,0xfe,0x60,0x0d,0xf9,0x7d,0xf5,0x5f,0x90,
  0x02,0xc8,0x8f,0x50,0x00,0x00,0x7f,0x60,0x00,0x11,0x4f,0xb0,0x05,0xf9,0x0a,0xfd,0xbf,0xe3,0x00,0x7d,
  0xea,0x30,0x00,0x05,0xd6,0x00,0x00,0x00,0x4f,0x00,0x00,0x07,0xb6,0x00,0x00,0x04,0x60,0x00,0x00,0x5e,
  0xda,0x00,0x01,0xb5,0x2b,0x40,0x00,0x01,0x10,0x00,0x02,0xbf,0xfd,0x50,0x0d,0xe8,0x7d,0xf4,0x5f,0x70,
  0x01,0xfa,0x8f,0xff,0xff,0xfd,0x7f,0x74,0x44,0x43,0x4f,0xa0,0x02,0xc8,0x0b,0xfd,0xbe,0xe3,0x00,0x7c,
  0xda,0x30,0x00,0x30,0x03,0x10,0x06,0xf8,0x4f,0xb0,0x03,0xb4,0x1a,0x60,0x00,0x01,0x10,0x00,0x02,0xbf,
  0xfd,0x50,0x0d,0xe8,0x7d,0xf4,0x5f,0x70,0x01,0xfa,0x8f,0xff,0xff,0xfd,0x7f,0x74,0x44,0x43,0x4f,0xa0,
  0x02,0xc8,0x0b,0xfd,0xbe,0xe3,0x00,0x7c,0xda,0x30,0x00,0x43,0x00,0x00,0x00,0x9f,0x20,0x00,0x00,0x0c,
  0xa0,0x00,0x00,0x01,0x10,0x00,0x02,0xbf,0xfd,0x50,0x0d,0xe8,0x7d,0xf4,0x5f,0x70,0x01,0xfa,0x8f,0xff,
  0xff,0xfd,0x7f,0x74,0x44,0x43,0x4f,0xa0,0x02,0xc8,0x0b,0xfd,0xbe,0xe3,0x00,0x7c,0xda,0x30,0x12,0x01,
  0x30,0xdf,0x2a,0xf5,0x7a,0x15,0xb2,0x00,0x00,0x00,0x03,0xfa,0x00,0x03,0xfa,0x00,0x03,0xfa,0x00,0x03,
  0xfa,0x00,0x03,0xfa,0x00,0x03,0xfa,0x00,0x03,0xfa,0x00,0x02,0xb7,0x00,0x01,0x64,0x00,0x0b,0xcf,0x40,
  0x6b,0x16,0xa1,0x00,0x00,0x00,0x03,0xfa,0x00,0x03,0xfa,0x00,0x03,0xfa,0x00,0x03,0xfa,0x00,0x03,0xfa,
  0x00,0x03,0xfa,0x00,0x03,0xfa,0x00,0x02,0xb7,0x00,0x24,0x10,0x1e,0xa0,0x04,0xf3,0x00,0x00,0x03,0xfa,
  0x03,0xfa,0x03,0xfa,0x03,0xfa,0x03,0xfa,0x03,0xfa,0x03,0xfa,0x02,0xb7,0x00,0x17,0x20,0x64,0x00,0x00,
  0x06,0xfa,0x3f,0xd0,0x00,0x00,0x17,0x20,0x64,0x00,0x00,0x00,0x04,0x42,0x00,0x00,0x00,0x04,0xff,0xa0,
  0x00,0x00,0x00,0x9f,0xef,0x10,0x00,0x00,0x1e,0xe8,0xf6,0x00,0x00,0x05,0xf9,0x3f,0xb0,0x00,0x00,0xaf,
  0x40,0xdf,0x20,0x00,0x1f,0xe0,0x08,0xf7,0x00,0x06,0xfd,0x77,0xaf,0xc0,0x00,0xbf,0xff,0xff,0xff,0x20,
  0x2f,0xe1,0x11,0x19,0xf8,0x07,0xf9,0x00,0x00,0x3f,0xd0,0x9b,0x30,0x00,0x00,0xbb,0x20,0x00,0x00,0x57,
  0x10,0x00,0x00,0x00,0x6d,0xac,0x00,0x00,0x00,0x08,0x92,0xf0,0x00,0x00,0x00,0x2d,0xe7,0x00,0x00,0x00,
  0x00,0x44,0x20,0x00,0x00,0x00,0x4f,0xfa,0x00,0x00,0x00,0x09,0xfe,0xf1,0x00,0x00,0x01,0xee,0x8f,0x60,
  0x00,0x00,0x5f,0x93,0xfb,0x00,0x00,0x0a,0xf4,0x0d,0xf2,0x00,0x01,0xfe,0x00,0x8f,0x70,0x00,0x6f,0xd7,
  0x7a,0xfc,0x00,0x0b,0xff,0xff,0xff,0xf2,0x02,0xfe,0x11,0x11,0x9f,0x80,0x7f,0x90,0x00,0x03,0xfd,0x09,
  0xb3,0x00,0x00,0x0b,0xb2,0x00,0x00,0x07,0x60,0x00,0x00,0x06,0xf4,0x00,0x00,0x00,0xa7,0x00,0x00,0x44,
  0x44,0x44,0x42,0x1f,0xff,0xff,0xff,0x71,0xfd,0x55,0x55,0x52,0x1f,0xd0,0x00,0x00,0x01,0xfd,0x00,0x00,
  0x00,0x1f,0xe8,0x88,0x88,0x11,0xff,0xff,0xff,0xf1,0x1f,0xd0,0x00,0x00,0x01,0xfd,0x00,0x00,0x00,0x1f,
  0xd0,0x00,0x00,0x01,0xff,0xcc,0xcc,0xc6,0x1b,0xbb,0xbb,0xbb,0x50,0x00,0x01,0x10,0x00,0x11,0x00,0x00,
  0x4d,0xff,0xc3,0xbf,0xfd,0x40,0x1e,0xe8,0x7e,0xfe,0x87,0xdf,0x31,0x63,0x00,0x8f,0x50,0x02,0xf9,0x05,
  0xbe,0xff,0xff,0xff,0xff,0xb4,0xfc,0x54,0xaf,0x64,0x44,0x43,0x7f,0x50,0x0b,0xf8,0x00,0x3b,0x64,0xfe,
  0xac,0xfb,0xfb,0xae,0xe2,0x06,0xcd,0xb4,0x07,0xcd,0xa2,0x00,0x00,0x00,0x14,0x44,0x44,0x44,0x44,0x20,
  0x00,0x08,0xff,0xff,0xff,0xff,0xf8,0x00,0x00,0xee,0x5f,0xe5,0x55,0x55,0x20,0x00,0x6f,0x80,0xfd,0x00,
  0x00,0x00,0x00,0x0c,0xf2,0x0f,0xd0,0x00,0x00,0x00,0x04,0xfa,0x00,0xfe,0x88,0x88,0x81,0x00,0xaf,0x40,
  0x0f,0xff,0xff,0xff,0x10,0x2f,0xfb,0xbb,0xfd,0x00,0x00,0x00,0x08,0xfd,0xcc,0xcf,0xd0,0x00,0x00,0x00,
  0xee,0x10,0x00,0xfd,0x00,0x00,0x00,0x6f,0x90,0x00,0x0f,0xfc,0xcc,0xcc,0x68,0xb3,0x00,0x00,0xbb,0xbb,
  0xbb,0xb6,0x00,0x04,0x61,0x00,0x00,0x04,0xfc,0xb0,0x00,0x01,0xa6,0x1b,0x60,0x00,0x00,0x12,0x00,0x00,
  0x02,0xbf,0xfe,0x70,0x00,0xdf,0x97,0xdf,0x60,0x5f,0x90,0x02,0xfd,0x08,0xf5,0x00,0x0c,0xf1,0x7f,0x60,
  0x00,0xdf,0x14,0xfb,0x00,0x4f,0xc0,0x0a,0xfd,0xbf,0xf4,0x00,0x07,0xcd,0xa3,0x00,0x00,0x31,0x02,0x10,
  0x00,0x5f,0xa2,0xfd,0x00,0x02,0xa5,0x1a,0x70,0x00,0x00,0x12,0x00,0x00,0x02,0xbf,0xfe,0x70,0x00,0xdf,
  0x97,0xdf,0x60,0x5f,0x90,0x02,0xfd,0x08,0xf5,0x00,0x0c,0xf1,0x7f,0x60,0x00,0xdf,0x14,0xfb,0x00,0x4f,
  0xc0,0x0a,0xfd,0xbf,0xf4,0x00,0x07,0xcd,0xa3,0x00,0x00,0x33,0x00,0x00,0x00,0x07,0xf4,0x00,0x00,0x00,
  0x0b,0xb0,0x00,0x00,0x00,0x12,0x00,0x00,0x02,0xbf,0xfe,0x70,0x00,0xdf,0x97,0xdf,0x60,0x5f,0x90,0x02,
  0xfd,0x08,0xf5,0x00,0x0c,0xf1,0x7f,0x60,0x00,0xdf,0x14,0xfb,0x00,0x4f,0xc0,0x0a,0xfd,0xbf,0xf4,0x00,
  0x07,0xcd,0xa3,0x00,0x00,0x04,0x61,0x00,0x00,0x4f,0xcb,0x00,0x01,0xa7,0x1a,0x60,0x00,0x00,0x00,0x00,
  0x3f,0xa0,0x01,0xfc,0x3f,0xa0,0x01,0xfc,0x3f,0xa0,0x01,0xfc,0x3f,0xa0,0x01,0xfc,0x3f,0xa0,0x01,0xfc,
  0x2f,0xd0,0x05,0xfc,0x0c,0xfd,0xbe,0xfc,0x02,0xad,0xb3,0xb9,0x00,0x33,0x00,0x00,0x00,0x7f,0x40,0x00,
  0x00,0x0a,0xc0,0x00,0x00,0x00,0x00,0x00,0x3f,0xa0,0x01,0xfc,0x3f,0xa0,0x01,0xfc,0x3f,0xa0,0x01,0xfc,
  0x3f,0xa0,0x01,0xfc,0x3f,0xa0,0x01,0xfc,0x2f,0xd0,0x05,0xfc,0x0c,0xfd,0xbe,0xfc,0x02,0xad,0xb3,0xb9,
  0x01,0x30,0x03,0x00,0x09,0xf5,0x6f,0x80,0x05,0xb2,0x3b,0x40,0x00,0x00,0x00,0x00,0xaf,0x40,0x02,0xfc,
  0x4f,0x90,0x07,0xf6,0x0d,0xe0,0x0d,0xe1,0x07,0xf5,0x3f,0x90,0x02,0xfa,0x8f,0x30,0x00,0xbe,0xdd,0x00,
  0x00,0x5f,0xf7,0x00,0x00,0x0e,0xf1,0x00,0x00,0x4f,0xa0,0x00,0x0c,0xef,0x40,0x00,0x0b,0xb5,0x00,0x00,
  0x00,0x05,0x50,0x36,0x00,0x00,0x00,0xff,0x1c,0xf4,0x00,0x00,0x05,0x50,0x36,0x00,0x00,0x00,0x16,0x76,
  0x20,0x00,0x00,0x6e,0xff,0xff,0x90,0x00,0x5f,0xe7,0x46,0xdf,0x90,0x0e,0xf4,0x00,0x01,0xef,0x24,0xfb,
  0x00,0x00,0x08,0xf7,0x6f,0x80,0x00,0x00,0x5f,0xa7,0xf7,0x00,0x00,0x04,0xfa,0x5f,0x90,0x00,0x00,0x6f,
  0x92,0xfe,0x10,0x00,0x0c,0xf5,0x09,0xfb,0x20,0x19,0xfc,0x00,0x1b,0xff,0xdf,0xfd,0x20,0x00,0x06,0xbd,
  0xc8,0x10,0x00,0x00,0x17,0x30,0x64,0x00,0x00,0x5f,0xb2,0xfd,0x00,0x00,0x17,0x30,0x64,0x00,0x04,0x30,
  0x00,0x01,0x43,0x2f,0xc0,0x00,0x03,0xfa,0x2f,0xc0,0x00,0x03,0xfa,0x2f,0xc0,0x00,0x03,0xfa,0x2f,0xc0,
  0x00,0x03,0xfa,0x2f,0xc0,0x00,0x03,0xfa,0x2f,0xc0,0x00,0x03,0xfa,0x2f,0xc0,0x00,0x03,0xfa,0x1f,0xd0,
  0x00,0x05,0xfa,0x0c,0xf8,0x00,0x2d,0xf5,0x03,0xef,0xed,0xff,0xb0,0x00,0x29,0xcd,0xb6,0x00,0x00,0x01,
  0x30,0x00,0x00,0x04,0xb0,0x00,0x00,0x6b,0xe9,0x20,0x09,0xfe,0xef,0xe2,0x3f,0xc4,0xb5,0xf9,0x7f,0x64,
  0xb0,0x21,0x8f,0x54,0xb0,0x00,0x6f,0x84,0xb2,0xa7,0x1e,0xe8,0xcb,0xf6,0x04,0xef,0xff,0x90,0x00,0x16,
  0xc2,0x00,0x00,0x03,0x80,0x00,0x00,0x00,0x33,0x00,0x00,0x05,0xef,0xfe,0x50,0x03,0xfe,0x66,0xef,0x20,
  0x7f,0x60,0x06,0xf6,0x08,0xf5,0x00,0x12,0x14,0xbf,0xa7,0x71,0x00,0x7f,0xff,0xff,0x20,0x00,0x6f,0x81,
  0x10,0x00,0x05,0xf8,0x00,0x00,0x00,0x6f,0x50,0x03,0xb6,0x6f,0xfc,0xcc,0xdf,0x56,0xbb,0xbb,0xbb,0x70,
  0x34,0x00,0x00,0x44,0x09,0xf5,0x00,0x4f,0xa0,0x2f,0xc0,0x0b,0xf3,0x00,0xaf,0x33,0xfa,0x00,0x02,0xfa,
  0x9f,0x30,0x00,0x0a,0xff,0xb0,0x00,0x4f,0xff,0xff,0xf3,0x01,0x44,0xee,0x44,0x10,0x3b,0xbf,0xfb,0xb2,
  0x02,0x77,0xff,0x77,0x20,0x00,0x0e,0xe0,0x00,0x00,0x00,0xbb,0x00,0x00,0x00,0x00,0x24,0x10,0x00,0x01,
  0xeb,0x00,0x00,0x07,0xe1,0x00,0x00,0x01,0x10,0x00,0x04,0xdf,0xfd,0x50,0x1e,0xe8,0x8e,0xf2,0x27,0x40,
  0x09,0xf4,0x02,0x8a,0xcf,0xf4,0x3f,0xd7,0x49,0xf4,0x7f,0x50,0x0b,0xf4,0x5f,0xea,0xce,0xf4,0x06,0xcd,
  0x86,0xb3,0x00,0x34,0x00,0x3f,0x70,0x0b,0xb0,0x00,0x00,0x00,0x3f,0xa0,0x03,0xfa,0x00,0x3f,0xa0,0x03,
  0xfa,0x00,0x3f,0xa0,0x03,0xfa,0x00,0x3f,0xa0,0x02,0xb7,0x00,0x00,0x00,0x14,0x20,0x00,0x00,0x0a,0xe2,
  0x00,0x00,0x03,0xf4,0x00,0x00,0x00,0x12,0x00,0x00,0x02,0xbf,0xfe,0x70,0x00,0xdf,0x97,0xdf,0x60,0x5f,
  0x90,0x02,0xfd,0x08,0xf5,0x00,0x0c,0xf1,0x7f,0x60,0x00,0xdf,0x14,0xfb,0x00,0x4f,0xc0,0x0a,0xfd,0xbf,
  0xf4,0x00,0x07,0xcd,0xa3,0x00,0x00,0x00,0x14,0x20,0x00,0x00,0xae,0x20,0x00,0x03,0xf4,0x00,0x00,0x00,
  0x00,0x00,0x3f,0xa0,0x01,0xfc,0x3f,0xa0,0x01,0xfc,0x3f,0xa0,0x01,0xfc,0x3f,0xa0,0x01,0xfc,0x3f,0xa0,
  0x01,0xfc,0x2f,0xd0,0x05,0xfc,0x0c,0xfd,0xbe,0xfc,0x02,0xad,0xb3,0xb9,0x00,0x37,0x13,0x50,0x00,0xdd,
  0xee,0x70,0x01,0x70,0x47,0x00,0x00,0x00,0x11,0x00,0x3f,0xaa,0xff,0xa1,0x3f,0xfa,0x7d,0xf8,0x3f,0xc0,
  0x03,0xfb,0x3f,0xa0,0x01,0xfc,0x3f,0xa0,0x01,0xfc,0x3f,0xa0,0x01,0xfc,0x3f,0xa0,0x01,0xfc,0x2b,0x70,
  0x01,0xb9,0x00,0x04,0xb5,0x49,0x00,0x00,0x0d,0xae,0xf7,0x00,0x00,0x04,0x11,0x30,0x00,0x04,0x40,0x00,
  0x00,0x43,0x1f,0xf7,0x00,0x01,0xfd,0x1f,0xfe,0x20,0x01,0xfd,0x1f,0xff,0xb0,0x01,0xfd,0x1f,0xcb,0xf5,
  0x01,0xfd,0x1f,0xd2,0xfd,0x11,0xfd,0x1f,0xd0,0x8f,0x91,0xfd,0x1f,0xd0,0x0d,0xf3,0xfd,0x1f,0xd0,0x04,
  0xfb,0xfd,0x1f,0xd0,0x00,0x9f,0xfd,0x1f,0xd0,0x00,0x1e,0xfd,0x1b,0x90,0x00,0x05,0xba,0x04,0xdf,0xb1,
  0x0b,0x93,0xe7,0x01,0x67,0xd8,0x0d,0xa4,0xc8,0x0f,0x85,0xe8,0x07,0xdc,0xa8,0x04,0xdf,0xb1,0x1e,0x83,
  0xca,0x3f,0x10,0x6d,0x3f,0x10,0x6d,0x1e,0x94,0xca,0x04,0xce,0xa1,0x00,0x00,0x10,0x00,0x00,0x09,0xf5,
  0x00,0x00,0x09,0xf5,0x00,0x00,0x00,0x10,0x00,0x00,0x07,0xd3,0x00,0x00,0x0b,0xf2,0x00,0x01,0xbf,0x90,
  0x00,0x0c,0xf6,0x00,0x00,0x4f,0x90,0x00,0x65,0x5f,0x80,0x03,0xfb,0x1e,0xf9,0x8e,0xf4,0x03,0xbf,0xfd,
  0x50,0x00,0x00,0x10,0x00,0x01,0x11,0x11,0x17,0xff,0xff,0xff,0x47,0x77,0x7c,0xf0,0x00,0x00,0xaf,0x00,
  0x00,0x02,0x40,0x01,0x40,0x00,0x00,0x33,0x00,0x5e,0xf1,0x00,0x03,0xf5,0x00,0x66,0xf1,0x00,0x0c,0xa0,
  0x00,0x04,0xf1,0x00,0x8d,0x10,0x00,0x04,0xf1,0x03,0xf4,0x00,0x00,0x04,0xf1,0x1d,0x90,0x57,0x30,0x03,
  0xb1,0x9d,0x19,0xd9,0xf3,0x00,0x04,0xf4,0x0a,0x40,0xd7,0x00,0x1d,0x80,0x00,0x05,0xf3,0x00,0x9d,0x00,
  0x00,0x6f,0x50,0x05,0xf3,0x00,0x08,0xf8,0x42,0x0a,0x70,0x00,0x0a,0xbb,0xb5,0x01,0x40,0x00,0x00,0x33,
  0x00,0x5e,0xf1,0x00,0x03,0xf5,0x00,0x66,0xf1,0x00,0x0c,0xa0,0x00,0x04,0xf1,0x00,0x8d,0x10,0x00,0x04,
  0xf1,0x03,0xf4,0x00,0x00,0x04,0xf1,0x1d,0x90,0x36,0x20,0x03,0xb1,0x9d,0x11,0xdf,0x50,0x00,0x04,0xf4,
  0x09,0xae,0x50,0x00,0x1d,0x80,0x4e,0x1e,0x50,0x00,0x9d,0x00,0xdb,0x7f,0xa1,0x05,0xf3,0x00,0x77,0x7f,
  0xa1,0x0a,0x70,0x00,0x00,0x0b,0x40,0x01,0x03,0xfc,0x3f,0xc0,0x10,0x1f,0xa1,0xfa,0x1f,0xb2,0xfb,0x2f,
  0xb2,0xfc,0x3f,0xc2,0xb9,0x00,0x2b,0xa1,0xab,0x20,0x1c,0xf3,0x9f,0x70,0x0a,0xf6,0x6f,0xa0,0x05,0xfb,
  0x1f,0xf1,0x00,0x0b,0xf5,0x7f,0x90,0x00,0x1d,0xe3,0x9f,0x70,0x00,0x2b,0xa1,0xab,0x20,0x5b,0x82,0xba,
  0x10,0x00,0xaf,0x66,0xfa,0x00,0x01,0xdf,0x49,0xf7,0x00,0x04,0xfd,0x1e,0xf2,0x01,0xcf,0x48,0xf8,0x00,
  0xaf,0x66,0xfa,0x00,0x4b,0x82,0xba,0x10,0x00,0x23,0x33,0x33,0x33,0x23,0x44,0x44,0x44,0x43,0x34,0x44,
  0x44,0x44,0x33,0x44,0x44,0x44,0x43,0x34,0x44,0x44,0x44,0x33,0x44,0x44,0x44,0x43,0x34,0x44,0x44,0x44,
  0x33,0x44,0x44,0x44,0x43,0x34,0x44,0x44,0x44,0x33,0x44,0x44,0x44,0x43,0x34,0x44,0x44,0x44,0x33,0x44,
  0x44,0x44,0x43,0x34,0x44,0x44,0x44,0x33,0x44,0x44,0x44,0x43,0x34,0x44,0x44,0x44,0x33,0x44,0x44,0x44,
  0x43,0x34,0x44,0x44,0x44,0x30,0x46,0x66,0x66,0x66,0x46,0x88,0x88,0x88,0x86,0x68,0x88,0x88,0x88,0x66,
  0x88,0x88,0x88,0x86,0x68,0x88,0x88,0x88,0x66,0x88,0x88,0x88,0x86,0x68,0x88,0x88,0x88,0x66,0x88,0x88,
  0x88,0x86,0x68,0x88,0x88,0x88,0x66,0x88,0x88,0x88,0x86,0x68,0x88,0x88,0x88,0x66,0x88,0x88,0x88,0x86,
  0x68,0x88,0x88,0x88,0x66,0x88,0x88,0x88,0x86,0x68,0x88,0x88,0x88,0x66,0x88,0x88,0x88,0x86,0x68,0x88,
  0x88,0x88,0x60,0x68,0x88,0x88,0x88,0x68,0xbb,0xbb,0xbb,0xb8,0x8b,0xbb,0xbb,0xbb,0x88,0xbb,0xbb,0xbb,
  0xb8,0x8b,0xbb,0xbb,0xbb,0x88,0xbb,0xbb,0xbb,0xb8,0x8b,0xbb,0xbb,0xbb,0x88,0xbb,0xbb,0xbb,0xb8,0x8b,
  0xbb,0xbb,0xbb,0x88,0xbb,0xbb,0xbb,0xb8,0x8b,0xbb,0xbb,0xbb,0x88,0xbb,0xbb,0xbb,0xb8,0x8b,0xbb,0xbb,
  0xbb,0x88,0xbb,0xbb,0xbb,0xb8,0x8b,0xbb,0xbb,0xbb,0x88,0xbb,0xbb,0xbb,0xb8,0x8b,0xbb,0xbb,0xbb,0x80,
  0x8b,0xbb,0xbb,0xbb,0x8b,0xff,0xff,0xff,0xfb,0xbf,0xff,0xff,0xff,0xbb,0xff,0xff,0xff,0xfb,0xbf,0xff,
  0xff,0xff,0xbb,0xff,0xff,0xff,0xfb,0xbf,0xff,0xff,0xff,0xbb,0xff,0xff,0xff,0xfb,0xbf,0xff,0xff,0xff,
  0xbb,0xff,0xff,0xff,0xfb,0xbf,0xff,0xff,0xff,0xbb,0xff,0xff,0xff,0xfb,0xbf,0xff,0xff,0xff,0xbb,0xff,
  0xff,0xff,0xfb,0xbf,0xff,0xff,0xff,0xbb,0xff,0xff,0xff,0xfb,0xbf,0xff,0xff,0xff,0xb0,0x00,0x02,0x42,
  0x00,0x00,0x2c,0xff,0xfc,0x20,0x0c,0xf9,0x5a,0xfc,0x01,0xfd,0x00,0x0e,0xf0,0x1f,0xc0,0x01,0xed,0x01,
  0xfc,0x08,0xcd,0x30,0x1f,0xc0,0xef,0xe9,0x01,0xfc,0x00,0x1a,0xf7,0x1f,0xc0,0x00,0x3f,0xa1,0xfc,0x00,
  0x07,0xf9,0x1f,0xc0,0xcd,0xfe,0x31,0xb9,0x0b,0xb9,0x30,0x3f,0xa0,0x01,0xfc,0x03,0xfa,0x00,0x1f,0xc0,
  0x3f,0xa0,0x01,0xfc,0x03,0xfa,0x00,0x1f,0xc0,0x3f,0xa0,0x01,0xfc,0x03,0xfe,0x10,0x6f,0xc0,0x3f,0xee,
  0xde,0xdf,0x93,0xfa,0x7b,0x43,0xa8,0x3f,0xa0,0x00,0x00,0x03,0xfa,0x00,0x00,0x00,0x2b,0x70,0x00,0x00,
  0x00,0x03,0xbf,0xd7,0x00,0x7d,0xfc,0x30,0x2e,0xfb,0xdf,0xba,0xfd,0xbe,0xe2,0x7f,0x50,0x09,0xff,0x90,
  0x05,0xf7,0x7f,0x40,0x05,0xff,0x60,0x03,0xf8,0x3f,0xd7,0x9f,0xdd,0xfa,0x7d,0xf3,0x06,0xef,0xfb,0x22,
  0xbf,0xfe,0x60,0x00,0x13,0x20,0x00,0x02,0x31,0x00,0x00,0x0b,0x70,0x00,0x00,0x0f,0xa0,0x00,0x9b,0xbf,
  0xeb,0xb5,0xac,0xcf,0xec,0xc6,0x00,0x0f,0xa0,0x00,0x00,0x0b,0x70,0x00,0x45,0x55,0x55,0x52,0xcf,0xff,
  0xff,0xf7,0x34,0x44,0x44,0x42,0x98,0x30,0x00,0x00,0x9f,0xfe,0x94,0x00,0x01,0x49,0xdf,0xe5,0x00,0x37,
  0xbf,0xf6,0x8e,0xfe,0xa6,0x10,0xb9,0x51,0x00,0x00,0x45,0x55,0x55,0x52,0xcf,0xff,0xff,0xf7,0x34,0x44,
  0x44,0x42,0x00,0x00,0x15,0x96,0x01,0x6b,0xef,0xe5,0xaf,0xfb,0x73,0x00,0xbf,0xea,0x62,0x00,0x03,0x7c,
  0xff,0xd4,0x00,0x00,0x26,0xb7,0x45,0x55,0x55,0x52,0xcf,0xff,0xff,0xf7,0x34,0x44,0x44,0x42,0x00,0x06,
  0x40,0x00,0x00,0x4f,0xe0,0x00,0x00,0x1a,0x70,0x00,0x45,0x55,0x55,0x52,0xbf,0xff,0xff,0xf7,0x34,0x44,
  0x44,0x42,0x00,0x1a,0x70,0x00,0x00,0x4f,0xe0,0x00,0x00,0x06,0x40,0x00,0x03,0xde,0x90,0x0a,0x80,0xce,
  0x9e,0xc9,0xf8,0x0c,0x70,0x3c,0xfc,0x10,0x05,0x72,0x01,0x33,0x09,0xff,0xe6,0x2e,0x90,0xea,0x29,0xff,
  0xf4,0x04,0x20,0x04,0x73,0x00,0x00,0x23,0x00,0x08,0xff,0xd2,0x3f,0x51,0xca,0x4f,0x10,0x9b,0x1d,0xc9,
  0xf6,0x02,0x9b,0x60,0x18,0x55,0xfd,0x18,0x50,0x00,0x00,0x00,0x01,0x20,0x00,0x00,0x00,0xeb,0x00,0x00,
  0x00,0x4f,0x60,0x00,0x00,0x08,0xf1,0x00,0x00,0x00,0xdb,0x00,0x00,0x00,0x3f,0x60,0x4c,0xc6,0x07,0xf2,
  0x04,0xbe,0xc0,0xcc,0x00,0x00,0x7f,0x4f,0x70,0x00,0x02,0xfd,0xf2,0x00,0x00,0x0b,0xfc,0x00,0x00,0x00,
  0x5d,0x70,0x00,0x05,0xba,0x50,0x4f,0x9a,0xf3,0x36,0x03,0xf4,0x00,0x4e,0xa0,0x08,0xe7,0x00,0x7f,0xfe,
  0xe5,0x24,0x44,0x41,0x12,0x22,0x22,0x22,0x22,0x20,0xcf,0xff,0xff,0xff,0xff,0xf2,0xcf,0xff,0xff,0xff,
  0xff,0xf2,0xcf,0xff,0xff,0xff,0xff,0xf2,0xcf,0xff,0xff,0xff,0xff,0xf2,0xcf,0xff,0xff,0xff,0xff,0xf2,
  0xcf,0xff,0xff,0xff,0xff,0xf2,0xcf,0xff,0xff,0xff,0xff,0xf2,0xcf,0xff,0xff,0xff,0xff,0xf2,0xcf,0xff,
  0xff,0xff,0xff,0xf2,0xcf,0xff,0xff,0xff,0xff,0xf2,0x9b,0xbb,0xbb,0xbb,0xbb,0xb1,
};
static const aa::Glyph kUiGlyphs[] = {
  { 0, 12, 12, 1, -11, 14 },
  { 72, 12, 12, 1, -11, 14 },
  { 144, 13, 12, 1, -11, 15 },
  { 222, 9, 12, 1, -11, 11 },
  { 276, 9, 11, 1, -10, 11 },
  { 326, 9, 12, 1, -11, 11 },
  { 380, 5, 5, 1, -6, 7 },
  { 393, 12, 12, 1, -11, 13 },
  { 465, 11, 12, 1, -11, 11 },
  { 531, 7, 14, 2, -10, 11 },
  { 580, 9, 13, 0, -12, 10 },
  { 639, 14, 14, 1, -12, 16 },
  { 737, 13, 15, 1, -12, 14 },
  { 835, 13, 15, 0, -12, 14 },
  { 933, 11, 18, 1, -13, 12 },
  { 1032, 8, 12, 0, -11, 9 },
  { 1080, 8, 15, 0, -11, 8 },
  { 1140, 11, 12, 1, -11, 13 },
  { 1206, 11, 12, 1, -11, 13 },
  { 1272, 12, 12, 1, -10, 14 },
  { 1344, 12, 12, 1, -10, 14 },
  { 1416, 10, 3, 0, -2, 11 },
  { 1431, 18, 11, 1, -10, 20 },
  { 1530, 15, 12, 0, -11, 15 },
  { 1620, 15, 13, 0, -11, 15 },
  { 1718, 0, 0, 0, 0, 4 },
  { 1718, 3, 12, 0, -11, 4 },
  { 1736, 5, 5, 1, -11, 7 },
  { 1749, 10, 12, 0, -11, 9 },
  { 1809, 10, 15, 0, -12, 10 },
  { 1884, 13, 12, 0, -11, 14 },
  { 1962, 10, 12, 0, -11, 10 },
  { 2022, 2, 5, 1, -11, 4 },
  { 2027, 5, 14, 0, -11, 5 },
  { 2062, 4, 14, 0, -11, 5 },
  { 2090, 7, 7, 0, -11, 8 },
  { 2115, 8, 9, 1, -8, 10 },
  { 2151, 3, 4, 0, -1, 4 },
  { 2157, 6, 3, 0, -5, 7 },
  { 2166, 3, 3, 0, -2, 4 },
  { 2171, 6, 14, 0, -11, 5 },
  { 2213, 10, 12, 0, -11, 10 },
  { 2273, 5, 12, 0, -11, 6 },
  { 2303, 9, 12, 0, -11, 9 },
  { 2357, 9, 12, 0, -11, 9 },
  { 2411, 10, 12, 0, -11, 10 },
  { 2471, 9, 12, 0, -11, 9 },
  { 2525, 9, 12, 0, -11, 9 },
  { 2579, 8, 12, 0, -11, 8 },
  { 2627, 9, 12, 0, -11, 9 },
  { 2681, 9, 12, 0, -11, 9 },
  { 2735, 3, 8, 0, -7, 4 },
  { 2747, 3, 10, 0, -7, 4 },
  { 2762, 8, 9, 1, -8, 10 },
  { 2798, 8, 5, 1, -6, 10 },
  { 2818, 8, 9, 1, -8, 10 },
  { 2854, 8, 12, 0, -11, 8 },
  { 2902, 15, 15, 0, -11, 15 },
  { 3015, 11, 12, 0, -11, 10 },
  { 3081, 10, 12, 0, -11, 10 },
  { 3141, 11, 12, 0, -11, 11 },
  { 3207, 10, 12, 0, -11, 10 },
  { 3267, 9, 12, 0, -11, 9 },
  { 3321, 9, 12, 0, -11, 9 },
  { 3375, 11, 12, 0, -11, 11 },
  { 3441, 10, 12, 0, -11, 11 },
  { 3501, 3, 12, 0, -11, 4 },
  { 3519, 8, 12, 0, -11, 8 },
  { 3567, 10, 12, 0, -11, 10 },
  { 3627, 8, 12, 0, -11, 8 },
  { 3675, 13, 12, 0, -11, 13 },
  { 3753, 10, 12, 0, -11, 11 },
  { 3813, 11, 12, 0, -11, 11 },
  { 3879, 9, 12, 0, -11, 9 },
  { 3933, 11, 13, 0, -11, 11 },
  { 4005, 10, 12, 0, -11, 10 },
  { 4065, 10, 12, 0, -11, 10 },
  { 4125, 10, 12, 0, -11, 9 },
  { 4185, 10, 12, 0, -11, 11 },
  { 4245, 11, 12, 0, -11, 10 },
  { 4311, 15, 12, 0, -11, 15 },
  { 4401, 11, 12, 0, -11, 10 },
  { 4467, 11, 12, 0, -11, 10 },
  { 4533, 10, 12, 0, -11, 9 },
  { 4593, 4, 14, 1, -11, 5 },
  { 4621, 6, 14, 0, -11, 5 },
  { 4663, 4, 14, 0, -11, 5 },
  { 4691, 7, 5, 0, -10, 7 },
  { 4709, 8, 3, 0, 0, 7 },
  { 4721, 4, 3, 0, -11, 4 },
  { 4727, 8, 9, 0, -8, 8 },
  { 4763, 9, 12, 0, -11, 9 },
  { 4817, 8, 9, 0, -8, 8 },
  { 4853, 8, 12, 0, -11, 9 },
  { 4901, 8, 9, 0, -8, 8 },
  { 4937, 5, 12, 0, -11, 5 },
  { 4967, 8, 12, 0, -8, 9 },
  { 5015, 8, 12, 0, -11, 9 },
  { 5063, 3, 12, 0, -11, 3 },
  { 5081, 4, 15, -1, -11, 3 },
  { 5111, 9, 12, 0, -11, 8 },
  { 5165, 3, 12, 0, -11, 3 },
  { 5183, 13, 9, 0, -8, 13 },
  { 5242, 8, 9, 0, -8, 9 },
  { 5278, 9, 9, 0, -8, 9 },
  { 5319, 9, 12, 0, -8, 9 },
  { 5373, 8, 12, 0, -8, 9 },
  { 5421, 6, 8, 0, -7, 5 },
  { 5445, 8, 9, 0, -8, 8 },
  { 5481, 5, 11, 0, -10, 5 },
  { 5509, 8, 8, 0, -7, 9 },
  { 5541, 8, 8, 0, -7, 8 },
  { 5573, 12, 8, 0, -7, 12 },
  { 5621, 8, 8, 0, -7, 8 },
  { 5653, 8, 11, 0, -7, 8 },
  { 5697, 7, 8, 0, -7, 8 },
  { 5725, 6, 14, 0, -11, 6 },
  { 5767, 3, 19, 1, -14, 5 },
  { 5796, 6, 14, 0, -11, 6 },
  { 5838, 9, 4, 0, -6, 10 },
  { 5856, 10, 11, 0, -10, 10 },
  { 5911, 11, 15, 0, -11, 11 },
  { 5994, 8, 12, 0, -11, 9 },
  { 6042, 8, 12, 0, -11, 8 },
  { 6090, 8, 12, 0, -11, 8 },
  { 6138, 8, 12, 0, -11, 8 },
  { 6186, 8, 12, 0, -11, 8 },
  { 6234, 8, 13, 0, -12, 8 },
  { 6286, 8, 12, 0, -8, 8 },
  { 6334, 8, 12, 0, -11, 8 },
  { 6382, 8, 12, 0, -11, 8 },
  { 6430, 8, 12, 0, -11, 8 },
  { 6478, 6, 12, -1, -11, 3 },
  { 6514, 6, 12, -1, -11, 3 },
  { 6550, 4, 12, -1, -11, 3 },
  { 6574, 11, 15, 0, -14, 10 },
  { 6657, 11, 16, 0, -15, 10 },
  { 6745, 9, 15, 0, -14, 9 },
  { 6813, 13, 9, 0, -8, 13 },
  { 6872, 15, 12, 0, -11, 15 },
  { 6962, 9, 12, 0, -11, 9 },
  { 7016, 9, 12, 0, -11, 9 },
  { 7070, 9, 12, 0, -11, 9 },
  { 7124, 8, 12, 0, -11, 9 },
  { 7172, 8, 12, 0, -11, 9 },
  { 7220, 8, 15, 0, -11, 8 },
  { 7280, 11, 15, 0, -14, 11 },
  { 7363, 10, 15, 0, -14, 11 },
  { 7438, 8, 12, 0, -11, 8 },
  { 7486, 9, 12, 0, -11, 9 },
  { 7540, 9, 12, 0, -11, 8 },
  { 7594, 8, 12, 0, -11, 8 },
  { 7642, 5, 12, 0, -11, 3 },
  { 7672, 9, 12, 0, -11, 9 },
  { 7726, 8, 12, 0, -11, 9 },
  { 7774, 8, 12, 0, -11, 9 },
  { 7822, 10, 15, 0, -14, 11 },
  { 7897, 6, 6, 0, -10, 7 },
  { 7915, 6, 6, 0, -10, 7 },
  { 7933, 8, 13, 0, -8, 8 },
  { 7985, 7, 5, 1, -6, 10 },
  { 8003, 12, 12, 0, -11, 12 },
  { 8075, 12, 12, 0, -11, 12 },
  { 8147, 3, 12, 0, -8, 4 },
  { 8165, 9, 7, 0, -7, 9 },
  { 8197, 9, 7, 0, -7, 9 },
  { 8229, 9, 17, 0, -13, 9 },
  { 8306, 9, 17, 0, -13, 9 },
  { 8383, 9, 17, 0, -13, 9 },
  { 8460, 9, 17, 0, -13, 9 },
  { 8537, 9, 12, 0, -11, 9 },
  { 8591, 9, 11, 0, -7, 9 },
  { 8641, 14, 7, 0, -7, 14 },
  { 8690, 8, 9, 1, -8, 10 },
  { 8726, 8, 9, 1, -8, 10 },
  { 8762, 8, 9, 1, -8, 10 },
  { 8798, 8, 9, 1, -8, 10 },
  { 8834, 9, 7, 0, -7, 10 },
  { 8866, 6, 6, 0, -11, 6 },
  { 8884, 3, 3, 0, -6, 4 },
  { 8889, 9, 12, 0, -11, 9 },
  { 8943, 6, 7, 0, -12, 6 },
  { 8964, 12, 12, 1, -11, 13 },
};
static const uint8_t kUiIndex[256] = {
  0xff,0x00,0x01,0x02,0x03,0x04,0x05,0x06,0xff,0x07,0xff,0x08,0x09,0xff,0x0a,0x0b,0x0c,0x0d,0x0e,0xff,
  0x0f,0x10,0xff,0xff,0x11,0x12,0x13,0x14,0x15,0x16,0x17,0x18,0x19,0x1a,0x1b,0x1c,0x1d,0x1e,0x1f,0x20,
  0x21,0x22,0x23,0x24,0x25,0x26,0x27,0x28,0x29,0x2a,0x2b,0x2c,0x2d,0x2e,0x2f,0x30,0x31,0x32,0x33,0x34,
  0x35,0x36,0x37,0x38,0x39,0x3a,0x3b,0x3c,0x3d,0x3e,0x3f,0x40,0x41,0x42,0x43,0x44,0x45,0x46,0x47,0x48,
  0x49,0x4a,0x4b,0x4c,0x4d,0x4e,0x4f,0x50,0x51,0x52,0x53,0x54,0x55,0x56,0x57,0x58,0x59,0x5a,0x5b,0x5c,
  0x5d,0x5e,0x5f,0x60,0x61,0x62,0x63,0x64,0x65,0x66,0x67,0x68,0x69,0x6a,0x6b,0x6c,0x6d,0x6e,0x6f,0x70,
  0x71,0x72,0x73,0x74,0x75,0x76,0x77,0x78,0x79,0x7a,0x7b,0x7c,0x7d,0x7e,0x7f,0x80,0x81,0x82,0x83,0x84,
  0x85,0x86,0x87,0x88,0x89,0x8a,0x8b,0x8c,0x8d,0x8e,0x8f,0x90,0x91,0x92,0x93,0x94,0x95,0x96,0xff,0xff,
  0x97,0x98,0x99,0x9a,0x9b,0x9c,0x9d,0x9e,0x9f,0xff,0xa0,0xa1,0xa2,0xa3,0xa4,0xa5,0xa6,0xa7,0xa8,0xff,
  0xff,0xff,0xff,0xff,0xff,0xff,0xff,0xff,0xff,0xff,0xff,0xff,0xff,0xff,0xff,0xff,0xff,0xff,0xff,0xff,
  0xff,0xff,0xff,0xff,0xff,0xff,0xff,0xff,0xff,0xff,0xff,0xff,0xff,0xff,0xff,0xff,0xff,0xff,0xff,0xa9,
  0xff,0xff,0xff,0xff,0xff,0xaa,0xff,0xff,0xff,0xff,0xab,0xff,0xff,0xff,0xff,0xff,0xac,0xff,0xff,0xff,
  0xff,0xad,0xae,0xaf,0xff,0xff,0xb0,0xb1,0xb2,0xff,0xb3,0xb4,0xff,0xb5,0xb6,0xff,
};
const aa::Font kFontUi = { kUiBits, kUiGlyphs, kUiIndex, 15, 4, 11, 56 };

static const uint8_t kSmallBits[] = {
  0x3f,0x33,0xf3,0x3f,0x33,0xf2,0x3f,0x22,0xf2,0x2f,0x20,0x00,0x3c,0x33,0xc3,0xe5,0xb7,0xd4,0xb6,0xd3,
  0xa6,0x61,0x53,0x00,0x88,0x03,0xd0,0x00,0xb6,0x06,0xb0,0x14,0xd6,0x4a,0xa3,0x5e,0xfe,0xef,0xeb,0x03,
  0xe0,0x0d,0x40,0x05,0xb0,0x1f,0x10,0xdf,0xff,0xff,0xf4,0x3b,0x83,0x7c,0x30,0x0c,0x40,0x89,0x00,0x0b,
  0x10,0x75,0x00,0x00,0x02,0x20,0x00,0x00,0x07,0x90,0x00,0x02,0xae,0xea,0x20,0x1d,0xca,0xcc,0xe1,0x4f,
  0x27,0x91,0xf5,0x3f,0x77,0x90,0x00,0x09,0xff,0xd6,0x10,0x00,0x3a,0xef,0xd2,0x23,0x07,0x92,0xe9,0x6f,
  0x17,0x90,0xc9,0x1e,0xba,0xb9,0xf4,0x03,0xbe,0xfc,0x50,0x00,0x07,0x90,0x00,0x00,0x02,0x20,0x00,0x06,
  0xed,0x30,0x01,0xe3,0x01,0xf2,0x6c,0x00,0xa8,0x00,0x2e,0x03,0xd0,0x5c,0x00,0x00,0xe6,0x9a,0x1e,0x30,
  0x00,0x03,0xa9,0x1a,0x80,0x00,0x00,0x00,0x05,0xc0,0x7b,0x70,0x00,0x01,0xe3,0x5d,0x4d,0x50,0x00,0xa8,
  0x08,0x90,0x88,0x00,0x5c,0x00,0x6c,0x3c,0x60,0x0a,0x30,0x00,0x9d,0x90,0x02,0xbf,0xc3,0x00,0x00,0xac,
  0x3a,0xc0,0x00,0x0c,0x80,0x7d,0x00,0x00,0x7e,0x7e,0x70,0x00,0x01,0xef,0x70,0x00,0x00,0xbe,0xe8,0x05,
  0x40,0x6e,0x23,0xf6,0xd6,0x08,0xd0,0x05,0xff,0x20,0x3f,0xa5,0x8f,0xe2,0x00,0x4b,0xdb,0x48,0x90,0xe5,
  0xd4,0xd3,0x61,0x00,0x22,0x01,0xe6,0x05,0xe1,0x0a,0xb0,0x0d,0x70,0x0f,0x50,0x1f,0x40,0x2f,0x40,0x0f,
  0x50,0x0d,0x80,0x09,0xc0,0x03,0xf3,0x00,0x96,0x23,0x00,0x5e,0x10,0x1e,0x60,0x0a,0xa0,0x07,0xd0,0x05,
  0xf1,0x03,0xf2,0x03,0xf2,0x05,0xf1,0x08,0xd0,0x0c,0x90,0x2f,0x40,0x69,0x00,0x00,0x4a,0x00,0x2b,0x6a,
  0x87,0x05,0xef,0x91,0x2b,0xcd,0xd5,0x05,0x4a,0x23,0x00,0x25,0x00,0x00,0x7b,0x00,0x00,0x07,0xb0,0x00,
  0x77,0xbd,0x77,0x2a,0xac,0xea,0xa3,0x00,0x7b,0x00,0x00,0x07,0xb0,0x00,0x00,0x23,0x00,0x00,0x2b,0x15,
  0xd0,0x89,0x05,0x30,0x3a,0xaa,0x92,0x77,0x77,0x3c,0x33,0xc3,0x00,0x03,0x10,0x01,0xf2,0x00,0x5d,0x00,
  0x09,0x90,0x00,0xd5,0x00,0x2f,0x10,0x06,0xc0,0x00,0xa8,0x00,0x0e,0x40,0x03,0xf1,0x00,0x7b,0x00,0x0b,
  0x70,0x00,0x31,0x00,0x00,0x00,0x9e,0xea,0x10,0x09,0xd5,0x4c,0xb0,0x2f,0x50,0x03,0xf3,0x5e,0x00,0x00,
  0xd7,0x7d,0x00,0x00,0xb9,0x7d,0x00,0x00,0xb9,0x5f,0x00,0x00,0xd7,0x1f,0x50,0x03,0xf3,0x08,0xe6,0x6d,
  0xa0,0x00,0x7c,0xc8,0x00,0x03,0xdf,0x6f,0xcf,0x94,0x6f,0x00,0x6f,0x00,0x6f,0x00,0x6f,0x00,0x6f,0x00,
  0x6f,0x00,0x6f,0x00,0x4b,0x03,0xbf,0xe8,0x01,0xea,0x35,0xe7,0x6e,0x00,0x08,0xd2,0x40,0x00,0x8c,0x00,
  0x00,0x2e,0x70,0x00,0x2d,0xa0,0x00,0x3e,0xa0,0x00,0x4e,0x90,0x00,0x4f,0xd6,0x66,0x65,0xbb,0xbb,0xba,
  0x02,0xbe,0xea,0x10,0x0d,0xb4,0x4c,0xb0,0x3e,0x30,0x05,0xf1,0x00,0x00,0x08,0xd0,0x00,0x0b,0xdd,0x20,
  0x00,0x06,0x8d,0xa0,0x25,0x00,0x02,0xf4,0x5f,0x20,0x02,0xf4,0x0d,0xc5,0x6c,0xd1,0x01,0x9d,0xc9,0x10,
  0x00,0x00,0x9f,0x70,0x00,0x04,0xfe,0x70,0x00,0x1d,0x7d,0x70,0x00,0xab,0x0d,0x70,0x05,0xe2,0x0d,0x70,
  0x2e,0x60,0x0d,0x70,0x9f,0xaa,0xae,0xc9,0x57,0x77,0x7e,0xb6,0x00,0x00,0x0d,0x70,0x00,0x00,0x0a,0x50,
  0x2f,0xff,0xff,0x80,0x3f,0x43,0x33,0x10,0x4f,0x10,0x00,0x00,0x5f,0x4a,0xb5,0x00,0x5f,0xc7,0x9f,0x70,
  0x49,0x10,0x08,0xe0,0x11,0x00,0x04,0xf1,0x7e,0x10,0x07,0xe0,0x1e,0xc5,0x7e,0x70,0x02,0xad,0xc6,0x00,
  0x01,0x9e,0xea,0x10,0x09,0xd4,0x4c,0xb0,0x1f,0x40,0x03,0xa1,0x5e,0x16,0x73,0x00,0x7e,0xdb,0xcf,0x60,
  0x7f,0x70,0x08,0xe1,0x6f,0x10,0x02,0xf3,0x2f,0x30,0x05,0xf2,0x0a,0xd6,0x6e,0xa0,0x01,0x8d,0xc8,0x00,
  0xaf,0xff,0xff,0x82,0x33,0x34,0xf6,0x00,0x00,0x8d,0x00,0x00,0x1e,0x70,0x00,0x07,0xe1,0x00,0x01,0xe7,
  0x00,0x00,0x7e,0x10,0x00,0x1e,0x80,0x00,0x07,0xe1,0x00,0x00,0xa7,0x00,0x00,0x02,0xbf,0xe9,0x10,0x0d,
  0xb3,0x5e,0x90,0x2f,0x40,0x08,0xc0,0x0e,0x70,0x0b,0xa0,0x03,0xdc,0xdb,0x10,0x0b,0xd7,0x8e,0x70,0x6f,
  0x10,0x06,0xf1,0x7e,0x00,0x04,0xf2,0x2e,0xb5,0x6d,0xc0,0x03,0xad,0xc8,0x10,0x03,0xbf,0xe8,0x00,0x1e,
  0xb3,0x5e,0x70,0x6e,0x10,0x07,0xe0,0x7e,0x00,0x05,0xf2,0x4f,0x50,0x0b,0xf3,0x09,0xfc,0xdc,0xf3,0x00,
  0x46,0x44,0xf1,0x4a,0x00,0x09,0xc0,0x1e,0xa5,0x8f,0x40,0x03,0xad,0xb4,0x00,0x29,0x15,0xf4,0x01,0x00,
  0x00,0x00,0x03,0xc3,0x3c,0x30,0x19,0x24,0xf4,0x01,0x00,0x00,0x00,0x02,0xb1,0x5d,0x08,0x90,0x53,0x00,
  0x00,0x00,0x00,0x30,0x00,0x00,0x3a,0xf1,0x00,0x3b,0xfa,0x30,0x0b,0xe9,0x20,0x00,0x0c,0xe8,0x10,0x00,
  0x00,0x4c,0xe9,0x20,0x00,0x00,0x4b,0xf1,0x00,0x00,0x00,0x40,0xcf,0xff,0xff,0x12,0x33,0x33,0x30,0x23,
  0x33,0x33,0x0c,0xff,0xff,0xf1,0x30,0x00,0x00,0x0c,0xc5,0x00,0x00,0x18,0xed,0x50,0x00,0x01,0x7d,0xd3,
  0x00,0x06,0xce,0x31,0x7d,0xd6,0x00,0xbd,0x60,0x00,0x04,0x00,0x00,0x00,0x05,0xdf,0xd5,0x03,0xf7,0x37,
  0xf3,0x8d,0x00,0x0e,0x60,0x00,0x03,0xf4,0x00,0x05,0xe8,0x00,0x02,0xf6,0x00,0x00,0x5f,0x00,0x00,0x01,
  0x20,0x00,0x00,0x5c,0x10,0x00,0x05,0xc1,0x00,0x00,0x01,0x69,0xa9,0x61,0x00,0x00,0x04,0xed,0x98,0x9d,
  0xd4,0x00,0x04,0xf7,0x00,0x00,0x07,0xe3,0x00,0xd8,0x02,0x9b,0x59,0x09,0xb0,0x3f,0x11,0xea,0x7d,0xf1,
  0x3f,0x16,0xd0,0x6d,0x00,0x3f,0x10,0xf4,0x7c,0x08,0xa0,0x01,0xf1,0x0e,0x46,0xd0,0x6d,0x00,0x4f,0x12,
  0xf2,0x3f,0x21,0xdb,0x8d,0xea,0xcb,0x00,0xba,0x02,0x9a,0x34,0xa8,0x10,0x02,0xe9,0x10,0x00,0x00,0x00,
  0x00,0x02,0xcf,0xca,0xbe,0x60,0x00,0x00,0x00,0x36,0x77,0x40,0x00,0x00,0x00,0x0a,0xf6,0x00,0x00,0x01,
  0xed,0xb0,0x00,0x00,0x5f,0x5f,0x20,0x00,0x0a,0xb0,0xe7,0x00,0x01,0xf6,0x0a,0xc0,0x00,0x6f,0x10,0x5f,
  0x20,0x0b,0xfe,0xee,0xf8,0x02,0xf7,0x44,0x4a,0xd0,0x7f,0x10,0x00,0x5f,0x39,0x80,0x00,0x00,0xb6,0x2f,
  0xff,0xfd,0x60,0x2f,0x63,0x38,0xf4,0x2f,0x40,0x00,0xe7,0x2f,0x40,0x02,0xf5,0x2f,0xcb,0xbe,0x80,0x2f,
  0x96,0x7a,0xf5,0x2f,0x40,0x00,0xac,0x2f,0x40,0x00,0xac,0x2f,0x96,0x79,0xf6,0x2b,0xbb,0xba,0x50,0x00,
  0x4b,0xee,0xb3,0x00,0x5f,0x93,0x4a,0xe3,0x1e,0x80,0x00,0x0c,0xa5,0xf2,0x00,0x00,0x24,0x7e,0x00,0x00,
  0x00,0x07,0xe0,0x00,0x00,0x00,0x4f,0x20,0x00,0x03,0x50,0xda,0x00,0x01,0xda,0x04,0xea,0x56,0xce,0x20,
  0x03,0xad,0xc9,0x20,0x2f,0xff,0xec,0x50,0x02,0xf6,0x34,0x8f,0x70,0x2f,0x40,0x00,0x7e,0x12,0xf4,0x00,
  0x01,0xf5,0x2f,0x40,0x00,0x0e,0x72,0xf4,0x00,0x00,0xe7,0x2f,0x40,0x00,0x2f,0x42,0xf4,0x00,0x0a,0xd0,
  0x2f,0x96,0x7c,0xe4,0x02,0xbb,0xbb,0x82,0x00,0x2f,0xff,0xff,0xf3,0x2f,0x63,0x33,0x31,0x2f,0x40,0x00,
  0x00,0x2f,0x40,0x00,0x00,0x2f,0xcb,0xbb,0xa0,0x2f,0x96,0x66,0x50,0x2f,0x40,0x00,0x00,0x2f,0x40,0x00,
  0x00,0x2f,0x96,0x66,0x61,0x2b,0xbb,0xbb,0xb2,0x2f,0xff,0xff,0xf0,0x2f,0x63,0x33,0x30,0x2f,0x40,0x00,
  0x00,0x2f,0x40,0x00,0x00,0x2f,0xcb,0xbb,0x70,0x2f,0x96,0x66,0x40,0x2f,0x40,0x00,0x00,0x2f,0x40,0x00,
  0x00,0x2f,0x40,0x00,0x00,0x2b,0x30,0x00,0x00,0x00,0x4b,0xfe,0xa2,0x00,0x5f,0x93,0x4b,0xe3,0x1e,0x90,
  0x00,0x0c,0xa5,0xf2,0x00,0x00,0x23,0x7e,0x00,0x02,0x33,0x37,0xe0,0x00,0xcf,0xfe,0x4f,0x20,0x00,0x07,
  0xe0,0xda,0x00,0x01,0xd9,0x04,0xea,0x56,0xcd,0x20,0x03,0xad,0xc8,0x10,0x2f,0x40,0x00,0x0f,0x62,0xf4,
  0x00,0x00,0xf6,0x2f,0x40,0x00,0x0f,0x62,0xf4,0x00,0x00,0xf6,0x2f,0xcb,0xbb,0xbf,0x62,0xf9,0x66,0x67,
  0xf6,0x2f,0x40,0x00,0x0f,0x62,0xf4,0x00,0x00,0xf6,0x2f,0x40,0x00,0x0f,0x62,0xb3,0x00,0x00,0xb4,0x2f,
  0x42,0xf4,0x2f,0x42,0xf4,0x2f,0x42,0xf4,0x2f,0x42,0xf4,0x2f,0x42,0xb3,0x00,0x00,0x2f,0x40,0x00,0x02,
  0xf4,0x00,0x00,0x2f,0x40,0x00,0x02,0xf4,0x00,0x00,0x2f,0x40,0x00,0x02,0xf4,0x57,0x00,0x2f,0x48,0xd0,
  0x04,0xf3,0x3f,0x95,0xcd,0x00,0x5b,0xda,0x20,0x2f,0x40,0x01,0xdc,0x12,0xf4,0x00,0xbd,0x20,0x2f,0x40,
  0xae,0x30,0x02,0xf4,0x8f,0x40,0x00,0x2f,0xaf,0xc0,0x00,0x02,0xff,0x9f,0x60,0x00,0x2f,0x80,0x8e,0x20,
  0x02,0xf4,0x00,0xcc,0x00,0x2f,0x40,0x03,0xf7,0x02,0xb3,0x00,0x06,0xb1,0x2f,0x40,0x00,0x02,0xf4,0x00,
  0x00,0x2f,0x40,0x00,0x02,0xf4,0x00,0x00,0x2f,0x40,0x00,0x02,0xf4,0x00,0x00,0x2f,0x40,0x00,0x02,0xf4,
  0x00,0x00,0x2f,0x96,0x66,0x52,0xbb,0xbb,0xb8,0x2f,0xf1,0x00,0x00,0xbf,0x72,0xff,0x60,0x00,0x2f,0xf7,
  0x2f,0xdc,0x00,0x07,0xde,0x72,0xf8,0xf2,0x00,0xc9,0xe7,0x2f,0x4e,0x80,0x3f,0x3e,0x72,0xf4,0x8d,0x08,
  0xd0,0xe7,0x2f,0x42,0xf4,0xd7,0x0e,0x72,0xf4,0x0c,0xcf,0x10,0xe7,0x2f,0x40,0x6f,0xb0,0x0e,0x72,0xb3,
  0x01,0xb4,0x00,0xb5,0x2f,0xb0,0x00,0x0f,0x72,0xff,0x50,0x00,0xf7,0x2f,0xcd,0x10,0x0f,0x72,0xf5,0xe8,
  0x00,0xf7,0x2f,0x46,0xf3,0x0f,0x72,0xf4,0x0b,0xc0,0xf7,0x2f,0x40,0x3f,0x6f,0x72,0xf4,0x00,0x8d,0xf7,
  0x2f,0x40,0x01,0xdf,0x72,0xb3,0x00,0x04,0xb5,0x00,0x4c,0xfe,0xa2,0x00,0x05,0xf9,0x34,0xbe,0x20,0x1e,
  0x80,0x00,0x0c,0xb0,0x5f,0x20,0x00,0x06,0xf1,0x7e,0x00,0x00,0x03,0xf3,0x7e,0x00,0x00,0x03,0xf3,0x4f,
  0x20,0x00,0x06,0xf1,0x0d,0xa0,0x00,0x1d,0xa0,0x04,0xfa,0x56,0xcd,0x10,0x00,0x3a,0xdc,0x81,0x00,0x2f,
  0xff,0xfd,0x50,0x2f,0x63,0x38,0xf4,0x2f,0x40,0x00,0xc9,0x2f,0x40,0x00,0xc9,0x2f,0x63,0x38,0xf4,0x2f,
  0xff,0xfd,0x50,0x2f,0x40,0x00,0x00,0x2f,0x40,0x00,0x00,0x2f,0x40,0x00,0x00,0x2b,0x30,0x00,0x00,0x00,
  0x4c,0xfe,0xa2,0x00,0x05,0xf9,0x34,0xbe,0x20,0x1e,0x80,0x00,0x0c,0xa0,0x5f,0x20,0x00,0x06,0xf1,0x7e,
  0x00,0x00,0x03,0xf3,0x7e,0x00,0x00,0x03,0xf3,0x4f,0x20,0x34,0x06,0xf1,0x0d,0xa0,0x2e,0x5d,0xa0,0x04,
  0xfa,0x5a,0xfe,0x20,0x00,0x3a,0xdc,0xcc,0x00,0x00,0x00,0x00,0x09,0x40,0x2f,0xff,0xfd,0x60,0x2f,0x63,
  0x37,0xf6,0x2f,0x40,0x00,0xba,0x2f,0x40,0x00,0xbb,0x2f,0x63,0x37,0xf6,0x2f,0xff,0xff,0x60,0x2f,0x40,
  0x5f,0x30,0x2f,0x40,0x0c,0xb0,0x2f,0x40,0x05,0xf4,0x2b,0x30,0x00,0xa8,0x03,0xbe,0xeb,0x30,0x1e,0xb4,
  0x4b,0xe1,0x4f,0x20,0x01,0xf5,0x3f,0x81,0x00,0x00,0x08,0xff,0xb7,0x10,0x00,0x26,0xae,0xe3,0x35,0x00,
  0x01,0xe9,0x6f,0x10,0x00,0xc9,0x1d,0xc6,0x5a,0xf3,0x02,0x9c,0xda,0x30,0xaf,0xff,0xff,0xfb,0x23,0x3b,
  0xc3,0x32,0x00,0x0a,0xb0,0x00,0x00,0x0a,0xb0,0x00,0x00,0x0a,0xb0,0x00,0x00,0x0a,0xb0,0x00,0x00,0x0a,
  0xb0,0x00,0x00,0x0a,0xb0,0x00,0x00,0x0a,0xb0,0x00,0x00,0x08,0x80,0x00,0x3f,0x30,0x00,0x1f,0x53,0xf3,
  0x00,0x01,0xf5,0x3f,0x30,0x00,0x1f,0x53,0xf3,0x00,0x01,0xf5,0x3f,0x30,0x00,0x1f,0x53,0xf3,0x00,0x01,
  0xf5,0x2f,0x40,0x00,0x1f,0x51,0xe8,0x00,0x05,0xf2,0x07,0xf8,0x57,0xe9,0x00,0x05,0xbd,0xc6,0x00,0xbc,
  0x00,0x00,0x1f,0x76,0xf2,0x00,0x06,0xf2,0x1e,0x70,0x00,0xbb,0x00,0xac,0x00,0x1f,0x60,0x05,0xf2,0x05,
  0xf1,0x00,0x0e,0x70,0xab,0x00,0x00,0x9c,0x1e,0x50,0x00,0x04,0xf6,0xe1,0x00,0x00,0x0d,0xea,0x00,0x00,
  0x00,0x7b,0x40,0x00,0xba,0x00,0x09,0xf3,0x00,0x2f,0x58,0xe0,0x00,0xdf,0x60,0x06,0xf1,0x4f,0x30,0x2f,
  0xca,0x00,0xac,0x00,0xe6,0x06,0xe6,0xe0,0x0d,0x80,0x0b,0xa0,0x9a,0x2f,0x32,0xf4,0x00,0x7e,0x0d,0x60,
  0xd6,0x6e,0x00,0x03,0xf4,0xf2,0x09,0xa9,0xb0,0x00,0x0e,0xbd,0x00,0x5d,0xc7,0x00,0x00,0xaf,0x90,0x01,
  0xff,0x30,0x00,0x05,0xb4,0x00,0x09,0xb0,0x00,0x5f,0x50,0x00,0x9d,0x10,0xad,0x10,0x4f,0x40,0x01,0xe9,
  0x1d,0x90,0x00,0x05,0xfb,0xd1,0x00,0x00,0x0b,0xf5,0x00,0x00,0x01,0xdf,0x90,0x00,0x00,0xad,0x5f,0x50,
  0x00,0x5f,0x40,0xae,0x10,0x1e,0x90,0x01,0xea,0x07,0xa1,0x00,0x04,0xb3,0x9e,0x10,0x00,0x7f,0x31,0xe9,
  0x00,0x1e,0x90,0x06,0xf3,0x09,0xe1,0x00,0x0c,0xb3,0xf6,0x00,0x00,0x4f,0xdc,0x00,0x00,0x00,0xaf,0x30,
  0x00,0x00,0x06,0xf0,0x00,0x00,0x00,0x6f,0x00,0x00,0x00,0x06,0xf0,0x00,0x00,0x00,0x5b,0x00,0x00,0x7f,
  0xff,0xff,0xfa,0x13,0x33,0x37,0xf5,0x00,0x00,0x2e,0x90,0x00,0x00,0xcc,0x10,0x00,0x08,0xe2,0x00,0x00,
  0x4f,0x60,0x00,0x02,0xe9,0x00,0x00,0x0b,0xd1,0x00,0x00,0x7f,0x96,0x66,0x65,0x7b,0xbb,0xbb,0xb8,0x04,
  0x42,0x1f,0xe8,0x1f,0x40,0x1f,0x40,0x1f,0x40,0x1f,0x40,0x1f,0x40,0x1f,0x40,0x1f,0x40,0x1f,0x40,0x1f,
  0x40,0x1f,0x94,0x1b,0xb6,0x31,0x00,0x0b,0x70,0x00,0x7b,0x00,0x03,0xf1,0x00,0x0e,0x40,0x00,0xa8,0x00,
  0x06,0xc0,0x00,0x2f,0x10,0x00,0xd5,0x00,0x09,0x90,0x00,0x5d,0x00,0x01,0xf2,0x00,0x03,0x10,0x24,0x40,
  0x7e,0xf1,0x04,0xf1,0x04,0xf1,0x04,0xf1,0x04,0xf1,0x04,0xf1,0x04,0xf1,0x04,0xf1,0x04,0xf1,0x04,0xf1,
  0x39,0xf1,0x6b,0xb1,0x00,0x97,0x00,0x04,0xde,0x20,0x0b,0x69,0x80,0x3e,0x13,0xe1,0x45,0x00,0x63,0x33,
  0x33,0x33,0xff,0xff,0xff,0x4f,0x20,0x89,0x00,0x02,0x00,0x00,0x7e,0xfe,0x60,0x3f,0x51,0x8f,0x11,0x11,
  0x37,0xf2,0x1b,0xeb,0xaf,0x27,0xd1,0x04,0xf2,0x6e,0x65,0xcf,0x20,0x8d,0xc5,0xb1,0x4f,0x10,0x00,0x00,
  0x4f,0x10,0x00,0x00,0x4f,0x11,0x10,0x00,0x4f,0x8f,0xfb,0x10,0x4f,0xb2,0x3d,0xa0,0x4f,0x20,0x06,0xe0,
  0x4f,0x00,0x05,0xf1,0x4f,0x30,0x07,0xe0,0x4f,0xc6,0x7e,0x80,0x3b,0x4c,0xd8,0x00,0x00,0x02,0x00,0x00,
  0x5e,0xfe,0x70,0x2f,0x81,0x5f,0x57,0xe0,0x00,0x43,0x8c,0x00,0x00,0x06,0xe1,0x00,0x84,0x1e,0xb5,0x9f,
  0x30,0x2a,0xdb,0x40,0x00,0x00,0x09,0xb0,0x00,0x00,0x9b,0x00,0x01,0x09,0xb0,0x6e,0xfc,0xbb,0x3f,0x81,
  0x5f,0xb7,0xd0,0x00,0xab,0x8c,0x00,0x08,0xb7,0xe1,0x00,0xbb,0x1e,0xb5,0x9e,0xb0,0x3b,0xd8,0x78,0x00,
  0x02,0x00,0x00,0x5e,0xfe,0x60,0x2e,0x61,0x5e,0x47,0xd6,0x66,0xc9,0x8e,0xbb,0xbb,0x86,0xd0,0x00,0x43,
  0x1e,0xa5,0x8f,0x40,0x2a,0xdb,0x40,0x03,0xdf,0x00,0xac,0x30,0x0a,0xa0,0x0d,0xff,0xf0,0x2b,0xb3,0x00,
  0xaa,0x00,0x0a,0xa0,0x00,0xaa,0x00,0x0a,0xa0,0x00,0x87,0x00,0x00,0x01,0x00,0x00,0x6e,0xfc,0xab,0x3f,
  0x81,0x5f,0xb7,0xd0,0x00,0xab,0x8c,0x00,0x08,0xb7,0xe1,0x00,0xbb,0x1e,0xb5,0x9f,0xb0,0x3b,0xd9,0x9b,
  0x29,0x20,0x0c,0x90,0xbe,0xbd,0xe3,0x00,0x57,0x61,0x00,0x4f,0x10,0x00,0x04,0xf1,0x00,0x00,0x4f,0x11,
  0x10,0x04,0xf9,0xff,0xa0,0x4f,0x91,0x4f,0x54,0xf2,0x00,0xd8,0x4f,0x10,0x0c,0x84,0xf1,0x00,0xc8,0x4f,
  0x10,0x0c,0x83,0xb1,0x00,0x96,0x4e,0x23,0xa1,0x00,0x04,0xf1,0x4f,0x14,0xf1,0x4f,0x14,0xf1,0x4f,0x13,
  0xb1,0x04,0xe2,0x03,0xa1,0x00,0x00,0x04,0xf2,0x04,0xf2,0x04,0xf2,0x04,0xf2,0x04,0xf2,0x04,0xf2,0x04,
  0xf2,0x04,0xf1,0x4d,0xd0,0x37,0x20,0x4f,0x10,0x00,0x04,0xf1,0x00,0x00,0x4f,0x10,0x00,0x04,0xf1,0x08,
  0xe3,0x4f,0x18,0xe3,0x04,0xf9,0xe4,0x00,0x4f,0xef,0x40,0x04,0xf3,0x9e,0x20,0x4f,0x10,0xcc,0x03,0xb1,
  0x02,0xb6,0x4f,0x14,0xf1,0x4f,0x14,0xf1,0x4f,0x14,0xf1,0x4f,0x14,0xf1,0x4f,0x13,0xb1,0x00,0x01,0x10,
  0x01,0x10,0x04,0xf7,0xff,0x87,0xff,0x90,0x4f,0x91,0x7f,0x91,0x6f,0x34,0xf2,0x02,0xf3,0x00,0xf5,0x4f,
  0x10,0x2f,0x30,0x0f,0x54,0xf1,0x02,0xf3,0x00,0xf5,0x4f,0x10,0x2f,0x30,0x0f,0x53,0xb1,0x01,0xb2,0x00,
  0xb4,0x00,0x01,0x10,0x04,0xf8,0xff,0xa0,0x4f,0x91,0x4f,0x54,0xf2,0x00,0xd8,0x4f,0x10,0x0c,0x84,0xf1,
  0x00,0xc8,0x4f,0x10,0x0c,0x83,0xb1,0x00,0x96,0x00,0x02,0x00,0x00,0x5e,0xfe,0x80,0x2f,0x81,0x5f,0x67,
  0xe0,0x00,0xab,0x8c,0x00,0x08,0xc6,0xe1,0x00,0xba,0x1e,0xb5,0x8f,0x40,0x2a,0xdb,0x40,0x00,0x01,0x10,
  0x00,0x4f,0x8f,0xfb,0x10,0x4f,0xb2,0x3d,0xa0,0x4f,0x20,0x06,0xe0,0x4f,0x00,0x05,0xf1,0x4f,0x30,0x07,
  0xe0,0x4f,0xc6,0x7e,0x80,0x4f,0x5c,0xd8,0x00,0x4f,0x10,0x00,0x00,0x4f,0x10,0x00,0x00,0x27,0x10,0x00,
  0x00,0x00,0x01,0x00,0x00,0x6e,0xfc,0xab,0x3f,0x81,0x5f,0xb7,0xd0,0x00,0xab,0x8c,0x00,0x08,0xb7,0xe1,
  0x00,0xbb,0x1e,0xb5,0x9f,0xb0,0x3b,0xd8,0x9b,0x00,0x00,0x09,0xb0,0x00,0x00,0x9b,0x00,0x00,0x05,0x50,
  0x00,0x01,0x04,0xfa,0xf3,0x4f,0x81,0x04,0xf2,0x00,0x4f,0x10,0x04,0xf1,0x00,0x4f,0x10,0x03,0xb1,0x00,
  0x00,0x11,0x00,0x0a,0xff,0xc2,0x5f,0x32,0xba,0x4f,0x51,0x11,0x05,0xbe,0xc4,0x35,0x00,0x9d,0x5f,0x75,
  0xcc,0x06,0xcd,0xa2,0x0b,0x90,0x0b,0x90,0xdf,0xff,0x2c,0xa3,0x0b,0x90,0x0b,0x90,0x0b,0x90,0x0a,0xd6,
  0x02,0xab,0x4f,0x10,0x0c,0x84,0xf1,0x00,0xc8,0x4f,0x10,0x0c,0x84,0xf1,0x00,0xc8,0x3f,0x20,0x0d,0x81,
  0xeb,0x59,0xf8,0x04,0xcd,0x79,0x60,0xab,0x00,0x0d,0x74,0xf2,0x04,0xf2,0x0d,0x70,0x9b,0x00,0x8d,0x0e,
  0x50,0x02,0xf7,0xe1,0x00,0x0c,0xf9,0x00,0x00,0x5b,0x30,0x00,0xaa,0x00,0xbc,0x00,0xab,0x6e,0x01,0xff,
  0x10,0xe7,0x1f,0x45,0xcb,0x53,0xf2,0x0c,0x89,0x87,0x97,0xc0,0x07,0xbd,0x43,0xdb,0x80,0x02,0xfe,0x00,
  0xef,0x30,0x00,0xa8,0x00,0x8b,0x00,0x5f,0x30,0x6e,0x20,0xac,0x2e,0x60,0x01,0xde,0xa0,0x00,0x09,0xf5,
  0x00,0x04,0xfa,0xd1,0x01,0xd8,0x0c,0xa0,0x6a,0x00,0x2b,0x30,0xab,0x00,0x0d,0x74,0xf2,0x04,0xf2,0x0d,
  0x70,0x9b,0x00,0x8d,0x0e,0x50,0x02,0xf7,0xe0,0x00,0x0b,0xf9,0x00,0x00,0x6f,0x30,0x00,0x08,0xc0,0x00,
  0x2a,0xf6,0x00,0x01,0x75,0x00,0x00,0x6f,0xff,0xfc,0x13,0x35,0xf6,0x00,0x1c,0xa0,0x00,0xac,0x10,0x06,
  0xe2,0x00,0x3f,0xb6,0x65,0x4b,0xbb,0xb9,0x00,0x01,0x30,0x05,0xfb,0x00,0xc9,0x00,0x0d,0x60,0x00,0xd6,
  0x00,0x2f,0x50,0x4f,0xb0,0x01,0x6f,0x30,0x00,0xd6,0x00,0x0d,0x60,0x00,0xd7,0x00,0x0a,0xd5,0x00,0x18,
  0x80,0x11,0x99,0x99,0x99,0x99,0x99,0x99,0x99,0x99,0x99,0x99,0x99,0x99,0x99,0x99,0x99,0x67,0x22,0x00,
  0x07,0xf9,0x00,0x06,0xf1,0x00,0x3f,0x20,0x03,0xf2,0x00,0x1f,0x60,0x00,0x7f,0x80,0x1e,0x82,0x03,0xf2,
  0x00,0x3f,0x20,0x03,0xf1,0x03,0xbd,0x00,0x69,0x30,0x00,0x00,0x31,0x00,0x00,0x0b,0xfe,0x60,0xd6,0x2f,
  0x23,0xdf,0xe1,0x00,0x00,0x13,0x10,0x29,0x15,0xf4,0x01,0x00,
};
static const aa::Glyph kSmallGlyphs[] = {
  { 0, 0, 0, 0, 0, 4 },
  { 0, 3, 10, 0, -9, 3 },
  { 15, 4, 4, 1, -9, 6 },
  { 23, 8, 10, 0, -9, 8 },
  { 63, 8, 14, 0, -11, 8 },
  { 119, 11, 10, 0, -9, 11 },
  { 174, 9, 10, 0, -9, 8 },
  { 219, 2, 4, 1, -9, 3 },
  { 223, 4, 13, 0, -10, 4 },
  { 249, 4, 13, 0, -10, 4 },
  { 275, 6, 6, 0, -9, 6 },
  { 293, 7, 7, 1, -6, 8 },
  { 318, 3, 4, 0, -1, 3 },
  { 324, 5, 2, 0, -4, 6 },
  { 329, 3, 2, 0, -1, 3 },
  { 332, 5, 13, 0, -10, 4 },
  { 365, 8, 10, 0, -9, 8 },
  { 405, 4, 10, 0, -9, 5 },
  { 425, 7, 10, 0, -9, 7 },
  { 460, 8, 10, 0, -9, 8 },
  { 500, 8, 10, 0, -9, 8 },
  { 540, 8, 10, 0, -9, 8 },
  { 580, 8, 10, 0, -9, 8 },
  { 620, 7, 10, 0, -9, 7 },
  { 655, 8, 10, 0, -9, 8 },
  { 695, 8, 10, 0, -9, 8 },
  { 735, 3, 7, 0, -6, 3 },
  { 746, 3, 9, 0, -6, 3 },
  { 760, 8, 8, 0, -7, 8 },
  { 792, 7, 4, 1, -5, 8 },
  { 806, 7, 8, 1, -7, 8 },
  { 834, 7, 10, 0, -9, 7 },
  { 869, 13, 13, 0, -9, 13 },
  { 954, 9, 10, 0, -9, 9 },
  { 999, 8, 10, 0, -9, 8 },
  { 1039, 9, 10, 0, -9, 9 },
  { 1084, 9, 10, 0, -9, 9 },
  { 1129, 8, 10, 0, -9, 8 },
  { 1169, 8, 10, 0, -9, 7 },
  { 1209, 9, 10, 0, -9, 10 },
  { 1254, 9, 10, 0, -9, 9 },
  { 1299, 3, 10, 0, -9, 3 },
  { 1314, 7, 10, 0, -9, 7 },
  { 1349, 9, 10, 0, -9, 8 },
  { 1394, 7, 10, 0, -9, 7 },
  { 1429, 11, 10, 0, -9, 11 },
  { 1484, 9, 10, 0, -9, 9 },
  { 1529, 10, 10, 0, -9, 10 },
  { 1579, 8, 10, 0, -9, 8 },
  { 1619, 10, 11, 0, -9, 10 },
  { 1674, 8, 10, 0, -9, 8 },
  { 1714, 8, 10, 0, -9, 8 },
  { 1754, 8, 10, 0, -9, 8 },
  { 1794, 9, 10, 0, -9, 9 },
  { 1839, 9, 10, 0, -9, 9 },
  { 1884, 13, 10, 0, -9, 13 },
  { 1949, 9, 10, 0, -9, 9 },
  { 1994, 9, 10, 0, -9, 9 },
  { 2039, 8, 10, 0, -9, 8 },
  { 2079, 4, 13, 0, -10, 4 },
  { 2105, 5, 13, 0, -10, 4 },
  { 2138, 4, 13, 0, -10, 4 },
  { 2164, 6, 5, 0, -9, 6 },
  { 2179, 6, 2, 0, 0, 6 },
  { 2185, 3, 2, 0, -9, 3 },
  { 2188, 7, 8, 0, -7, 7 },
  { 2216, 8, 10, 0, -9, 7 },
  { 2256, 7, 8, 0, -7, 7 },
  { 2284, 7, 10, 0, -9, 7 },
  { 2319, 7, 8, 0, -7, 7 },
  { 2347, 5, 10, 0, -9, 4 },
  { 2372, 7, 11, 0, -7, 7 },
  { 2411, 7, 10, 0, -9, 7 },
  { 2446, 3, 10, 0, -9, 3 },
  { 2461, 4, 13, -1, -9, 3 },
  { 2487, 7, 10, 0, -9, 7 },
  { 2522, 3, 10, 0, -9, 3 },
  { 2537, 11, 8, 0, -7, 11 },
  { 2581, 7, 8, 0, -7, 7 },
  { 2609, 7, 8, 0, -7, 7 },
  { 2637, 8, 11, 0, -7, 7 },
  { 2681, 7, 11, 0, -7, 7 },
  { 2720, 5, 8, 0, -7, 4 },
  { 2740, 6, 8, 0, -7, 6 },
  { 2764, 4, 9, 0, -8, 4 },
  { 2782, 7, 7, 0, -6, 7 },
  { 2807, 7, 7, 0, -6, 7 },
  { 2832, 10, 7, 0, -6, 10 },
  { 2867, 7, 7, 0, -6, 7 },
  { 2892, 7, 10, 0, -6, 7 },
  { 2927, 6, 7, 0, -6, 6 },
  { 2948, 5, 13, 0, -10, 5 },
  { 2981, 2, 17, 1, -13, 4 },
  { 2998, 5, 13, 0, -10, 5 },
  { 3031, 8, 4, 0, -5, 8 },
  { 3047, 3, 3, 0, -5, 3 },
};
static const uint8_t kSmallIndex[256] = {
  0xff,0xff,0xff,0xff,0xff,0xff,0xff,0xff,0xff,0xff,0xff,0xff,0xff,0xff,0xff,0xff,0xff,0xff,0xff,0xff,
  0xff,0xff,0xff,0xff,0xff,0xff,0xff,0xff,0xff,0xff,0xff,0xff,0x00,0x01,0x02,0x03,0x04,0x05,0x06,0x07,
  0x08,0x09,0x0a,0x0b,0x0c,0x0d,0x0e,0x0f,0x10,0x11,0x12,0x13,0x14,0x15,0x16,0x17,0x18,0x19,0x1a,0x1b,
  0x1c,0x1d,0x1e,0x1f,0x20,0x21,0x22,0x23,0x24,0x25,0x26,0x27,0x28,0x29,0x2a,0x2b,0x2c,0x2d,0x2e,0x2f,
  0x30,0x31,0x32,0x33,0x34,0x35,0x36,0x37,0x38,0x39,0x3a,0x3b,0x3c,0x3d,0x3e,0x3f,0x40,0x41,0x42,0x43,
  0x44,0x45,0x46,0x47,0x48,0x49,0x4a,0x4b,0x4c,0x4d,0x4e,0x4f,0x50,0x51,0x52,0x53,0x54,0x55,0x56,0x57,
  0x58,0x59,0x5a,0x5b,0x5c,0x5d,0x5e,0xff,0xff,0xff,0xff,0xff,0xff,0xff,0xff,0xff,0xff,0xff,0xff,0xff,
  0xff,0xff,0xff,0xff,0xff,0xff,0xff,0xff,0xff,0xff,0xff,0xff,0xff,0xff,0xff,0xff,0xff,0xff,0xff,0xff,
  0xff,0xff,0xff,0xff,0xff,0xff,0xff,0xff,0xff,0xff,0xff,0xff,0xff,0xff,0xff,0xff,0xff,0xff,0xff,0xff,
  0xff,0xff,0xff,0xff,0xff,0xff,0xff,0xff,0xff,0xff,0xff,0xff,0xff,0xff,0xff,0xff,0xff,0xff,0xff,0xff,
  0xff,0xff,0xff,0xff,0xff,0xff,0xff,0xff,0xff,0xff,0xff,0xff,0xff,0xff,0xff,0xff,0xff,0xff,0xff,0xff,
  0xff,0xff,0xff,0xff,0xff,0xff,0xff,0xff,0xff,0xff,0xff,0xff,0xff,0xff,0xff,0xff,0xff,0xff,0xff,0xff,
  0xff,0xff,0xff,0xff,0xff,0xff,0xff,0xff,0xff,0xff,0x5f,0xff,0xff,0xff,0xff,0xff,
};
const aa::Font kFontSmall = { kSmallBits, kSmallGlyphs, kSmallIndex, 13, 3, 10, 31 };

static const uint8_t kLabelBits[] = {
  0x24,0x09,0xe0,0x9e,0x08,0xe0,0x8d,0x08,0xd0,0x7d,0x00,0x10,0x9e,0x14,0x80,0x14,0x14,0x15,0xf2,0xf3,
  0x4e,0x1f,0x23,0xe0,0xf2,0x00,0x04,0x10,0x31,0x00,0x01,0xf1,0x0f,0x20,0x00,0x3e,0x02,0xf0,0x00,0x9f,
  0xff,0xff,0xf1,0x03,0xaa,0x49,0xb4,0x00,0x0b,0x60,0xa7,0x00,0x2f,0xff,0xff,0xf8,0x01,0x5f,0x54,0xf5,
  0x20,0x03,0xe0,0x2f,0x00,0x00,0x26,0x02,0x70,0x00,0x00,0x07,0x10,0x00,0x03,0xe5,0x00,0x1c,0xff,0xfc,
  0x18,0xf4,0xe5,0xe9,0x9e,0x1e,0x25,0x53,0xee,0xf7,0x20,0x02,0x8f,0xff,0x64,0x40,0xe3,0xce,0xad,0x1e,
  0x2a,0xe3,0xee,0xfd,0xf7,0x02,0x7e,0x93,0x00,0x00,0xa1,0x00,0x01,0x31,0x00,0x02,0x30,0x2e,0xcd,0x10,
  0x1d,0x40,0x7a,0x0c,0x60,0x99,0x00,0x6c,0x1d,0x55,0xd1,0x00,0x1b,0xfa,0x2d,0x30,0x00,0x00,0x00,0xa8,
  0x3a,0xa2,0x00,0x05,0xc0,0xd7,0x9a,0x00,0x2e,0x30,0xf2,0x4d,0x00,0xb7,0x00,0xc9,0xaa,0x02,0x70,0x00,
  0x28,0x81,0x00,0x23,0x00,0x00,0x09,0xff,0xc1,0x00,0x1f,0x52,0xf5,0x00,0x1f,0x65,0xf2,0x00,0x08,0xef,
  0x60,0x00,0x2c,0xfd,0x13,0x70,0xbd,0x2c,0xc9,0xc0,0xda,0x02,0xdf,0x70,0x7f,0xba,0xff,0x80,0x05,0x99,
  0x43,0x72,0x14,0x05,0xf0,0x4e,0x03,0xe0,0x02,0x72,0x09,0xd0,0x0e,0x90,0x3f,0x50,0x6f,0x20,0x7f,0x10,
  0x7f,0x00,0x6f,0x20,0x3f,0x50,0x0e,0x90,0x08,0xe1,0x01,0x41,0x64,0x08,0xe0,0x3f,0x40,0xe8,0x0c,0xb0,
  0xac,0x0a,0xc0,0xbb,0x0e,0x84,0xf4,0xad,0x03,0x20,0x00,0x21,0x00,0x12,0xa4,0x30,0x4d,0xdc,0xb1,0x29,
  0xfe,0x70,0x36,0x95,0x80,0x00,0x52,0x00,0x00,0x07,0x20,0x00,0x00,0xf4,0x00,0x14,0x4f,0x74,0x25,0xff,
  0xff,0xf8,0x00,0x0f,0x40,0x00,0x00,0xf4,0x00,0x00,0x04,0x10,0x00,0x47,0xaa,0xc6,0x71,0x47,0x77,0x26,
  0xbb,0xb4,0x01,0x0a,0xe0,0x47,0x00,0x00,0x04,0x80,0x00,0xa9,0x00,0x0e,0x50,0x04,0xf1,0x00,0x8c,0x00,
  0x0c,0x80,0x01,0xf4,0x00,0x5e,0x00,0x09,0xb0,0x00,0xd7,0x00,0x1b,0x20,0x00,0x00,0x13,0x20,0x00,0x7f,
  0xff,0x90,0x4f,0x70,0x5f,0x69,0xd0,0x00,0xbc,0xca,0x00,0x08,0xec,0xa0,0x00,0x7e,0xbc,0x00,0x09,0xd6,
  0xf3,0x01,0xe9,0x0c,0xea,0xdd,0x10,0x17,0x97,0x10,0x00,0x04,0x20,0x2c,0xf9,0x0e,0xae,0x90,0x50,0xd9,
  0x00,0x0d,0x90,0x00,0xd9,0x00,0x0d,0x90,0x00,0xd9,0x00,0x0d,0x90,0x00,0x74,0x00,0x23,0x10,0x01,0xbf,
  0xfe,0x60,0x8e,0x30,0x8f,0x29,0x80,0x03,0xf4,0x00,0x00,0x8e,0x10,0x00,0x7f,0x50,0x00,0x9f,0x50,0x01,
  0xbe,0x40,0x00,0xaf,0xdb,0xbb,0x36,0x77,0x77,0x72,0x00,0x24,0x10,0x00,0xaf,0xff,0x90,0x6f,0x40,0x6f,
  0x44,0x60,0x02,0xf5,0x00,0x38,0xcb,0x10,0x05,0xbe,0xb1,0x33,0x00,0x1e,0x9a,0xd0,0x01,0xe9,0x3e,0xc9,
  0xde,0x30,0x28,0x97,0x20,0x00,0x00,0x43,0x00,0x00,0x07,0xfe,0x00,0x00,0x3f,0xde,0x00,0x01,0xd9,0x8e,
  0x00,0x09,0xd1,0x8e,0x00,0x5f,0x30,0x8e,0x00,0xde,0xbb,0xdf,0xb2,0x77,0x77,0xbf,0x71,0x00,0x00,0x8e,
  0x00,0x00,0x00,0x47,0x00,0x24,0x44,0x43,0x08,0xff,0xff,0xe0,0x9d,0x00,0x00,0x09,0xc1,0x32,0x00,0xad,
  0xef,0xf7,0x0a,0xd2,0x08,0xf3,0x11,0x00,0x1f,0x6c,0xc0,0x04,0xf4,0x4f,0xca,0xec,0x00,0x38,0x96,0x00,
  0x00,0x13,0x20,0x00,0x7f,0xff,0x90,0x3f,0x60,0x5f,0x59,0xc0,0x32,0x21,0xcc,0xdf,0xf9,0x0c,0xf6,0x06,
  0xf5,0xbd,0x00,0x0e,0x97,0xe1,0x02,0xf7,0x1d,0xd9,0xed,0x10,0x17,0x97,0x10,0x44,0x44,0x43,0xef,0xff,
  0xfe,0x00,0x00,0xda,0x00,0x06,0xf3,0x00,0x0d,0xa0,0x00,0x6f,0x30,0x00,0xda,0x00,0x06,0xf3,0x00,0x0d,
  0xb0,0x00,0x27,0x20,0x00,0x00,0x24,0x10,0x01,0xbf,0xff,0x80,0x6f,0x40,0x8f,0x27,0xf1,0x04,0xf3,0x1c,
  0xb8,0xd9,0x02,0xbd,0xbe,0x90,0xad,0x10,0x3f,0x6c,0xc0,0x01,0xf8,0x5f,0xc9,0xde,0x20,0x38,0x97,0x20,
  0x00,0x23,0x10,0x01,0xbf,0xfe,0x60,0x9e,0x30,0x8f,0x2c,0xa0,0x01,0xf7,0xad,0x10,0x5f,0x93,0xee,0xce,
  0xe9,0x02,0x77,0x2e,0x78,0xa0,0x05,0xf3,0x4f,0xca,0xe9,0x00,0x38,0x95,0x00,0x24,0x0a,0xf1,0x24,0x00,
  0x00,0x01,0x0a,0xe0,0x47,0x00,0x24,0x0a,0xf1,0x24,0x00,0x00,0x00,0x04,0x70,0xaa,0x0c,0x60,0x71,0x00,
  0x00,0x00,0x00,0x10,0x00,0x05,0xc6,0x01,0x6d,0xf9,0x24,0xee,0x71,0x00,0x4e,0xd6,0x10,0x00,0x18,0xee,
  0x81,0x00,0x01,0x7d,0x60,0x00,0x00,0x01,0x3f,0xff,0xff,0x61,0x44,0x44,0x42,0x13,0x33,0x33,0x13,0xff,
  0xff,0xf7,0x10,0x00,0x00,0x02,0xe7,0x10,0x00,0x18,0xee,0x82,0x00,0x00,0x6c,0xf7,0x00,0x04,0xbf,0x70,
  0x6d,0xf9,0x20,0x2e,0x82,0x00,0x01,0x10,0x00,0x00,0x00,0x33,0x00,0x2d,0xff,0xe3,0xad,0x11,0xcc,0x75,
  0x00,0xac,0x00,0x07,0xf6,0x00,0x8e,0x50,0x00,0xc9,0x00,0x00,0x21,0x00,0x00,0xdb,0x00,0x00,0x75,0x00,
  0x00,0x00,0x23,0x31,0x00,0x00,0x00,0x4c,0xff,0xff,0xa1,0x00,0x06,0xf8,0x20,0x04,0xcd,0x10,0x2f,0x60,
  0x47,0x34,0x2c,0xa0,0x8c,0x06,0xfc,0xef,0x44,0xf1,0xb9,0x0e,0x60,0x2f,0x41,0xf3,0xc8,0x1f,0x30,0x0e,
  0x41,0xf4,0xb9,0x0e,0x60,0x2f,0x44,0xf2,0x7e,0x07,0xfb,0xed,0xde,0xa0,0x1e,0x90,0x47,0x41,0x76,0x00,
  0x04,0xec,0x64,0x46,0x40,0x00,0x00,0x29,0xdf,0xfc,0x60,0x00,0x00,0x00,0x43,0x00,0x00,0x00,0x5f,0xf2,
  0x00,0x00,0x0a,0xde,0x80,0x00,0x01,0xf8,0xad,0x00,0x00,0x6f,0x36,0xf3,0x00,0x0b,0xd0,0x1f,0x90,0x02,
  0xfe,0xbb,0xee,0x00,0x7f,0x87,0x7a,0xf4,0x0c,0xd0,0x00,0x1f,0xa1,0x74,0x00,0x00,0x67,0x24,0x44,0x30,
  0x00,0x8f,0xff,0xfd,0x20,0x8f,0x00,0x2e,0xa0,0x8f,0x00,0x0d,0xa0,0x8f,0x77,0xad,0x30,0x8f,0xbb,0xce,
  0x60,0x8f,0x00,0x0a,0xf0,0x8f,0x00,0x0a,0xf1,0x8f,0xbb,0xcf,0x90,0x47,0x77,0x74,0x00,0x00,0x03,0x31,
  0x00,0x00,0x3d,0xff,0xf9,0x00,0x2e,0xb2,0x05,0xf9,0x08,0xf1,0x00,0x08,0xb0,0xcc,0x00,0x00,0x00,0x0c,
  0xb0,0x00,0x00,0x00,0xae,0x00,0x00,0x36,0x04,0xf7,0x00,0x1d,0xc0,0x08,0xfb,0x9d,0xe3,0x00,0x04,0x89,
  0x71,0x00,0x24,0x44,0x20,0x00,0x8f,0xff,0xfc,0x30,0x8f,0x00,0x3c,0xe1,0x8f,0x00,0x02,0xf7,0x8f,0x00,
  0x00,0xea,0x8f,0x00,0x00,0xda,0x8f,0x00,0x01,0xf8,0x8f,0x00,0x0a,0xf2,0x8f,0xbb,0xee,0x50,0x47,0x77,
  0x61,0x00,0x24,0x44,0x44,0x28,0xff,0xff,0xf8,0x8f,0x00,0x00,0x08,0xf0,0x00,0x00,0x8f,0x87,0x77,0x28,
  0xfb,0xbb,0xb2,0x8f,0x00,0x00,0x08,0xf0,0x00,0x00,0x8f,0xbb,0xbb,0x64,0x77,0x77,0x74,0x24,0x44,0x44,
  0x18,0xff,0xff,0xf5,0x8f,0x00,0x00,0x08,0xf0,0x00,0x00,0x8f,0x77,0x77,0x08,0xfb,0xbb,0xb0,0x8f,0x00,
  0x00,0x08,0xf0,0x00,0x00,0x8f,0x00,0x00,0x04,0x70,0x00,0x00,0x00,0x03,0x31,0x00,0x00,0x3d,0xff,0xf9,
  0x00,0x2e,0xb2,0x05,0xf9,0x08,0xf1,0x00,0x07,0xa0,0xcc,0x00,0x00,0x00,0x0c,0xb0,0x07,0xff,0xf1,0xae,
  0x00,0x23,0x9f,0x14,0xf7,0x00,0x1d,0xc0,0x08,0xfb,0x9d,0xe3,0x00,0x04,0x89,0x71,0x00,0x24,0x00,0x00,
  0x42,0x8f,0x00,0x00,0xe9,0x8f,0x00,0x00,0xe9,0x8f,0x00,0x00,0xe9,0x8f,0x87,0x77,0xf9,0x8f,0xbb,0xbb,
  0xf9,0x8f,0x00,0x00,0xe9,0x8f,0x00,0x00,0xe9,0x8f,0x00,0x00,0xe9,0x47,0x00,0x00,0x74,0x24,0x08,0xf0,
  0x8f,0x08,0xf0,0x8f,0x08,0xf0,0x8f,0x08,0xf0,0x8f,0x04,0x70,0x00,0x00,0x33,0x00,0x00,0xda,0x00,0x00,
  0xda,0x00,0x00,0xda,0x00,0x00,0xda,0x00,0x00,0xda,0x75,0x00,0xda,0xcb,0x00,0xe9,0x7f,0xac,0xf4,0x05,
  0x98,0x30,0x24,0x00,0x01,0x42,0x8f,0x00,0x1d,0xd1,0x8f,0x00,0xce,0x20,0x8f,0x0a,0xf4,0x00,0x8f,0x8f,
  0x70,0x00,0x8f,0xfe,0xd1,0x00,0x8f,0x73,0xf9,0x00,0x8f,0x00,0x7f,0x40,0x8f,0x00,0x0c,0xe1,0x47,0x00,
  0x02,0x74,0x24,0x00,0x00,0x08,0xf0,0x00,0x00,0x8f,0x00,0x00,0x08,0xf0,0x00,0x00,0x8f,0x00,0x00,0x08,
  0xf0,0x00,0x00,0x8f,0x00,0x00,0x08,0xf0,0x00,0x00,0x8f,0xbb,0xbb,0x14,0x77,0x77,0x71,0x24,0x30,0x00,
  0x03,0x42,0x8f,0xe1,0x00,0x0d,0xf9,0x8f,0xf5,0x00,0x4f,0xf9,0x8f,0xcb,0x00,0x9d,0xd9,0x8f,0x7f,0x11,
  0xe8,0xe9,0x8f,0x2f,0x75,0xf3,0xe9,0x8f,0x0b,0xca,0xc0,0xe9,0x8f,0x05,0xfe,0x60,0xe9,0x8f,0x00,0xef,
  0x10,0xe9,0x47,0x00,0x56,0x00,0x75,0x24,0x10,0x00,0x32,0x8f,0x90,0x00,0xda,0x8f,0xf4,0x00,0xda,0x8f,
  0xcd,0x00,0xda,0x8f,0x3f,0x70,0xda,0x8f,0x08,0xf2,0xda,0x8f,0x01,0xdb,0xda,0x8f,0x00,0x4f,0xfa,0x8f,
  0x00,0x0a,0xfa,0x47,0x00,0x01,0x75,0x00,0x03,0x31,0x00,0x00,0x3d,0xff,0xf8,0x00,0x2e,0xb2,0x06,0xf8,
  0x08,0xf1,0x00,0x09,0xf1,0xcc,0x00,0x00,0x5f,0x4c,0xb0,0x00,0x04,0xf4,0xae,0x00,0x00,0x7f,0x24,0xf7,
  0x00,0x1d,0xc0,0x08,0xfb,0xae,0xd2,0x00,0x04,0x89,0x61,0x00,0x24,0x44,0x30,0x08,0xff,0xff,0xd3,0x8f,
  0x00,0x2d,0xb8,0xf0,0x00,0x9e,0x8f,0x00,0x2d,0xb8,0xff,0xff,0xd2,0x8f,0x43,0x20,0x08,0xf0,0x00,0x00,
  0x8f,0x00,0x00,0x04,0x70,0x00,0x00,0x00,0x03,0x31,0x00,0x00,0x3d,0xff,0xf8,0x00,0x2e,0xb2,0x06,0xf8,
  0x08,0xf1,0x00,0x09,0xe1,0xcc,0x00,0x00,0x5f,0x4c,0xb0,0x00,0x04,0xf4,0xae,0x01,0x51,0x7f,0x24,0xf7,
  0x0b,0xad,0xc0,0x08,0xfb,0xbf,0xe3,0x00,0x04,0x89,0x7e,0x50,0x00,0x00,0x00,0x23,0x00,0x24,0x44,0x30,
  0x00,0x8f,0xff,0xfd,0x30,0x8f,0x00,0x2d,0xc0,0x8f,0x00,0x08,0xf0,0x8f,0x00,0x2d,0xc0,0x8f,0xff,0xfd,
  0x30,0x8f,0x44,0xe9,0x00,0x8f,0x00,0x8f,0x20,0x8f,0x00,0x1e,0xa0,0x47,0x00,0x05,0x70,0x00,0x24,0x20,
  0x01,0xaf,0xff,0xb1,0x7f,0x40,0x3e,0x99,0xe1,0x00,0x55,0x4f,0xea,0x62,0x00,0x39,0xdf,0xf6,0x33,0x00,
  0x2c,0xeb,0xd1,0x00,0xae,0x3e,0xd9,0xbf,0x70,0x27,0x98,0x40,0x44,0x44,0x44,0x4e,0xff,0xff,0xff,0x00,
  0x4f,0x40,0x00,0x04,0xf4,0x00,0x00,0x4f,0x40,0x00,0x04,0xf4,0x00,0x00,0x4f,0x40,0x00,0x04,0xf4,0x00,
  0x00,0x4f,0x40,0x00,0x02,0x72,0x00,0x24,0x00,0x00,0x42,0x8f,0x00,0x00,0xf8,0x8f,0x00,0x00,0xf8,0x8f,
  0x00,0x00,0xf8,0x8f,0x00,0x00,0xf8,0x8f,0x00,0x00,0xf8,0x8f,0x00,0x01,0xf7,0x6f,0x40,0x05,0xf5,0x0b,
  0xea,0xaf,0xb0,0x00,0x69,0x95,0x00,0x04,0x20,0x00,0x03,0x30,0xdb,0x00,0x00,0xea,0x08,0xf2,0x00,0x5f,
  0x50,0x3f,0x70,0x0a,0xe0,0x00,0xdc,0x00,0xe9,0x00,0x07,0xf2,0x4f,0x40,0x00,0x2f,0x69,0xe0,0x00,0x00,
  0xbb,0xd9,0x00,0x00,0x06,0xff,0x30,0x00,0x00,0x17,0x70,0x00,0x04,0x20,0x01,0x42,0x00,0x14,0x20,0xea,
  0x00,0x6f,0xa0,0x06,0xf4,0x0a,0xd0,0x09,0xfd,0x00,0x9e,0x00,0x6f,0x20,0xdb,0xf2,0x0d,0xb0,0x02,0xf6,
  0x2f,0x5f,0x62,0xf6,0x00,0x0d,0x96,0xf1,0xba,0x5f,0x20,0x00,0x9d,0x9b,0x07,0xd9,0xd0,0x00,0x05,0xfd,
  0x70,0x3f,0xd9,0x00,0x00,0x1f,0xf3,0x00,0xef,0x50,0x00,0x00,0x77,0x00,0x05,0x71,0x00,0x03,0x30,0x00,
  0x14,0x20,0x6f,0x50,0x09,0xe2,0x00,0xbe,0x14,0xf6,0x00,0x02,0xea,0xdb,0x00,0x00,0x06,0xfe,0x20,0x00,
  0x00,0x5f,0xe2,0x00,0x00,0x1e,0xbe,0xb0,0x00,0x0b,0xe1,0x5f,0x60,0x07,0xf4,0x00,0xae,0x20,0x76,0x00,
  0x01,0x75,0x04,0x30,0x00,0x04,0x30,0xbe,0x10,0x06,0xf5,0x02,0xf9,0x01,0xeb,0x00,0x08,0xf3,0x8f,0x20,
  0x00,0x1d,0xcf,0x80,0x00,0x00,0x5f,0xe1,0x00,0x00,0x00,0xe9,0x00,0x00,0x00,0x0e,0x90,0x00,0x00,0x00,
  0xe9,0x00,0x00,0x00,0x07,0x40,0x00,0x34,0x44,0x44,0x3b,0xff,0xff,0xfe,0x00,0x00,0x6f,0x60,0x00,0x3f,
  0xa0,0x00,0x1d,0xd1,0x00,0x0b,0xe3,0x00,0x07,0xf5,0x00,0x04,0xf9,0x00,0x00,0xdf,0xbb,0xbb,0xa7,0x77,
  0x77,0x77,0x37,0x71,0x6f,0xb2,0x6f,0x10,0x6f,0x10,0x6f,0x10,0x6f,0x10,0x6f,0x10,0x6f,0x10,0x6f,0x10,
  0x6f,0x10,0x6f,0xf2,0x24,0x41,0x19,0x20,0x00,0xd6,0x00,0x09,0xa0,0x00,0x5e,0x00,0x01,0xf3,0x00,0x0c,
  0x70,0x00,0x8b,0x00,0x04,0xf1,0x00,0x0e,0x50,0x00,0xb9,0x00,0x06,0x90,0x67,0x69,0xec,0x0b,0xc0,0xbc,
  0x0b,0xc0,0xbc,0x0b,0xc0,0xbc,0x0b,0xc0,0xbc,0xcf,0xc3,0x43,0x06,0xf6,0x00,0xd9,0xd0,0x6c,0x0d,0x59,
  0x50,0x58,0x27,0x77,0x77,0x33,0xbb,0xbb,0xb4,0x33,0x04,0xe1,0x05,0x30,0x04,0x99,0x50,0x5f,0xbb,0xf5,
  0x45,0x01,0xe9,0x3b,0xdc,0xe9,0xcb,0x00,0xe9,0xbe,0xac,0xe9,0x18,0x94,0x64,0x23,0x00,0x00,0x09,0xd0,
  0x00,0x00,0x9d,0x00,0x00,0x09,0xd4,0x97,0x10,0x9e,0xda,0xec,0x09,0xe1,0x04,0xf4,0x9c,0x00,0x1f,0x69,
  0xe1,0x04,0xf4,0x9e,0xd9,0xec,0x04,0x64,0x98,0x10,0x03,0x89,0x50,0x4f,0xca,0xf7,0xbc,0x00,0x69,0xd9,
  0x00,0x00,0xbc,0x00,0x79,0x4f,0xca,0xf7,0x03,0x89,0x50,0x00,0x00,0x14,0x00,0x00,0x05,0xf2,0x00,0x00,
  0x5f,0x20,0x49,0x76,0xf2,0x5f,0xca,0xef,0x2b,0xc0,0x07,0xf2,0xd9,0x00,0x4f,0x2b,0xc0,0x07,0xf2,0x5f,
  0xca,0xef,0x20,0x49,0x73,0x71,0x03,0x89,0x40,0x04,0xfb,0xaf,0x60,0xbc,0x44,0x9e,0x0d,0xdb,0xbb,0xb0,
  0xbb,0x00,0x46,0x04,0xfb,0xaf,0x80,0x03,0x89,0x50,0x00,0x00,0x03,0x30,0x0b,0xfa,0x00,0xf8,0x01,0x8f,
  0xb5,0x2b,0xfd,0x80,0x1f,0x70,0x01,0xf7,0x00,0x1f,0x70,0x01,0xf7,0x00,0x07,0x30,0x04,0x97,0x37,0x15,
  0xfc,0xae,0xf2,0xbc,0x00,0x7f,0x2d,0x90,0x04,0xf2,0xbd,0x00,0x8f,0x24,0xfd,0xcd,0xf2,0x03,0x76,0x6f,
  0x26,0xf6,0x4c,0xe0,0x09,0xef,0xc3,0x00,0x23,0x00,0x00,0x9d,0x00,0x00,0x9d,0x00,0x00,0x9d,0x49,0x71,
  0x9e,0xca,0xfa,0x9e,0x10,0x9e,0x9d,0x00,0x8f,0x9d,0x00,0x8f,0x9d,0x00,0x8f,0x47,0x00,0x47,0x12,0x0a,
  0xe0,0x35,0x04,0x70,0x9d,0x09,0xd0,0x9d,0x09,0xd0,0x9d,0x04,0x70,0x01,0x20,0x0a,0xe0,0x03,0x50,0x04,
  0x70,0x09,0xd0,0x09,0xd0,0x09,0xd0,0x09,0xd0,0x09,0xd0,0x09,0xd0,0x2c,0xd0,0xae,0x50,0x23,0x00,0x00,
  0x09,0xd0,0x00,0x00,0x9d,0x00,0x00,0x09,0xd0,0x07,0x60,0x9d,0x0a,0xe3,0x09,0xd9,0xe3,0x00,0x9f,0xfc,
  0x10,0x09,0xe4,0xea,0x00,0x9d,0x05,0xf7,0x04,0x70,0x05,0x71,0x23,0x9d,0x9d,0x9d,0x9d,0x9d,0x9d,0x9d,
  0x9d,0x47,0x46,0x49,0x70,0x69,0x50,0x9e,0xca,0xfd,0xac,0xf4,0x9e,0x00,0xcb,0x00,0xf8,0x9d,0x00,0xba,
  0x00,0xe8,0x9d,0x00,0xba,0x00,0xe8,0x9d,0x00,0xba,0x00,0xe8,0x47,0x00,0x65,0x00,0x74,0x46,0x49,0x71,
  0x9e,0xca,0xfa,0x9e,0x10,0x9e,0x9d,0x00,0x8f,0x9d,0x00,0x8f,0x9d,0x00,0x8f,0x47,0x00,0x47,0x03,0x89,
  0x50,0x04,0xfc,0xaf,0x80,0xbc,0x00,0x7f,0x1d,0x90,0x04,0xf3,0xbc,0x00,0x7f,0x14,0xfc,0xaf,0x90,0x03,
  0x89,0x50,0x00,0x46,0x49,0x71,0x09,0xed,0xae,0xc0,0x9e,0x10,0x4f,0x49,0xc0,0x01,0xf6,0x9e,0x10,0x4f,
  0x49,0xed,0x9e,0xc0,0x9d,0x49,0x81,0x09,0xd0,0x00,0x00,0x9d,0x00,0x00,0x00,0x04,0x97,0x37,0x15,0xfc,
  0xae,0xf2,0xbc,0x00,0x7f,0x2d,0x90,0x04,0xf2,0xbc,0x00,0x7f,0x25,0xfc,0xae,0xf2,0x04,0x97,0x6f,0x20,
  0x00,0x05,0xf2,0x00,0x00,0x5f,0x20,0x46,0x46,0x9e,0xd9,0x9e,0x10,0x9d,0x00,0x9d,0x00,0x9d,0x00,0x47,
  0x00,0x06,0x98,0x20,0x8f,0xac,0xe1,0xad,0x11,0x72,0x2a,0xed,0x80,0x64,0x04,0xf6,0x8f,0xac,0xf4,0x05,
  0x98,0x40,0x00,0x42,0x00,0x1f,0x60,0x18,0xfb,0x52,0xbf,0xd7,0x01,0xf6,0x00,0x1f,0x60,0x01,0xf6,0x00,
  0x0e,0xd7,0x00,0x37,0x50,0x47,0x00,0x47,0x9d,0x00,0x8f,0x9d,0x00,0x8f,0x9d,0x00,0x8f,0x9e,0x00,0x9f,
  0x5f,0xca,0xef,0x05,0x96,0x47,0x07,0x40,0x04,0x70,0x0b,0xc0,0x0c,0xb0,0x06,0xf2,0x2f,0x50,0x01,0xe7,
  0x7e,0x00,0x00,0x9d,0xc9,0x00,0x00,0x3f,0xf3,0x00,0x00,0x07,0x70,0x00,0x07,0x40,0x27,0x20,0x37,0x10,
  0xca,0x07,0xf7,0x0a,0xd0,0x08,0xe0,0xbd,0xc0,0xe8,0x00,0x3f,0x4e,0x5f,0x4f,0x40,0x00,0xdb,0xd0,0xdb,
  0xe0,0x00,0x08,0xf9,0x08,0xf9,0x00,0x00,0x27,0x30,0x27,0x30,0x00,0x06,0x60,0x07,0x50,0x4f,0x46,0xf3,
  0x00,0x9d,0xe7,0x00,0x01,0xfe,0x00,0x00,0xad,0xe8,0x00,0x6f,0x36,0xf4,0x07,0x50,0x06,0x60,0x07,0x40,
  0x04,0x70,0x0b,0xc0,0x0c,0xb0,0x05,0xf2,0x2f,0x50,0x00,0xe7,0x7e,0x00,0x00,0x8d,0xc8,0x00,0x00,0x2f,
  0xf3,0x00,0x00,0x0d,0xc0,0x00,0x02,0x5f,0x60,0x00,0x07,0xfa,0x00,0x00,0x57,0x77,0x72,0x8b,0xbd,0xf3,
  0x00,0x3e,0x70,0x02,0xe9,0x00,0x1c,0xb0,0x00,0x9f,0xcb,0xb3,0x57,0x77,0x72,0x00,0x26,0x30,0x1e,0xe4,
  0x04,0xf3,0x00,0x4f,0x20,0x07,0xf2,0x09,0xf8,0x00,0x4c,0xd0,0x00,0x5f,0x20,0x04,0xf2,0x00,0x3f,0x50,
  0x00,0xcf,0x60,0x00,0x31,0xd5,0xe6,0xe6,0xe6,0xe6,0xe6,0xe6,0xe6,0xe6,0xe6,0xe6,0xe6,0xe6,0xe6,0x42,
  0x65,0x00,0x0a,0xf8,0x00,0x0a,0xc0,0x00,0x9c,0x00,0x09,0xe0,0x00,0x3d,0xd1,0x05,0xf9,0x10,0x9d,0x00,
  0x09,0xc0,0x00,0xcc,0x00,0xcf,0x50,0x03,0x10,0x00,0x01,0x30,0x00,0x02,0xef,0xc2,0x9a,0x6d,0x19,0xff,
  0x50,0x00,0x02,0x20,0x24,0x0a,0xf1,0x24,0x00,
};
static const aa::Glyph kLabelGlyphs[] = {
  { 0, 0, 0, 0, 0, 3 },
  { 0, 3, 10, 1, -9, 3 },
  { 15, 5, 4, 1, -9, 5 },
  { 25, 9, 10, 0, -9, 7 },
  { 70, 7, 12, 1, -10, 8 },
  { 112, 10, 10, 1, -9, 11 },
  { 162, 8, 10, 1, -9, 8 },
  { 202, 3, 4, 1, -9, 3 },
  { 208, 4, 12, 1, -9, 4 },
  { 232, 3, 12, 1, -9, 4 },
  { 250, 6, 6, 1, -9, 6 },
  { 268, 7, 7, 1, -6, 8 },
  { 293, 2, 4, 1, -1, 3 },
  { 297, 5, 2, 1, -4, 5 },
  { 302, 3, 3, 1, -2, 3 },
  { 307, 5, 11, 0, -9, 4 },
  { 335, 7, 10, 1, -9, 8 },
  { 370, 5, 10, 0, -9, 5 },
  { 395, 7, 10, 1, -9, 7 },
  { 430, 7, 10, 1, -9, 7 },
  { 465, 8, 10, 1, -9, 8 },
  { 505, 7, 10, 1, -9, 7 },
  { 540, 7, 10, 1, -9, 7 },
  { 575, 6, 10, 1, -9, 6 },
  { 605, 7, 10, 1, -9, 7 },
  { 640, 7, 10, 1, -9, 7 },
  { 675, 3, 7, 1, -6, 3 },
  { 686, 3, 9, 1, -6, 3 },
  { 700, 7, 8, 1, -7, 8 },
  { 728, 7, 4, 1, -5, 8 },
  { 742, 7, 8, 1, -7, 8 },
  { 770, 6, 10, 1, -9, 7 },
  { 800, 12, 12, 1, -9, 12 },
  { 872, 9, 10, 0, -9, 8 },
  { 917, 8, 10, 1, -9, 8 },
  { 957, 9, 10, 1, -9, 9 },
  { 1002, 8, 10, 1, -9, 8 },
  { 1042, 7, 10, 1, -9, 7 },
  { 1077, 7, 10, 1, -9, 7 },
  { 1112, 9, 10, 1, -9, 9 },
  { 1157, 8, 10, 1, -9, 9 },
  { 1197, 3, 10, 1, -9, 3 },
  { 1212, 6, 10, 1, -9, 7 },
  { 1242, 8, 10, 1, -9, 8 },
  { 1282, 7, 10, 1, -9, 7 },
  { 1317, 10, 10, 1, -9, 11 },
  { 1367, 8, 10, 1, -9, 9 },
  { 1407, 9, 10, 1, -9, 9 },
  { 1452, 7, 10, 1, -9, 8 },
  { 1487, 9, 11, 1, -9, 9 },
  { 1537, 8, 10, 1, -9, 8 },
  { 1577, 7, 10, 1, -9, 8 },
  { 1612, 7, 10, 1, -9, 8 },
  { 1647, 8, 10, 1, -9, 8 },
  { 1687, 9, 10, 0, -9, 8 },
  { 1732, 13, 10, 0, -9, 12 },
  { 1797, 9, 10, 0, -9, 8 },
  { 1842, 9, 10, 0, -9, 8 },
  { 1887, 7, 10, 1, -9, 8 },
  { 1922, 4, 12, 1, -9, 4 },
  { 1946, 5, 11, 0, -9, 4 },
  { 1974, 3, 12, 1, -9, 4 },
  { 1992, 5, 4, 1, -8, 5 },
  { 2002, 7, 2, 0, 0, 6 },
  { 2009, 3, 3, 1, -9, 3 },
  { 2014, 6, 7, 1, -6, 6 },
  { 2035, 7, 10, 1, -9, 7 },
  { 2070, 6, 7, 1, -6, 7 },
  { 2091, 7, 10, 1, -9, 7 },
  { 2126, 7, 7, 1, -6, 7 },
  { 2151, 5, 10, 0, -9, 4 },
  { 2176, 7, 9, 1, -6, 7 },
  { 2208, 6, 10, 1, -9, 7 },
  { 2238, 3, 10, 1, -9, 3 },
  { 2253, 4, 12, 0, -9, 3 },
  { 2277, 7, 10, 1, -9, 6 },
  { 2312, 2, 10, 1, -9, 3 },
  { 2322, 10, 7, 1, -6, 10 },
  { 2357, 6, 7, 1, -6, 7 },
  { 2378, 7, 7, 1, -6, 7 },
  { 2403, 7, 9, 1, -6, 7 },
  { 2435, 7, 9, 1, -6, 7 },
  { 2467, 4, 7, 1, -6, 4 },
  { 2481, 6, 7, 1, -6, 6 },
  { 2502, 5, 9, 0, -8, 4 },
  { 2525, 6, 7, 1, -6, 7 },
  { 2546, 8, 7, 0, -6, 6 },
  { 2574, 11, 7, 0, -6, 10 },
  { 2613, 7, 7, 0, -6, 6 },
  { 2638, 8, 9, 0, -6, 6 },
  { 2674, 6, 7, 1, -6, 6 },
  { 2695, 5, 12, 1, -9, 5 },
  { 2725, 2, 15, 2, -11, 4 },
  { 2740, 5, 12, 1, -9, 5 },
  { 2770, 7, 4, 1, -5, 8 },
  { 2784, 3, 3, 1, -5, 3 },
};
static const uint8_t kLabelIndex[256] = {
  0xff,0xff,0xff,0xff,0xff,0xff,0xff,0xff,0xff,0xff,0xff,0xff,0xff,0xff,0xff,0xff,0xff,0xff,0xff,0xff,
  0xff,0xff,0xff,0xff,0xff,0xff,0xff,0xff,0xff,0xff,0xff,0xff,0x00,0x01,0x02,0x03,0x04,0x05,0x06,0x07,
  0x08,0x09,0x0a,0x0b,0x0c,0x0d,0x0e,0x0f,0x10,0x11,0x12,0x13,0x14,0x15,0x16,0x17,0x18,0x19,0x1a,0x1b,
  0x1c,0x1d,0x1e,0x1f,0x20,0x21,0x22,0x23,0x24,0x25,0x26,0x27,0x28,0x29,0x2a,0x2b,0x2c,0x2d,0x2e,0x2f,
  0x30,0x31,0x32,0x33,0x34,0x35,0x36,0x37,0x38,0x39,0x3a,0x3b,0x3c,0x3d,0x3e,0x3f,0x40,0x41,0x42,0x43,
  0x44,0x45,0x46,0x47,0x48,0x49,0x4a,0x4b,0x4c,0x4d,0x4e,0x4f,0x50,0x51,0x52,0x53,0x54,0x55,0x56,0x57,
  0x58,0x59,0x5a,0x5b,0x5c,0x5d,0x5e,0xff,0xff,0xff,0xff,0xff,0xff,0xff,0xff,0xff,0xff,0xff,0xff,0xff,
  0xff,0xff,0xff,0xff,0xff,0xff,0xff,0xff,0xff,0xff,0xff,0xff,0xff,0xff,0xff,0xff,0xff,0xff,0xff,0xff,
  0xff,0xff,0xff,0xff,0xff,0xff,0xff,0xff,0xff,0xff,0xff,0xff,0xff,0xff,0xff,0xff,0xff,0xff,0xff,0xff,
  0xff,0xff,0xff,0xff,0xff,0xff,0xff,0xff,0xff,0xff,0xff,0xff,0xff,0xff,0xff,0xff,0xff,0xff,0xff,0xff,
  0xff,0xff,0xff,0xff,0xff,0xff,0xff,0xff,0xff,0xff,0xff,0xff,0xff,0xff,0xff,0xff,0xff,0xff,0xff,0xff,
  0xff,0xff,0xff,0xff,0xff,0xff,0xff,0xff,0xff,0xff,0xff,0xff,0xff,0xff,0xff,0xff,0xff,0xff,0xff,0xff,
  0xff,0xff,0xff,0xff,0xff,0xff,0xff,0xff,0xff,0xff,0x5f,0xff,0xff,0xff,0xff,0xff,
};
const aa::Font kFontLabel = { kLabelBits, kLabelGlyphs, kLabelIndex, 12, 3, 9, 31 };

static const uint8_t kMsgBits[] = {
  0x00,0x00,0x00,0x44,0x20,0x00,0x00,0x00,0x00,0x3a,0xff,0xff,0xd7,0x00,0x00,0x00,0x6f,0xd8,0x44,0x6a,
  0xfc,0x10,0x00,0x6f,0x91,0x00,0x00,0x04,0xec,0x10,0x1e,0x90,0x00,0x00,0x00,0x03,0xe7,0x07,0xd0,0x0a,
  0x50,0x02,0xa4,0x06,0xe1,0xc7,0x03,0xfa,0x00,0x7f,0xa0,0x0f,0x5f,0x40,0x07,0x30,0x01,0x72,0x00,0xb7,
  0xf4,0x00,0x00,0x00,0x00,0x00,0x0b,0x7d,0x70,0x00,0x00,0x00,0x00,0x00,0xe6,0x9b,0x01,0x60,0x00,0x04,
  0x30,0x4f,0x22,0xf6,0x0c,0x71,0x06,0xd2,0x1c,0x90,0x08,0xf6,0x19,0xef,0xa3,0x1c,0xe2,0x00,0x09,0xfa,
  0x50,0x02,0x7e,0xe3,0x00,0x00,0x07,0xef,0xff,0xff,0xb2,0x00,0x00,0x00,0x00,0x47,0x76,0x20,0x00,0x00,
  0x00,0x00,0x00,0x44,0x20,0x00,0x00,0x00,0x00,0x3a,0xff,0xff,0xd7,0x00,0x00,0x00,0x6f,0xff,0xff,0xff,
  0xfc,0x10,0x00,0x6f,0xff,0xff,0xff,0xff,0xfc,0x10,0x1e,0xff,0xff,0xff,0xff,0xff,0xf7,0x07,0xff,0xf5,
  0xaf,0xfd,0x5b,0xff,0xe1,0xcf,0xfc,0x05,0xff,0x80,0x5f,0xff,0x5f,0xff,0xf8,0xcf,0xfe,0x8d,0xff,0xf7,
  0xff,0xff,0xff,0xff,0xff,0xff,0xff,0x7d,0xff,0xff,0xff,0xff,0xff,0xff,0xf6,0x9f,0xfe,0x9f,0xff,0xfb,
  0xcf,0xff,0x22,0xff,0xf3,0x7e,0xf9,0x2d,0xff,0x90,0x08,0xff,0xe6,0x10,0x5c,0xff,0xe2,0x00,0x09,0xff,
  0xff,0xff,0xff,0xe3,0x00,0x00,0x07,0xef,0xff,0xff,0xb2,0x00,0x00,0x00,0x00,0x47,0x76,0x20,0x00,0x00,
  0x00,0x3a,0xee,0xb3,0x00,0x4b,0xee,0xa2,0x00,0x03,0xef,0xff,0xff,0x56,0xff,0xff,0xfe,0x20,0x0d,0xff,
  0xff,0xff,0xff,0xff,0xff,0xff,0xb0,0x2f,0xff,0xff,0xff,0xff,0xff,0xff,0xff,0xf1,0x3f,0xff,0xff,0xff,
  0xff,0xff,0xff,0xff,0xf1,0x1f,0xff,0xff,0xff,0xff,0xff,0xff,0xff,0xe0,0x09,0xff,0xff,0xff,0xff,0xff,
  0xff,0xff,0x70,0x00,0xbf,0xff,0xff,0xff,0xff,0xff,0xfa,0x00,0x00,0x1b,0xff,0xff,0xff,0xff,0xff,0xa0,
  0x00,0x00,0x01,0xbf,0xff,0xff,0xff,0xfa,0x00,0x00,0x00,0x00,0x1b,0xff,0xff,0xff,0xa0,0x00,0x00,0x00,
  0x00,0x01,0xbf,0xff,0xfa,0x00,0x00,0x00,0x00,0x00,0x00,0x1b,0xff,0xa0,0x00,0x00,0x00,0x00,0x00,0x00,
  0x01,0xba,0x00,0x00,0x00,0x00,0x00,0x00,0x00,0x00,0x00,0x00,0x00,0x00,0x00,0x00,0x00,0x07,0x00,0x00,
  0x00,0x00,0x08,0xf5,0x00,0x00,0x00,0x05,0xff,0xe2,0x00,0x00,0x02,0xef,0xff,0xc0,0x00,0x00,0xcf,0xff,
  0xff,0x80,0x00,0x8f,0xff,0xff,0xff,0x50,0x5f,0xff,0xff,0xff,0xfe,0x27,0xff,0xff,0xff,0xff,0xf4,0x0b,
  0xff,0xff,0xff,0xf7,0x00,0x2e,0xff,0xff,0xfc,0x00,0x00,0x5f,0xff,0xfe,0x20,0x00,0x00,0x9f,0xff,0x60,
  0x00,0x00,0x01,0xdf,0xa0,0x00,0x00,0x00,0x03,0xd1,0x00,0x00,0x00,0x00,0x01,0x00,0x00,0x00,0x00,0x00,
  0x17,0xb6,0x00,0x00,0x00,0x00,0x9f,0xff,0x60,0x00,0x00,0x00,0xff,0xff,0xb0,0x00,0x00,0x00,0xdf,0xff,
  0x90,0x00,0x03,0xdf,0xde,0xff,0xdf,0x91,0x1e,0xff,0xf8,0x8b,0xff,0xf7,0x4f,0xff,0xfc,0xcf,0xff,0xfb,
  0x1e,0xff,0xfc,0xfc,0xff,0xf7,0x03,0xdf,0x88,0xf7,0xbf,0x91,0x00,0x00,0x0c,0xf8,0x00,0x00,0x00,0x00,
  0x1f,0xfc,0x00,0x00,0x00,0x00,0x5f,0xff,0x10,0x00,0x00,0x00,0x8f,0xff,0x50,0x00,0x00,0x00,0x34,0x44,
  0x20,0x00,0x00,0x00,0x00,0x70,0x00,0x00,0x00,0x00,0x08,0xf5,0x00,0x00,0x00,0x00,0x5f,0xfe,0x20,0x00,
  0x00,0x02,0xef,0xff,0xc0,0x00,0x00,0x0c,0xff,0xff,0xf8,0x00,0x02,0xbf,0xff,0xff,0xff,0x70,0x0c,0xff,
  0xff,0xff,0xff,0xf5,0x4f,0xff,0xff,0xff,0xff,0xfb,0x3f,0xff,0xff,0xff,0xff,0xfa,0x0a,0xff,0xff,0xff,
  0xff,0xf3,0x00,0x7b,0x98,0xf8,0xba,0x30,0x00,0x00,0x0d,0xf9,0x00,0x00,0x00,0x00,0x6f,0xff,0x20,0x00,
  0x00,0x00,0xbf,0xff,0x70,0x00,0x00,0x00,0x44,0x44,0x30,0x00,0x00,0x33,0x00,0x1c,0xff,0xc2,0xaf,0xff,
  0xfb,0xef,0xff,0xff,0xcf,0xff,0xfd,0x5f,0xff,0xf6,0x04,0xaa,0x50,0x00,0x00,0x29,0xdf,0xec,0x81,0x00,
  0x00,0x00,0x07,0xff,0xec,0xce,0xfe,0x50,0x00,0x00,0x7f,0xe5,0x00,0x01,0x7e,0xf5,0x00,0x03,0xfd,0x20,
  0x00,0x00,0x03,0xee,0x10,0x0b,0xf4,0x00,0x00,0x00,0x00,0x6f,0x80,0x1f,0xc0,0x00,0x00,0x00,0x00,0x0e,
  0xd0,0x3f,0x90,0x00,0x00,0x00,0x00,0x0c,0xf0,0x3f,0x90,0x00,0x00,0x00,0x00,0x0b,0xf0,0x1f,0xb0,0x00,
  0x00,0x00,0x00,0x0e,0xd0,0x0c,0xf2,0x00,0x00,0x00,0x00,0x4f,0x90,0x05,0xfb,0x00,0x00,0x00,0x01,0xdf,
  0x30,0x00,0xaf,0xb2,0x00,0x00,0x3d,0xf8,0x00,0x00,0x1a,0xff,0xb8,0x8b,0xff,0x80,0x00,0x00,0x00,0x5c,
  0xff,0xff,0xb4,0x00,0x00,0x00,0x00,0x00,0x23,0x31,0x00,0x00,0x00,0x00,0x00,0x00,0x06,0xbb,0xbb,0x80,
  0x00,0x00,0x00,0xaf,0xbd,0xff,0x00,0x00,0x00,0x01,0x33,0xee,0xf0,0x00,0x00,0x00,0x03,0xe9,0x7f,0x00,
  0x03,0x41,0x03,0xe9,0x0c,0xf0,0x3d,0xff,0xfa,0xe9,0x00,0xcc,0x3e,0xc6,0x48,0xfe,0x00,0x00,0x0a,0xd1,
  0x00,0x07,0xf3,0x00,0x00,0xf8,0x00,0x00,0x1f,0x70,0x00,0x0f,0x80,0x00,0x01,0xf7,0x00,0x00,0xad,0x10,
  0x00,0x7f,0x30,0x00,0x03,0xec,0x64,0x8f,0x90,0x00,0x00,0x03,0xdf,0xff,0x80,0x00,0x00,0x00,0x00,0x34,
  0x10,0x00,0x00,0x00,0x00,0x03,0x41,0x00,0x00,0x3d,0xff,0xf8,0x00,0x3e,0xc6,0x48,0xf9,0x0a,0xd1,0x00,
  0x07,0xf3,0xf8,0x00,0x00,0x1f,0x7f,0x80,0x00,0x01,0xf7,0xad,0x10,0x00,0x7f,0x33,0xec,0x64,0x8f,0x90,
  0x03,0xdf,0xff,0x80,0x00,0x00,0x7f,0x40,0x00,0x00,0x04,0xf4,0x00,0x03,0xb7,0x9f,0x98,0xa1,0x5f,0xff,
  0xff,0xfe,0x20,0x00,0x4f,0x40,0x00,0x00,0x04,0xf4,0x00,0x00,0x00,0x5f,0x40,0x00,0x00,0x07,0xf3,0x00,
  0x00,0x00,0x03,0x00,0x00,0x00,0x00,0x00,0x00,0x06,0x80,0x00,0x71,0x15,0x8b,0xfc,0x00,0x3f,0xff,0xff,
  0xff,0xb0,0x00,0xff,0xff,0xfb,0xcb,0x00,0x0f,0xb7,0x40,0x07,0xb0,0x00,0xf4,0x00,0x00,0x7b,0x00,0x0f,
  0x40,0x00,0x07,0xb0,0x00,0xf4,0x00,0x00,0x7b,0x00,0x0f,0x40,0x00,0x48,0xb0,0x00,0xf4,0x01,0xcf,0xfb,
  0x02,0x3f,0x40,0x7f,0xff,0xd6,0xff,0xf4,0x05,0xff,0xf9,0xff,0xff,0x60,0x05,0xb7,0x0c,0xff,0xe2,0x00,
  0x00,0x00,0x19,0xa3,0x00,0x00,0x00,0x00,0x00,0x00,0x00,0x00,0x27,0x00,0x00,0x00,0x00,0x00,0x00,0x00,
  0x00,0x5f,0x10,0x00,0x00,0x00,0x00,0x03,0x10,0x00,0x5f,0x10,0x00,0x21,0x00,0x00,0x0d,0xc1,0x00,0x5f,
  0x10,0x02,0xe9,0x00,0x00,0x03,0xeb,0x10,0x39,0x10,0x2e,0xc1,0x00,0x00,0x00,0x3e,0x80,0x00,0x00,0xbc,
  0x10,0x00,0x00,0x00,0x02,0x05,0xdf,0xc3,0x21,0x00,0x00,0x00,0x00,0x00,0x4f,0xb7,0xde,0x10,0x00,0x00,
  0x19,0x99,0x90,0x9d,0x00,0x2f,0x52,0x99,0x98,0x1b,0xbb,0xb0,0x9d,0x00,0x2f,0x52,0xbb,0xba,0x00,0x00,
  0x00,0x4f,0xb7,0xde,0x10,0x00,0x00,0x00,0x00,0x02,0x05,0xdf,0xc3,0x21,0x00,0x00,0x00,0x00,0x3e,0x80,
  0x00,0x00,0xbc,0x10,0x00,0x00,0x03,0xec,0x10,0x39,0x00,0x3e,0xc1,0x00,0x00,0x0d,0xc1,0x00,0x5f,0x10,
  0x03,0xe9,0x00,0x00,0x03,0x10,0x00,0x5f,0x10,0x00,0x21,0x00,0x00,0x00,0x00,0x00,0x5f,0x10,0x00,0x00,
  0x00,0x00,0x00,0x00,0x00,0x27,0x00,0x00,0x00,0x00,0x40,0x00,0x00,0x00,0x00,0x00,0x00,0x0e,0xb2,0x00,
  0x00,0x00,0x00,0x00,0x00,0xef,0xf8,0x10,0x00,0x00,0x00,0x00,0x0e,0xff,0xfe,0x60,0x00,0x00,0x00,0x00,
  0xef,0xff,0xff,0xc3,0x00,0x00,0x00,0x0e,0xff,0xff,0xff,0xf9,0x10,0x00,0x00,0xef,0xff,0xff,0xff,0xfe,
  0x70,0x00,0x0e,0xff,0xff,0xff,0xff,0xff,0xd4,0x00,0xef,0xff,0xff,0xff,0xff,0xff,0xfb,0x2e,0xff,0xff,
  0xff,0xff,0xff,0xff,0xd5,0xef,0xff,0xff,0xff,0xff,0xfe,0x70,0x0e,0xff,0xff,0xff,0xff,0xfa,0x20,0x00,
  0xef,0xff,0xff,0xff,0xc4,0x00,0x00,0x0e,0xff,0xff,0xfe,0x60,0x00,0x00,0x00,0xef,0xff,0xf8,0x10,0x00,
  0x00,0x00,0x0e,0xff,0xb2,0x00,0x00,0x00,0x00,0x00,0xed,0x50,0x00,0x00,0x00,0x00,0x00,0x06,0x00,0x00,
  0x00,0x00,0x00,0x00,0x00,0x00,0x00,0x00,0x00,0x00,0x00,0x00,0x40,0x00,0x00,0x00,0x00,0x00,0x00,0x2a,
  0xf0,0x00,0x00,0x00,0x00,0x00,0x18,0xef,0xf0,0x00,0x00,0x00,0x00,0x05,0xdf,0xff,0xf0,0x00,0x00,0x00,
  0x03,0xbf,0xff,0xff,0xf0,0x00,0x00,0x01,0x9f,0xff,0xff,0xff,0xf0,0x00,0x00,0x6e,0xff,0xff,0xff,0xff,
  0xf0,0x00,0x4c,0xff,0xff,0xff,0xff,0xff,0xf0,0x2a,0xff,0xff,0xff,0xff,0xff,0xff,0xf0,0x4d,0xff,0xff,
  0xff,0xff,0xff,0xff,0xf0,0x00,0x7e,0xff,0xff,0xff,0xff,0xff,0xf0,0x00,0x01,0x9f,0xff,0xff,0xff,0xff,
  0xf0,0x00,0x00,0x03,0xcf,0xff,0xff,0xff,0xf0,0x00,0x00,0x00,0x05,0xdf,0xff,0xff,0xf0,0x00,0x00,0x00,
  0x00,0x18,0xff,0xff,0xf0,0x00,0x00,0x00,0x00,0x00,0x2a,0xff,0xf0,0x00,0x00,0x00,0x00,0x00,0x00,0x4c,
  0xf0,0x00,0x00,0x00,0x00,0x00,0x00,0x00,0x60,0x00,0x00,0x03,0x90,0x00,0x00,0x00,0x00,0x03,0xef,0xa0,
  0x00,0x00,0x00,0x03,0xef,0xff,0xa0,0x00,0x00,0x03,0xee,0xbf,0xaf,0xa0,0x00,0x03,0xee,0x49,0xf2,0xaf,
  0xa0,0x03,0xee,0x40,0x9f,0x20,0xaf,0xa0,0x9f,0x40,0x09,0xf2,0x00,0xae,0x20,0x30,0x00,0x9f,0x20,0x00,
  0x30,0x00,0x00,0x09,0xf2,0x00,0x00,0x00,0x00,0x00,0x9f,0x20,0x00,0x00,0x00,0x00,0x09,0xf2,0x00,0x00,
  0x00,0x00,0x00,0x9f,0x20,0x00,0x00,0x00,0x00,0x09,0xf2,0x00,0x00,0x00,0x00,0x00,0x9f,0x20,0x00,0x00,
  0x04,0x00,0x09,0xf2,0x00,0x14,0x09,0xf5,0x00,0x9f,0x20,0x1b,0xf3,0x2d,0xf5,0x09,0xf2,0x1b,0xf9,0x00,
  0x2d,0xf5,0x9f,0x2b,0xf9,0x00,0x00,0x2d,0xfc,0xfb,0xf9,0x00,0x00,0x00,0x2d,0xff,0xf9,0x00,0x00,0x00,
  0x00,0x2d,0xf9,0x00,0x00,0x00,0x00,0x00,0x28,0x00,0x00,0x00,0x00,0x5a,0xbb,0xbb,0xb0,0xbf,0xff,0xee,
  0xff,0x7f,0xff,0xf7,0x0d,0xfc,0xff,0xff,0x70,0xdf,0xef,0xff,0xf7,0x0d,0xfd,0xff,0xff,0x70,0xdf,0x8f,
  0xff,0xf7,0x0d,0xf1,0xcf,0xff,0x70,0xdf,0x01,0x7c,0xd6,0x0d,0xf0,0x00,0x00,0x00,0xdf,0x00,0x00,0x00,
  0x0d,0xf0,0x00,0x00,0x00,0xdf,0x00,0x00,0x00,0x0d,0xf0,0x00,0x00,0x00,0xdf,0x00,0x39,0xb9,0x40,0x00,
  0x5f,0xfe,0xff,0x50,0x0c,0xf4,0x03,0xfd,0x00,0xee,0x00,0x09,0xb1,0x0a,0xfa,0x10,0x00,0x00,0x4f,0xfd,
  0x60,0x00,0x4f,0x85,0xcf,0xc3,0x0b,0xf0,0x00,0x5d,0xf4,0xbf,0x60,0x00,0x2e,0xc5,0xff,0xa2,0x00,0xde,
  0x05,0xef,0xf9,0xaf,0x80,0x01,0x8f,0xff,0x80,0x00,0x00,0x2b,0xfb,0x02,0x84,0x00,0x0d,0xf1,0x3f,0xc0,
  0x00,0xdf,0x10,0xbf,0xdb,0xdf,0xa0,0x01,0x8d,0xfd,0x81,0x00,0x00,0x00,0x00,0x00,0x00,0x00,0x00,0x00,
  0x00,0x3b,0x10,0x00,0x00,0x00,0x00,0x3e,0xfc,0x10,0x00,0x00,0x00,0x3e,0xff,0xfc,0x10,0x00,0x00,0x3e,
  0xea,0xf9,0xfc,0x10,0x00,0x3e,0xe4,0x7f,0x37,0xfc,0x10,0x3e,0xe4,0x07,0xf4,0x07,0xfc,0x19,0xe4,0x00,
  0x7f,0x40,0x07,0xf5,0x03,0x00,0x07,0xf4,0x00,0x03,0x00,0x00,0x00,0x7f,0x40,0x00,0x00,0x00,0x00,0x07,
  0xf4,0x00,0x00,0x00,0x00,0x00,0x7f,0x40,0x00,0x00,0x00,0x00,0x07,0xf4,0x00,0x00,0x00,0x00,0x00,0x7f,
  0x40,0x00,0x00,0x00,0x00,0x07,0xf4,0x00,0x00,0x00,0x00,0x00,0x05,0xb3,0x00,0x00,0x00,0x00,0x00,0x7f,
  0x40,0x00,0x00,0x00,0x00,0x07,0xf4,0x00,0x00,0x00,0x00,0x00,0x7f,0x40,0x00,0x00,0x00,0x00,0x07,0xf4,
  0x00,0x00,0x00,0x00,0x00,0x7f,0x40,0x00,0x00,0x00,0x00,0x07,0xf4,0x00,0x00,0x06,0xd2,0x00,0x7f,0x40,
  0x04,0xd3,0x6f,0xd2,0x07,0xf4,0x04,0xee,0x30,0x6f,0xd2,0x7f,0x44,0xee,0x30,0x00,0x6f,0xd8,0xf6,0xee,
  0x30,0x00,0x00,0x6f,0xff,0xfe,0x30,0x00,0x00,0x00,0x6f,0xfe,0x30,0x00,0x00,0x00,0x00,0x6e,0x30,0x00,
  0x00,0x00,0x00,0x00,0x10,0x00,0x00,0x00,0x00,0x00,0x00,0x00,0x20,0x00,0x00,0x00,0x00,0x00,0x00,0x9e,
  0x20,0x00,0x00,0x00,0x00,0x00,0x05,0xfe,0x20,0x00,0x00,0x00,0x00,0x00,0x05,0xfe,0x20,0x00,0x00,0x00,
  0x00,0x00,0x05,0xfe,0x20,0x00,0x00,0x00,0x00,0x00,0x04,0xee,0x20,0x6e,0xee,0xee,0xee,0xee,0xef,0xfe,
  0x24,0xbb,0xbb,0xbb,0xbb,0xbb,0xef,0xc1,0x00,0x00,0x00,0x00,0x00,0x6f,0xc1,0x00,0x00,0x00,0x00,0x00,
  0x7f,0xc1,0x00,0x00,0x00,0x00,0x00,0x7f,0xc1,0x00,0x00,0x00,0x00,0x00,0x7f,0xc1,0x00,0x00,0x00,0x00,
  0x00,0x07,0xc1,0x00,0x00,0x00,0x00,0x00,0x00,0x00,0x00,0x00,0x00,0x00,0x00,0x00,0x20,0x00,0x00,0x00,
  0x00,0x00,0x07,0xe4,0x00,0x00,0x00,0x00,0x00,0x7f,0xc1,0x00,0x00,0x00,0x00,0x07,0xfc,0x10,0x00,0x00,
  0x00,0x00,0x7f,0xc1,0x00,0x00,0x00,0x00,0x07,0xfb,0x10,0x00,0x00,0x00,0x00,0x7f,0xfe,0xee,0xee,0xee,
  0xee,0xee,0x5f,0xfc,0xbb,0xbb,0xbb,0xbb,0xbb,0x05,0xfd,0x20,0x00,0x00,0x00,0x00,0x00,0x5f,0xd2,0x00,
  0x00,0x00,0x00,0x00,0x05,0xfe,0x20,0x00,0x00,0x00,0x00,0x00,0x5f,0xe3,0x00,0x00,0x00,0x00,0x00,0x05,
  0xd2,0x00,0x00,0x00,0x00,0x00,0x00,0x00,0x00,0x00,0x00,0x03,0x10,0x02,0x20,0x01,0x30,0x7f,0xc0,0x2f,
  0xf2,0x0c,0xf7,0x7f,0xc0,0x2f,0xf2,0x0c,0xf7,0x03,0x10,0x02,0x20,0x01,0x30,0x00,0x00,0x00,0x10,0x00,
  0x00,0x00,0x01,0x00,0x00,0x00,0x00,0x00,0x07,0xd2,0x00,0x00,0x00,0x3e,0x60,0x00,0x00,0x00,0x00,0x7f,
  0xc1,0x00,0x00,0x00,0x2d,0xf6,0x00,0x00,0x00,0x07,0xfc,0x10,0x00,0x00,0x00,0x02,0xdf,0x60,0x00,0x00,
  0x7f,0xc1,0x00,0x00,0x00,0x00,0x00,0x1c,0xf6,0x00,0x07,0xfb,0x10,0x00,0x00,0x00,0x00,0x00,0x01,0xcf,
  0x60,0x7f,0xfe,0xee,0xee,0xee,0xee,0xee,0xee,0xee,0xef,0xf6,0x5f,0xfc,0xbb,0xbb,0xbb,0xbb,0xbb,0xbb,
  0xbb,0xdf,0xe4,0x05,0xfd,0x20,0x00,0x00,0x00,0x00,0x00,0x03,0xde,0x40,0x00,0x5f,0xd2,0x00,0x00,0x00,
  0x00,0x00,0x3e,0xe4,0x00,0x00,0x05,0xfe,0x30,0x00,0x00,0x00,0x03,0xee,0x40,0x00,0x00,0x00,0x5f,0xe2,
  0x00,0x00,0x00,0x3e,0xe4,0x00,0x00,0x00,0x00,0x05,0xb1,0x00,0x00,0x00,0x1c,0x40,0x00,0x00,0x00,0x00,
  0x00,0x00,0x00,0x00,0x00,0x00,0x00,0x00,0x00,0x00,0x00,0x00,0x00,0x31,0x00,0x00,0x00,0x00,0x00,0x00,
  0x00,0x00,0xc9,0x00,0x00,0x00,0x00,0x00,0x00,0x00,0x06,0xff,0x30,0x00,0x00,0x00,0x00,0x00,0x00,0x1e,
  0xff,0xc0,0x00,0x00,0x00,0x00,0x00,0x00,0x8f,0xff,0xf6,0x00,0x00,0x00,0x00,0x00,0x03,0xff,0xff,0xfe,
  0x10,0x00,0x00,0x00,0x00,0x0b,0xff,0xff,0xff,0x90,0x00,0x00,0x00,0x00,0x5f,0xff,0xff,0xff,0xf3,0x00,
  0x00,0x00,0x01,0xdf,0xff,0xff,0xff,0xfc,0x00,0x00,0x00,0x08,0xff,0xff,0xff,0xff,0xff,0x60,0x00,0x00,
  0x2f,0xff,0xff,0xff,0xff,0xff,0xe1,0x00,0x00,0xbf,0xff,0xff,0xff,0xff,0xff,0xf8,0x00,0x05,0xff,0xff,
  0xff,0xff,0xff,0xff,0xff,0x30,0x0d,0xff,0xff,0xff,0xff,0xff,0xff,0xff,0xb0,0x7f,0xff,0xff,0xff,0xff,
  0xff,0xff,0xff,0xf5,0x6b,0xbb,0xbb,0xbb,0xbb,0xbb,0xbb,0xbb,0xb5,0x1e,0xff,0xff,0xff,0xff,0xff,0xff,
  0xff,0xd0,0x07,0xff,0xff,0xff,0xff,0xff,0xff,0xff,0x50,0x00,0xdf,0xff,0xff,0xff,0xff,0xff,0xfb,0x00,
  0x00,0x4f,0xff,0xff,0xff,0xff,0xff,0xf2,0x00,0x00,0x0a,0xff,0xff,0xff,0xff,0xff,0x80,0x00,0x00,0x02,
  0xef,0xff,0xff,0xff,0xfd,0x10,0x00,0x00,0x00,0x7f,0xff,0xff,0xff,0xf5,0x00,0x00,0x00,0x00,0x0d,0xff,
  0xff,0xff,0xb0,0x00,0x00,0x00,0x00,0x05,0xff,0xff,0xff,0x30,0x00,0x00,0x00,0x00,0x00,0xbf,0xff,0xf8,
  0x00,0x00,0x00,0x00,0x00,0x00,0x2f,0xff,0xe1,0x00,0x00,0x00,0x00,0x00,0x00,0x08,0xff,0x60,0x00,0x00,
  0x00,0x00,0x00,0x00,0x01,0xdc,0x00,0x00,0x00,0x00,0x00,0x00,0x00,0x00,0x53,0x00,0x00,0x00,0x00,0x4b,
  0x86,0xfb,0x5f,0xa5,0xfa,0x5f,0xa5,0xfa,0x4f,0x94,0xf9,0x4f,0x94,0xf9,0x14,0x20,0x31,0x7f,0xc7,0xfc,
  0x03,0x10,0xba,0x09,0xb1,0xed,0x0b,0xf0,0xdc,0x0b,0xf0,0xcb,0x0a,0xe0,0xcb,0x09,0xd0,0x00,0x00,0xa8,
  0x00,0x0b,0x60,0x00,0x00,0x1f,0x80,0x03,0xf6,0x00,0x00,0x03,0xf6,0x00,0x5f,0x40,0x00,0x13,0x7f,0x63,
  0x39,0xf4,0x30,0x08,0xff,0xff,0xff,0xff,0xfe,0x00,0x57,0xde,0x77,0x7e,0xd7,0x60,0x00,0x0d,0xb0,0x00,
  0xf9,0x00,0x00,0x00,0xf9,0x00,0x2f,0x60,0x00,0x14,0x5f,0x94,0x47,0xf7,0x41,0x05,0xff,0xff,0xff,0xff,
  0xff,0x20,0x37,0xbf,0x77,0x7c,0xe7,0x60,0x00,0x0a,0xe0,0x00,0xcc,0x00,0x00,0x00,0xcb,0x00,0x0e,0x90,
  0x00,0x00,0x0f,0x90,0x02,0xf7,0x00,0x00,0x00,0x00,0x4d,0x30,0x00,0x00,0x00,0x05,0xf4,0x00,0x00,0x00,
  0x5b,0xef,0xea,0x30,0x00,0x9f,0xfe,0xfe,0xff,0x50,0x3f,0xe4,0x5f,0x47,0xfe,0x17,0xf9,0x05,0xf4,0x0c,
  0xf4,0x7f,0xa0,0x5f,0x40,0x24,0x13,0xff,0xa8,0xf4,0x00,0x00,0x05,0xef,0xff,0xc8,0x20,0x00,0x01,0x6c,
  0xff,0xff,0x70,0x00,0x00,0x5f,0x69,0xff,0x56,0x72,0x05,0xf4,0x08,0xfa,0xbf,0x60,0x5f,0x40,0x6f,0xa6,
  0xfd,0x25,0xf4,0x1c,0xf7,0x0b,0xfe,0xcf,0xbe,0xfc,0x10,0x08,0xef,0xff,0xe9,0x10,0x00,0x00,0x6f,0x50,
  0x00,0x00,0x00,0x05,0xf4,0x00,0x00,0x02,0xbf,0xd6,0x00,0x00,0x07,0xb2,0x00,0xdd,0x59,0xf4,0x00,0x03,
  0xf8,0x00,0x3f,0x60,0x1f,0x90,0x01,0xdc,0x00,0x04,0xf5,0x00,0xea,0x00,0x9f,0x30,0x00,0x2f,0x70,0x1f,
  0x80,0x4f,0x70,0x00,0x00,0xae,0x8c,0xe2,0x1d,0xc0,0x00,0x00,0x01,0x7b,0xa3,0x0a,0xe2,0x00,0x00,0x00,
  0x00,0x00,0x05,0xf6,0x02,0x77,0x20,0x00,0x00,0x02,0xeb,0x04,0xfd,0xde,0x30,0x00,0x00,0xbe,0x10,0xcc,
  0x01,0xeb,0x00,0x00,0x6f,0x50,0x0f,0x90,0x0b,0xd0,0x00,0x2e,0xa0,0x00,0xf9,0x00,0xbd,0x00,0x0c,0xd1,
  0x00,0x0b,0xd2,0x3e,0x90,0x07,0xf4,0x00,0x00,0x2d,0xff,0xc1,0x00,0x00,0x00,0x00,0x00,0x03,0x30,0x00,
  0x00,0x28,0xba,0x50,0x00,0x00,0x02,0xef,0xff,0xf9,0x00,0x00,0x09,0xf8,0x02,0xef,0x10,0x00,0x0b,0xf2,
  0x00,0xbf,0x20,0x00,0x08,0xf6,0x03,0xec,0x00,0x00,0x01,0xee,0x7e,0xe3,0x00,0x00,0x00,0x6f,0xfc,0x20,
  0x00,0x00,0x05,0xef,0xfc,0x10,0x14,0x20,0x4f,0xe4,0x9f,0xb0,0x5f,0x70,0xbf,0x50,0x0b,0xf8,0x9f,0x50,
  0xdf,0x20,0x01,0xdf,0xfe,0x10,0xbf,0x80,0x00,0x4f,0xf8,0x00,0x3f,0xfb,0x78,0xef,0xfe,0x20,0x04,0xdf,
  0xff,0xd6,0x5f,0xd1,0x00,0x02,0x42,0x00,0x00,0x00,0xba,0xed,0xdc,0xcb,0xcb,0x00,0x17,0x60,0x08,0xf7,
  0x00,0xef,0x10,0x4f,0xb0,0x08,0xf7,0x00,0xcf,0x30,0x0e,0xf1,0x01,0xfd,0x00,0x3f,0xc0,0x03,0xfc,0x00,
  0x3f,0xc0,0x01,0xfe,0x00,0x0e,0xf1,0x00,0xbf,0x50,0x07,0xf9,0x00,0x1f,0xe0,0x00,0xaf,0x50,0x02,0xb8,
  0x07,0x70,0x00,0x09,0xf6,0x00,0x03,0xfc,0x00,0x00,0xdf,0x20,0x00,0x9f,0x70,0x00,0x5f,0xa0,0x00,0x2f,
  0xd0,0x00,0x0f,0xf0,0x00,0x0e,0xf1,0x00,0x0d,0xf1,0x00,0x0e,0xf1,0x00,0x0f,0xf0,0x00,0x3f,0xc0,0x00,
  0x6f,0x90,0x00,0xbf,0x50,0x01,0xfe,0x10,0x07,0xf8,0x00,0x0a,0xb1,0x00,0x00,0x06,0xa0,0x00,0x02,0x08,
  0xc0,0x11,0x5f,0x77,0xc4,0xda,0x17,0xef,0xff,0x92,0x01,0x9f,0xfc,0x30,0x4e,0xda,0xda,0xf9,0x17,0x07,
  0xc0,0x44,0x00,0x08,0xd0,0x00,0x00,0x04,0xb5,0x00,0x00,0x00,0x05,0xf7,0x00,0x00,0x00,0x05,0xf7,0x00,
  0x00,0x33,0x37,0xf8,0x33,0x30,0xff,0xff,0xff,0xff,0xf2,0x77,0x7a,0xfb,0x77,0x71,0x00,0x05,0xf7,0x00,
  0x00,0x00,0x05,0xf7,0x00,0x00,0x00,0x05,0xf7,0x00,0x00,0x00,0x01,0x42,0x00,0x00,0x5f,0x97,0xf5,0xaf,
  0x1c,0xb0,0xb6,0x00,0x37,0x77,0x77,0x57,0xff,0xff,0xfa,0x24,0x44,0x44,0x30,0x03,0x17,0xfc,0x7f,0xc0,
  0x31,0x00,0x00,0x07,0x60,0x00,0x03,0xf8,0x00,0x00,0x7f,0x40,0x00,0x0b,0xf1,0x00,0x01,0xfb,0x00,0x00,
  0x4f,0x70,0x00,0x08,0xf3,0x00,0x00,0xce,0x00,0x00,0x2f,0xa0,0x00,0x06,0xf6,0x00,0x00,0xaf,0x20,0x00,
  0x0e,0xd0,0x00,0x03,0xf9,0x00,0x00,0x7f,0x50,0x00,0x0b,0xf1,0x00,0x00,0xec,0x00,0x00,0x4f,0x80,0x00,
  0x00,0x00,0x18,0xde,0xc7,0x00,0x00,0x1d,0xfe,0xce,0xfb,0x10,0x0a,0xf9,0x00,0x1b,0xf8,0x02,0xfd,0x00,
  0x00,0x1e,0xe1,0x7f,0x80,0x00,0x00,0xaf,0x5a,0xf5,0x00,0x00,0x07,0xf8,0xbf,0x30,0x00,0x00,0x5f,0x9b,
  0xf3,0x00,0x00,0x05,0xf9,0xaf,0x40,0x00,0x00,0x6f,0x88,0xf7,0x00,0x00,0x08,0xf6,0x4f,0xb0,0x00,0x00,
  0xdf,0x20,0xdf,0x50,0x00,0x7f,0xb0,0x03,0xff,0x97,0xaf,0xe2,0x00,0x04,0xdf,0xff,0xc3,0x00,0x00,0x00,
  0x23,0x20,0x00,0x00,0x00,0x03,0xbb,0x30,0x07,0xff,0xf4,0x0b,0xfd,0xdf,0x41,0xf8,0x1a,0xf4,0x13,0x00,
  0xaf,0x40,0x00,0x0a,0xf4,0x00,0x00,0xaf,0x40,0x00,0x0a,0xf4,0x00,0x00,0xaf,0x40,0x00,0x0a,0xf4,0x00,
  0x00,0xaf,0x40,0x00,0x0a,0xf4,0x00,0x00,0xaf,0x40,0x00,0x0a,0xf4,0x00,0x6c,0xee,0xc5,0x00,0x08,0xfe,
  0xbb,0xff,0x80,0x3f,0xd2,0x00,0x2e,0xf3,0x8f,0x60,0x00,0x07,0xf7,0x8b,0x30,0x00,0x06,0xf8,0x00,0x00,
  0x00,0x0a,0xf5,0x00,0x00,0x00,0x5f,0xd1,0x00,0x00,0x04,0xee,0x30,0x00,0x00,0x5f,0xe4,0x00,0x00,0x07,
  0xfe,0x40,0x00,0x00,0x8f,0xd3,0x00,0x00,0x0a,0xfd,0x20,0x00,0x00,0x9f,0xfb,0xaa,0xaa,0xa7,0xbf,0xff,
  0xff,0xff,0xf9,0x00,0x4b,0xef,0xd8,0x10,0x00,0x6f,0xfc,0xbe,0xfd,0x10,0x1e,0xf4,0x00,0x0a,0xf8,0x05,
  0xfa,0x00,0x00,0x3f,0xc0,0x14,0x20,0x00,0x04,0xfb,0x00,0x00,0x00,0x03,0xcf,0x40,0x00,0x01,0xee,0xfd,
  0x40,0x00,0x00,0x1b,0xce,0xfb,0x20,0x00,0x00,0x00,0x08,0xfc,0x04,0x62,0x00,0x00,0x0d,0xf3,0x9f,0x70,
  0x00,0x00,0xcf,0x34,0xfd,0x10,0x00,0x4f,0xe1,0x0a,0xfd,0x87,0xaf,0xf6,0x00,0x08,0xef,0xff,0xd5,0x00,
  0x00,0x00,0x34,0x20,0x00,0x00,0x00,0x00,0x00,0x9b,0xb0,0x00,0x00,0x00,0x7f,0xfe,0x00,0x00,0x00,0x3f,
  0xdf,0xe0,0x00,0x00,0x1d,0xf4,0xfe,0x00,0x00,0x09,0xf8,0x0f,0xe0,0x00,0x05,0xfb,0x00,0xfe,0x00,0x02,
  0xee,0x20,0x0f,0xe0,0x00,0xcf,0x50,0x00,0xfe,0x00,0x8f,0x90,0x00,0x0f,0xe0,0x0f,0xfe,0xee,0xee,0xff,
  0xee,0xbb,0xbb,0xbb,0xbf,0xfb,0xb0,0x00,0x00,0x00,0xfe,0x00,0x00,0x00,0x00,0x0f,0xe0,0x00,0x00,0x00,
  0x00,0xfe,0x00,0x2b,0xbb,0xbb,0xbb,0xb1,0x4f,0xfe,0xee,0xee,0xe1,0x5f,0x90,0x00,0x00,0x00,0x6f,0x80,
  0x00,0x00,0x00,0x7f,0x70,0x13,0x10,0x00,0x7f,0x8b,0xff,0xfa,0x10,0x8f,0xfd,0x88,0xdf,0xd1,0x9f,0xa0,
  0x00,0x0c,0xf7,0x23,0x10,0x00,0x04,0xfb,0x00,0x00,0x00,0x02,0xfc,0xbf,0x40,0x00,0x04,0xfb,0x7f,0xb0,
  0x00,0x0b,0xf7,0x1c,0xfd,0x87,0xcf,0xc1,0x01,0x9f,0xff,0xfa,0x10,0x00,0x01,0x33,0x10,0x00,0x00,0x19,
  0xef,0xd9,0x10,0x00,0x2d,0xfd,0xbd,0xfd,0x10,0x0a,0xf8,0x00,0x0a,0xf9,0x02,0xfc,0x00,0x00,0x2b,0xa0,
  0x6f,0x70,0x00,0x00,0x00,0x09,0xf4,0x7d,0xfe,0x91,0x00,0xbf,0xcf,0xcb,0xef,0xd1,0x0b,0xff,0x60,0x01,
  0xbf,0x90,0xbf,0xa0,0x00,0x02,0xfe,0x09,0xf7,0x00,0x00,0x0e,0xf1,0x6f,0x90,0x00,0x01,0xfe,0x01,0xee,
  0x30,0x00,0x9f,0xa0,0x06,0xfe,0x87,0xbf,0xe2,0x00,0x06,0xef,0xff,0xb3,0x00,0x00,0x00,0x33,0x20,0x00,
  0x00,0x1b,0xbb,0xbb,0xbb,0xbb,0x11,0xee,0xee,0xee,0xef,0xf1,0x00,0x00,0x00,0x04,0xfc,0x00,0x00,0x00,
  0x00,0xcf,0x50,0x00,0x00,0x00,0x5f,0xc0,0x00,0x00,0x00,0x0c,0xf5,0x00,0x00,0x00,0x05,0xfc,0x00,0x00,
  0x00,0x00,0xcf,0x50,0x00,0x00,0x00,0x5f,0xc0,0x00,0x00,0x00,0x0c,0xf5,0x00,0x00,0x00,0x05,0xfc,0x00,
  0x00,0x00,0x00,0xcf,0x40,0x00,0x00,0x00,0x5f,0xc0,0x00,0x00,0x00,0x0d,0xf4,0x00,0x00,0x00,0x00,0x4b,
  0xef,0xc7,0x00,0x00,0x6f,0xfc,0xbe,0xfa,0x00,0x1e,0xf4,0x00,0x2d,0xf4,0x04,0xfc,0x00,0x00,0x8f,0x70,
  0x2f,0xd0,0x00,0x09,0xf6,0x00,0xbf,0x81,0x05,0xed,0x10,0x01,0x8f,0xff,0xfb,0x20,0x00,0x6e,0xfc,0xce,
  0xf8,0x00,0x4f,0xe3,0x00,0x1b,0xf7,0x0a,0xf6,0x00,0x00,0x3f,0xe0,0xbf,0x50,0x00,0x01,0xff,0x08,0xfb,
  0x00,0x00,0x7f,0xc0,0x1d,0xfc,0x77,0xaf,0xf4,0x00,0x2a,0xff,0xff,0xc4,0x00,0x00,0x01,0x33,0x20,0x00,
  0x00,0x00,0x5c,0xef,0xc5,0x00,0x00,0x9f,0xfb,0xbf,0xf8,0x00,0x4f,0xe3,0x00,0x2d,0xf3,0x09,0xf7,0x00,
  0x00,0x6f,0x90,0xbf,0x40,0x00,0x03,0xfd,0x0a,0xf5,0x00,0x00,0x5f,0xf0,0x6f,0xd1,0x00,0x1c,0xff,0x10,
  0xcf,0xd8,0x8d,0xef,0xf0,0x01,0x9f,0xff,0xc4,0xee,0x00,0x00,0x13,0x20,0x2f,0xc0,0x58,0x30,0x00,0x06,
  0xf8,0x06,0xfb,0x00,0x02,0xef,0x20,0x1d,0xfb,0x78,0xef,0x70,0x00,0x2b,0xff,0xfe,0x70,0x00,0x00,0x01,
  0x33,0x00,0x00,0x00,0x03,0x17,0xfc,0x7f,0xc0,0x31,0x00,0x00,0x00,0x00,0x00,0x31,0x7f,0xc7,0xfc,0x03,
  0x10,0x03,0x10,0x6f,0xd0,0x6f,0xd0,0x03,0x10,0x00,0x00,0x00,0x00,0x00,0x00,0x00,0x00,0x5f,0x90,0x7f,
  0x50,0xaf,0x10,0xcb,0x00,0xb6,0x00,0x00,0x00,0x00,0x00,0x04,0x00,0x00,0x00,0x06,0xdc,0x00,0x00,0x06,
  0xdf,0xf9,0x00,0x17,0xdf,0xe9,0x20,0x07,0xef,0xe7,0x10,0x00,0x2f,0xfa,0x00,0x00,0x00,0x19,0xff,0xc5,
  0x00,0x00,0x00,0x29,0xef,0xd7,0x10,0x00,0x00,0x18,0xef,0xe7,0x00,0x00,0x00,0x18,0xec,0x00,0x00,0x00,
  0x00,0x16,0x34,0x44,0x44,0x44,0x3b,0xff,0xff,0xff,0xfd,0x57,0x77,0x77,0x77,0x60,0x00,0x00,0x00,0x00,
  0x23,0x33,0x33,0x33,0x2b,0xff,0xff,0xff,0xfd,0x67,0x77,0x77,0x77,0x60,0x40,0x00,0x00,0x00,0x00,0xbe,
  0x71,0x00,0x00,0x00,0x7f,0xfe,0x71,0x00,0x00,0x01,0x8e,0xfe,0x71,0x00,0x00,0x01,0x7d,0xfe,0x81,0x00,
  0x00,0x00,0x9f,0xf3,0x00,0x00,0x5b,0xff,0xa1,0x00,0x6d,0xff,0x92,0x00,0x6e,0xff,0x92,0x00,0x00,0xbe,
  0x92,0x00,0x00,0x00,0x51,0x00,0x00,0x00,0x00,0x00,0x59,0xba,0x61,0x00,0xaf,0xfe,0xff,0xd1,0x6f,0xc2,
  0x01,0xaf,0x9c,0xf4,0x00,0x02,0xfd,0x78,0x10,0x00,0x2f,0xd0,0x00,0x00,0x0a,0xf8,0x00,0x00,0x2c,0xfb,
  0x10,0x00,0x2e,0xf8,0x00,0x00,0x08,0xf8,0x00,0x00,0x00,0x9f,0x50,0x00,0x00,0x03,0x52,0x00,0x00,0x00,
  0x13,0x00,0x00,0x00,0x0c,0xf7,0x00,0x00,0x00,0xcf,0x70,0x00,0x00,0x01,0x30,0x00,0x00,0x00,0x00,0x01,
  0x69,0xaa,0x96,0x10,0x00,0x00,0x00,0x01,0x9f,0xff,0xff,0xff,0xf9,0x10,0x00,0x00,0x2d,0xfc,0x62,0x00,
  0x26,0xcf,0xd2,0x00,0x01,0xdf,0x70,0x00,0x00,0x00,0x07,0xfc,0x00,0x09,0xf7,0x00,0x05,0x76,0x14,0x30,
  0x8f,0x70,0x2f,0xd0,0x02,0xcf,0xff,0xce,0xb0,0x1e,0xd0,0x6f,0x70,0x0c,0xf8,0x35,0xdf,0xb0,0x09,0xf3,
  0x9f,0x30,0x3f,0xa0,0x00,0x3f,0xb0,0x06,0xf6,0xbf,0x20,0x6f,0x60,0x00,0x0e,0xb0,0x05,0xf7,0xbf,0x20,
  0x6f,0x50,0x00,0x0e,0xb0,0x05,0xf6,0xaf,0x30,0x4f,0x80,0x00,0x2f,0xb0,0x08,0xf4,0x7f,0x60,0x0d,0xe4,
  0x01,0xbf,0xd1,0x2e,0xe1,0x2f,0xc0,0x04,0xff,0xef,0xd9,0xff,0xff,0x60,0x0a,0xf6,0x00,0x39,0xb9,0x21,
  0x8b,0xa4,0x00,0x02,0xef,0x60,0x00,0x00,0x00,0x00,0x00,0x00,0x00,0x3e,0xfb,0x51,0x00,0x13,0x71,0x00,
  0x00,0x00,0x01,0xaf,0xff,0xee,0xff,0xf5,0x00,0x00,0x00,0x00,0x02,0x7a,0xbb,0xa7,0x30,0x00,0x00,0x00,
  0x00,0x05,0xbb,0x30,0x00,0x00,0x00,0x00,0x0c,0xff,0x90,0x00,0x00,0x00,0x00,0x2f,0xde,0xe0,0x00,0x00,
  0x00,0x00,0x8f,0x7a,0xf5,0x00,0x00,0x00,0x00,0xdf,0x35,0xfa,0x00,0x00,0x00,0x04,0xfd,0x01,0xff,0x10,
  0x00,0x00,0x09,0xf8,0x00,0xaf,0x60,0x00,0x00,0x1e,0xf2,0x00,0x5f,0xc0,0x00,0x00,0x5f,0xd4,0x44,0x4f,
  0xf2,0x00,0x00,0xbf,0xff,0xff,0xff,0xf8,0x00,0x01,0xff,0x77,0x77,0x78,0xfd,0x00,0x07,0xfb,0x00,0x00,
  0x00,0xef,0x30,0x0c,0xf6,0x00,0x00,0x00,0x9f,0x90,0x3f,0xe1,0x00,0x00,0x00,0x4f,0xe0,0x3b,0xbb,0xbb,
  0xb9,0x30,0x04,0xff,0xee,0xef,0xff,0x80,0x4f,0xc0,0x00,0x05,0xff,0x34,0xfc,0x00,0x00,0x0a,0xf6,0x4f,
  0xc0,0x00,0x00,0xaf,0x54,0xfc,0x00,0x00,0x5f,0xd1,0x4f,0xfe,0xee,0xff,0xb2,0x04,0xfe,0xbb,0xbc,0xef,
  0xb1,0x4f,0xc0,0x00,0x01,0xbf,0xa4,0xfc,0x00,0x00,0x03,0xfe,0x4f,0xc0,0x00,0x00,0x2f,0xe4,0xfc,0x00,
  0x00,0x0a,0xfb,0x4f,0xea,0xaa,0xbe,0xfe,0x34,0xff,0xff,0xff,0xd9,0x20,0x00,0x03,0x9d,0xfe,0xb5,0x00,
  0x00,0x07,0xff,0xff,0xff,0xfa,0x00,0x05,0xff,0x92,0x01,0x6e,0xf9,0x01,0xef,0x70,0x00,0x00,0x3f,0xf2,
  0x5f,0xd0,0x00,0x00,0x00,0x9d,0x69,0xf8,0x00,0x00,0x00,0x00,0x00,0xbf,0x50,0x00,0x00,0x00,0x00,0x0b,
  0xf5,0x00,0x00,0x00,0x00,0x00,0xaf,0x70,0x00,0x00,0x00,0x00,0x07,0xfb,0x00,0x00,0x00,0x06,0x94,0x2f,
  0xf4,0x00,0x00,0x01,0xef,0x30,0x8f,0xe5,0x00,0x02,0xcf,0xb0,0x00,0xaf,0xfe,0xbc,0xff,0xd2,0x00,0x00,
  0x6d,0xff,0xfe,0x91,0x00,0x00,0x00,0x02,0x33,0x00,0x00,0x00,0x3b,0xbb,0xbb,0xa7,0x20,0x00,0x4f,0xfe,
  0xee,0xff,0xf7,0x00,0x4f,0xc0,0x00,0x16,0xef,0x70,0x4f,0xc0,0x00,0x00,0x3f,0xf2,0x4f,0xc0,0x00,0x00,
  0x09,0xf8,0x4f,0xc0,0x00,0x00,0x05,0xfc,0x4f,0xc0,0x00,0x00,0x03,0xfd,0x4f,0xc0,0x00,0x00,0x02,0xfe,
  0x4f,0xc0,0x00,0x00,0x04,0xfc,0x4f,0xc0,0x00,0x00,0x08,0xf9,0x4f,0xc0,0x00,0x00,0x1e,0xf4,0x4f,0xc0,
  0x00,0x03,0xcf,0xa0,0x4f,0xea,0xab,0xdf,0xfb,0x10,0x4f,0xff,0xff,0xea,0x50,0x00,0x3b,0xbb,0xbb,0xbb,
  0xbb,0x14,0xff,0xee,0xee,0xee,0xe1,0x4f,0xc0,0x00,0x00,0x00,0x04,0xfc,0x00,0x00,0x00,0x00,0x4f,0xc0,
  0x00,0x00,0x00,0x04,0xfc,0x00,0x00,0x00,0x00,0x4f,0xfe,0xee,0xee,0xe7,0x04,0xfe,0xbb,0xbb,0xbb,0x60,
  0x4f,0xc0,0x00,0x00,0x00,0x04,0xfc,0x00,0x00,0x00,0x00,0x4f,0xc0,0x00,0x00,0x00,0x04,0xfc,0x00,0x00,
  0x00,0x00,0x4f,0xea,0xaa,0xaa,0xaa,0x14,0xff,0xff,0xff,0xff,0xf1,0x3b,0xbb,0xbb,0xbb,0xb9,0x4f,0xfe,
  0xee,0xee,0xeb,0x4f,0xc0,0x00,0x00,0x00,0x4f,0xc0,0x00,0x00,0x00,0x4f,0xc0,0x00,0x00,0x00,0x4f,0xc0,
  0x00,0x00,0x00,0x4f,0xeb,0xbb,0xbb,0xb3,0x4f,0xfe,0xee,0xee,0xe3,0x4f,0xc0,0x00,0x00,0x00,0x4f,0xc0,
  0x00,0x00,0x00,0x4f,0xc0,0x00,0x00,0x00,0x4f,0xc0,0x00,0x00,0x00,0x4f,0xc0,0x00,0x00,0x00,0x4f,0xc0,
  0x00,0x00,0x00,0x00,0x03,0xad,0xfe,0xb5,0x00,0x00,0x07,0xff,0xff,0xff,0xfa,0x00,0x05,0xff,0x92,0x01,
  0x6e,0xf9,0x01,0xef,0x70,0x00,0x00,0x3f,0xf2,0x5f,0xd0,0x00,0x00,0x00,0x9c,0x59,0xf8,0x00,0x00,0x00,
  0x00,0x00,0xbf,0x50,0x00,0x00,0x00,0x00,0x0b,0xf5,0x00,0x00,0xdf,0xff,0xf9,0xaf,0x70,0x00,0x09,0xaa,
  0xcf,0x96,0xfb,0x00,0x00,0x00,0x08,0xf8,0x1f,0xf4,0x00,0x00,0x01,0xdf,0x40,0x8f,0xe5,0x00,0x02,0xcf,
  0xc0,0x00,0xaf,0xfe,0xbc,0xff,0xd2,0x00,0x00,0x6d,0xff,0xfe,0x91,0x00,0x00,0x00,0x02,0x33,0x00,0x00,
  0x00,0x3b,0x90,0x00,0x00,0x03,0xb8,0x4f,0xc0,0x00,0x00,0x05,0xfb,0x4f,0xc0,0x00,0x00,0x05,0xfb,0x4f,
  0xc0,0x00,0x00,0x05,0xfb,0x4f,0xc0,0x00,0x00,0x05,0xfb,0x4f,0xc0,0x00,0x00,0x05,0xfb,0x4f,0xfe,0xee,
  0xee,0xee,0xfb,0x4f,0xeb,0xbb,0xbb,0xbc,0xfb,0x4f,0xc0,0x00,0x00,0x05,0xfb,0x4f,0xc0,0x00,0x00,0x05,
  0xfb,0x4f,0xc0,0x00,0x00,0x05,0xfb,0x4f,0xc0,0x00,0x00,0x05,0xfb,0x4f,0xc0,0x00,0x00,0x05,0xfb,0x4f,
  0xc0,0x00,0x00,0x05,0xfb,0x3b,0x94,0xfc,0x4f,0xc4,0xfc,0x4f,0xc4,0xfc,0x4f,0xc4,0xfc,0x4f,0xc4,0xfc,
  0x4f,0xc4,0xfc,0x4f,0xc4,0xfc,0x00,0x00,0x00,0x5b,0x70,0x00,0x00,0x06,0xfa,0x00,0x00,0x00,0x6f,0xa0,
  0x00,0x00,0x06,0xfa,0x00,0x00,0x00,0x6f,0xa0,0x00,0x00,0x06,0xfa,0x00,0x00,0x00,0x6f,0xa0,0x00,0x00,
  0x06,0xfa,0x00,0x00,0x00,0x6f,0xa9,0xa2,0x00,0x06,0xfa,0xcf,0x30,0x00,0x7f,0x9a,0xf7,0x00,0x0b,0xf7,
  0x4f,0xf9,0x7b,0xfe,0x10,0x5d,0xff,0xfc,0x30,0x00,0x03,0x42,0x00,0x00,0x3b,0x90,0x00,0x00,0x3b,0xb3,
  0x4f,0xc0,0x00,0x02,0xef,0x80,0x4f,0xc0,0x00,0x2d,0xf9,0x00,0x4f,0xc0,0x01,0xcf,0xa0,0x00,0x4f,0xc0,
  0x0b,0xfb,0x00,0x00,0x4f,0xc0,0xaf,0xc1,0x00,0x00,0x4f,0xc9,0xff,0x60,0x00,0x00,0x4f,0xff,0xef,0xe2,
  0x00,0x00,0x4f,0xfd,0x2a,0xfb,0x00,0x00,0x4f,0xe2,0x01,0xdf,0x70,0x00,0x4f,0xc0,0x00,0x3f,0xf3,0x00,
  0x4f,0xc0,0x00,0x08,0xfd,0x10,0x4f,0xc0,0x00,0x00,0xcf,0x90,0x4f,0xc0,0x00,0x00,0x2e,0xf5,0x3b,0x90,
  0x00,0x00,0x00,0x4f,0xc0,0x00,0x00,0x00,0x4f,0xc0,0x00,0x00,0x00,0x4f,0xc0,0x00,0x00,0x00,0x4f,0xc0,
  0x00,0x00,0x00,0x4f,0xc0,0x00,0x00,0x00,0x4f,0xc0,0x00,0x00,0x00,0x4f,0xc0,0x00,0x00,0x00,0x4f,0xc0,
  0x00,0x00,0x00,0x4f,0xc0,0x00,0x00,0x00,0x4f,0xc0,0x00,0x00,0x00,0x4f,0xc0,0x00,0x00,0x00,0x4f,0xea,
  0xaa,0xaa,0xa4,0x4f,0xff,0xff,0xff,0xf5,0x3b,0xb9,0x00,0x00,0x00,0x03,0xbb,0x94,0xff,0xf2,0x00,0x00,
  0x00,0x9f,0xfb,0x4f,0xff,0x80,0x00,0x00,0x1e,0xff,0xb4,0xfd,0xfd,0x00,0x00,0x06,0xfc,0xfb,0x4f,0xbc,
  0xf4,0x00,0x00,0xbf,0x8f,0xb4,0xfc,0x6f,0xa0,0x00,0x2f,0xe4,0xfb,0x4f,0xc1,0xff,0x10,0x08,0xf8,0x4f,
  0xb4,0xfc,0x0a,0xf7,0x00,0xdf,0x34,0xfb,0x4f,0xc0,0x4f,0xc0,0x4f,0xc0,0x4f,0xb4,0xfc,0x00,0xdf,0x39,
  0xf6,0x04,0xfb,0x4f,0xc0,0x07,0xf8,0xee,0x10,0x4f,0xb4,0xfc,0x00,0x1f,0xff,0x90,0x04,0xfb,0x4f,0xc0,
  0x00,0xaf,0xf3,0x00,0x4f,0xb4,0xfc,0x00,0x04,0xfc,0x00,0x04,0xfb,0x3b,0xb3,0x00,0x00,0x03,0xb9,0x4f,
  0xfc,0x00,0x00,0x04,0xfc,0x4f,0xff,0x70,0x00,0x04,0xfc,0x4f,0xdf,0xe2,0x00,0x04,0xfc,0x4f,0xc8,0xfb,
  0x00,0x04,0xfc,0x4f,0xc1,0xdf,0x50,0x04,0xfc,0x4f,0xc0,0x4f,0xe1,0x04,0xfc,0x4f,0xc0,0x0a,0xf9,0x04,
  0xfc,0x4f,0xc0,0x01,0xef,0x44,0xfc,0x4f,0xc0,0x00,0x5f,0xd4,0xfc,0x4f,0xc0,0x00,0x0b,0xfa,0xfc,0x4f,
  0xc0,0x00,0x02,0xef,0xfc,0x4f,0xc0,0x00,0x00,0x7f,0xfc,0x4f,0xc0,0x00,0x00,0x0c,0xfc,0x00,0x03,0xad,
  0xfe,0xb5,0x00,0x00,0x07,0xff,0xff,0xff,0xfa,0x00,0x05,0xff,0x92,0x02,0x7e,0xf9,0x01,0xef,0x70,0x00,
  0x00,0x4f,0xf3,0x5f,0xc0,0x00,0x00,0x00,0x9f,0x99,0xf8,0x00,0x00,0x00,0x04,0xfc,0xbf,0x50,0x00,0x00,
  0x00,0x2f,0xeb,0xf5,0x00,0x00,0x00,0x02,0xfe,0xaf,0x70,0x00,0x00,0x00,0x3f,0xd7,0xfb,0x00,0x00,0x00,
  0x08,0xfa,0x2f,0xf4,0x00,0x00,0x02,0xef,0x40,0x8f,0xe5,0x00,0x03,0xdf,0xb0,0x00,0xaf,0xfe,0xbd,0xff,
  0xd1,0x00,0x00,0x6d,0xff,0xfe,0x81,0x00,0x00,0x00,0x02,0x33,0x00,0x00,0x00,0x3b,0xbb,0xbb,0xb8,0x30,
  0x04,0xff,0xee,0xef,0xff,0x70,0x4f,0xc0,0x00,0x06,0xff,0x44,0xfc,0x00,0x00,0x08,0xf9,0x4f,0xc0,0x00,
  0x00,0x5f,0xa4,0xfc,0x00,0x00,0x08,0xf9,0x4f,0xc0,0x00,0x06,0xff,0x34,0xff,0xee,0xef,0xff,0x70,0x4f,
  0xeb,0xbb,0xb8,0x30,0x04,0xfc,0x00,0x00,0x00,0x00,0x4f,0xc0,0x00,0x00,0x00,0x04,0xfc,0x00,0x00,0x00,
  0x00,0x4f,0xc0,0x00,0x00,0x00,0x04,0xfc,0x00,0x00,0x00,0x00,0x00,0x03,0xad,0xfe,0xb5,0x00,0x00,0x07,
  0xff,0xff,0xff,0xfa,0x00,0x05,0xff,0x92,0x02,0x7e,0xf9,0x01,0xef,0x70,0x00,0x00,0x4f,0xf3,0x5f,0xc0,
  0x00,0x00,0x00,0x9f,0x99,0xf8,0x00,0x00,0x00,0x04,0xfc,0xbf,0x50,0x00,0x00,0x00,0x2f,0xeb,0xf5,0x00,
  0x00,0x00,0x02,0xfe,0xaf,0x70,0x00,0x00,0x00,0x3f,0xd7,0xfb,0x00,0x17,0x70,0x08,0xfa,0x2f,0xf4,0x00,
  0x7f,0x82,0xef,0x40,0x8f,0xe5,0x00,0xaf,0xdf,0xa0,0x00,0xaf,0xfe,0xbd,0xff,0xc1,0x00,0x00,0x6d,0xff,
  0xfe,0xfd,0x10,0x00,0x00,0x02,0x43,0x07,0xfa,0x00,0x00,0x00,0x00,0x00,0x04,0x40,0x3b,0xbb,0xbb,0xb9,
  0x40,0x00,0x4f,0xfe,0xee,0xff,0xf9,0x00,0x4f,0xc0,0x00,0x04,0xef,0x60,0x4f,0xc0,0x00,0x00,0x6f,0xb0,
  0x4f,0xc0,0x00,0x00,0x3f,0xc0,0x4f,0xc0,0x00,0x00,0x6f,0xb0,0x4f,0xc0,0x00,0x04,0xef,0x50,0x4f,0xfe,
  0xee,0xff,0xf8,0x00,0x4f,0xeb,0xbb,0xff,0x50,0x00,0x4f,0xc0,0x00,0x9f,0xa0,0x00,0x4f,0xc0,0x00,0x2f,
  0xf3,0x00,0x4f,0xc0,0x00,0x09,0xfb,0x00,0x4f,0xc0,0x00,0x01,0xef,0x40,0x4f,0xc0,0x00,0x00,0x8f,0xc0,
  0x00,0x4a,0xde,0xd9,0x20,0x00,0x7f,0xfd,0xbe,0xfe,0x40,0x3f,0xe4,0x00,0x08,0xfd,0x07,0xf9,0x00,0x00,
  0x0d,0xf4,0x7f,0xa0,0x00,0x00,0x35,0x23,0xff,0xa4,0x00,0x00,0x00,0x07,0xff,0xfe,0xb7,0x20,0x00,0x02,
  0x8d,0xff,0xff,0x70,0x00,0x00,0x01,0x5b,0xff,0x54,0x61,0x00,0x00,0x09,0xfa,0xbf,0x60,0x00,0x00,0x6f,
  0xa7,0xfd,0x10,0x00,0x0b,0xf7,0x1c,0xfe,0x87,0x8d,0xfd,0x10,0x19,0xef,0xff,0xe9,0x10,0x00,0x00,0x34,
  0x30,0x00,0x00,0x1b,0xbb,0xbb,0xbb,0xbb,0xb9,0x1e,0xee,0xef,0xfe,0xee,0xeb,0x00,0x00,0x0a,0xf6,0x00,
  0x00,0x00,0x00,0x0a,0xf6,0x00,0x00,0x00,0x00,0x0a,0xf6,0x00,0x00,0x00,0x00,0x0a,0xf6,0x00,0x00,0x00,
  0x00,0x0a,0xf6,0x00,0x00,0x00,0x00,0x0a,0xf6,0x00,0x00,0x00,0x00,0x0a,0xf6,0x00,0x00,0x00,0x00,0x0a,
  0xf6,0x00,0x00,0x00,0x00,0x0a,0xf6,0x00,0x00,0x00,0x00,0x0a,0xf6,0x00,0x00,0x00,0x00,0x0a,0xf6,0x00,
  0x00,0x00,0x00,0x0a,0xf6,0x00,0x00,0x3b,0x80,0x00,0x00,0x04,0xb8,0x5f,0xb0,0x00,0x00,0x06,0xfa,0x5f,
  0xb0,0x00,0x00,0x06,0xfa,0x5f,0xb0,0x00,0x00,0x06,0xfa,0x5f,0xb0,0x00,0x00,0x06,0xfa,0x5f,0xb0,0x00,
  0x00,0x06,0xfa,0x5f,0xb0,0x00,0x00,0x06,0xfa,0x5f,0xb0,0x00,0x00,0x06,0xfa,0x5f,0xb0,0x00,0x00,0x06,
  0xfa,0x4f,0xc0,0x00,0x00,0x06,0xfa,0x2f,0xe1,0x00,0x00,0x09,0xf8,0x0c,0xf9,0x00,0x00,0x4f,0xf3,0x03,
  0xef,0xd8,0x8b,0xff,0x70,0x00,0x2a,0xff,0xff,0xd5,0x00,0x00,0x00,0x13,0x32,0x00,0x00,0x2b,0xb0,0x00,
  0x00,0x00,0x2b,0xb0,0x0d,0xf5,0x00,0x00,0x00,0x8f,0xa0,0x08,0xfa,0x00,0x00,0x00,0xdf,0x40,0x02,0xfe,
  0x10,0x00,0x03,0xfe,0x00,0x00,0xcf,0x50,0x00,0x08,0xf8,0x00,0x00,0x7f,0xb0,0x00,0x0d,0xf3,0x00,0x00,
  0x1f,0xf1,0x00,0x4f,0xd0,0x00,0x00,0x0b,0xf6,0x00,0x9f,0x70,0x00,0x00,0x05,0xfb,0x00,0xef,0x20,0x00,
  0x00,0x00,0xef,0x14,0xfb,0x00,0x00,0x00,0x00,0x9f,0x68,0xf6,0x00,0x00,0x00,0x00,0x4f,0xbd,0xf1,0x00,
  0x00,0x00,0x00,0x0d,0xff,0xa0,0x00,0x00,0x00,0x00,0x08,0xff,0x50,0x00,0x00,0x3b,0xa0,0x00,0x00,0x6b,
  0xa0,0x00,0x00,0x6b,0x71,0xff,0x20,0x00,0x0c,0xff,0x20,0x00,0x0c,0xf5,0x0b,0xf5,0x00,0x01,0xff,0xf6,
  0x00,0x01,0xff,0x10,0x7f,0x90,0x00,0x5f,0xcf,0xa0,0x00,0x4f,0xc0,0x03,0xfd,0x00,0x09,0xf5,0xfd,0x00,
  0x08,0xf8,0x00,0x0e,0xf2,0x00,0xcf,0x1b,0xf2,0x00,0xcf,0x40,0x00,0xaf,0x60,0x1f,0xc0,0x7f,0x60,0x1f,
  0xe0,0x00,0x06,0xf9,0x05,0xf8,0x03,0xfa,0x05,0xfa,0x00,0x00,0x2f,0xd0,0x9f,0x40,0x0e,0xe0,0x8f,0x60,
  0x00,0x00,0xcf,0x2d,0xe0,0x00,0xaf,0x2c,0xf2,0x00,0x00,0x08,0xf6,0xfb,0x00,0x06,0xf6,0xfd,0x00,0x00,
  0x00,0x4f,0xdf,0x70,0x00,0x2f,0xdf,0x90,0x00,0x00,0x01,0xff,0xf3,0x00,0x00,0xdf,0xf5,0x00,0x00,0x00,
  0x0b,0xfe,0x00,0x00,0x09,0xff,0x10,0x00,0x08,0xb7,0x00,0x00,0x00,0xab,0x40,0x2e,0xf4,0x00,0x00,0x8f,
  0xb0,0x00,0x7f,0xd1,0x00,0x4f,0xe2,0x00,0x00,0xbf,0x80,0x1d,0xf6,0x00,0x00,0x02,0xef,0x38,0xfa,0x00,
  0x00,0x00,0x06,0xfd,0xfe,0x10,0x00,0x00,0x00,0x0b,0xff,0x50,0x00,0x00,0x00,0x00,0xaf,0xf5,0x00,0x00,
  0x00,0x00,0x6f,0xdf,0xe2,0x00,0x00,0x00,0x2e,0xf3,0x9f,0xb0,0x00,0x00,0x0c,0xf7,0x01,0xdf,0x70,0x00,
  0x08,0xfc,0x00,0x03,0xff,0x30,0x04,0xfe,0x20,0x00,0x08,0xfc,0x01,0xdf,0x60,0x00,0x00,0x0c,0xf8,0x1b,
  0xb3,0x00,0x00,0x00,0x8b,0x70,0x9f,0xc0,0x00,0x00,0x4f,0xe2,0x01,0xef,0x60,0x00,0x0c,0xf7,0x00,0x05,
  0xfe,0x10,0x06,0xfd,0x00,0x00,0x0b,0xf9,0x01,0xef,0x40,0x00,0x00,0x2f,0xf3,0x9f,0xa0,0x00,0x00,0x00,
  0x8f,0xcf,0xe2,0x00,0x00,0x00,0x01,0xdf,0xf7,0x00,0x00,0x00,0x00,0x05,0xfd,0x00,0x00,0x00,0x00,0x00,
  0x4f,0xc0,0x00,0x00,0x00,0x00,0x04,0xfc,0x00,0x00,0x00,0x00,0x00,0x4f,0xc0,0x00,0x00,0x00,0x00,0x04,
  0xfc,0x00,0x00,0x00,0x00,0x00,0x4f,0xc0,0x00,0x00,0x8b,0xbb,0xbb,0xbb,0xbb,0x8a,0xee,0xee,0xee,0xef,
  0xfa,0x00,0x00,0x00,0x04,0xfe,0x30,0x00,0x00,0x02,0xef,0x60,0x00,0x00,0x00,0xcf,0x90,0x00,0x00,0x00,
  0x9f,0xc0,0x00,0x00,0x00,0x5f,0xe2,0x00,0x00,0x00,0x3e,0xf4,0x00,0x00,0x00,0x1d,0xf8,0x00,0x00,0x00,
  0x0a,0xfb,0x00,0x00,0x00,0x07,0xfd,0x10,0x00,0x00,0x04,0xfe,0x30,0x00,0x00,0x00,0xdf,0xda,0xaa,0xaa,
  0xaa,0x8f,0xff,0xff,0xff,0xff,0xfb,0x17,0x77,0x52,0xff,0xfa,0x2f,0xd3,0x22,0xfd,0x00,0x2f,0xd0,0x02,
  0xfd,0x00,0x2f,0xd0,0x02,0xfd,0x00,0x2f,0xd0,0x02,0xfd,0x00,0x2f,0xd0,0x02,0xfd,0x00,0x2f,0xd0,0x02,
  0xfd,0x00,0x2f,0xd0,0x02,0xfd,0x00,0x2f,0xfe,0xa1,0xbb,0xb8,0x27,0x30,0x00,0x02,0xfa,0x00,0x00,0x0d,
  0xe0,0x00,0x00,0x9f,0x30,0x00,0x05,0xf7,0x00,0x00,0x1f,0xb0,0x00,0x00,0xce,0x00,0x00,0x08,0xf4,0x00,
  0x00,0x4f,0x80,0x00,0x00,0xec,0x00,0x00,0x0a,0xf1,0x00,0x00,0x6f,0x50,0x00,0x02,0xf9,0x00,0x00,0x0d,
  0xd0,0x00,0x00,0x9f,0x20,0x00,0x05,0xf6,0x00,0x00,0x1f,0xa0,0x67,0x77,0xcf,0xff,0x23,0xff,0x00,0xff,
  0x00,0xff,0x00,0xff,0x00,0xff,0x00,0xff,0x00,0xff,0x00,0xff,0x00,0xff,0x00,0xff,0x00,0xff,0x00,0xff,
  0x00,0xff,0x00,0xff,0xbe,0xff,0x9b,0xbb,0x00,0x02,0x65,0x00,0x00,0x00,0xaf,0xf2,0x00,0x00,0x2f,0xaf,
  0x90,0x00,0x09,0xf2,0x9f,0x20,0x02,0xfa,0x02,0xf9,0x00,0x9f,0x30,0x0b,0xe1,0x07,0x60,0x00,0x37,0x30,
  0x7e,0xee,0xee,0xee,0xe4,0x6b,0xbb,0xbb,0xbb,0xb3,0x7b,0x50,0x1d,0xd0,0x04,0xf6,0x01,0x9d,0xfe,0xa2,
  0x01,0xdf,0xdb,0xdf,0xd1,0x6f,0xa0,0x00,0xbf,0x52,0x41,0x00,0x08,0xf7,0x01,0x59,0xbd,0xff,0x73,0xef,
  0xda,0x8a,0xf7,0xaf,0x70,0x00,0x7f,0x7c,0xf3,0x00,0x0c,0xf7,0x8f,0xd7,0x7c,0xef,0x71,0xbf,0xff,0xb8,
  0xf7,0x00,0x24,0x20,0x00,0x00,0x4b,0x60,0x00,0x00,0x00,0x6f,0x80,0x00,0x00,0x00,0x6f,0x80,0x00,0x00,
  0x00,0x6f,0x80,0x00,0x00,0x00,0x6f,0x85,0xdf,0xd8,0x00,0x6f,0xdf,0xcb,0xef,0xa0,0x6f,0xf5,0x00,0x2d,
  0xf4,0x6f,0xb0,0x00,0x06,0xf9,0x6f,0x70,0x00,0x03,0xfc,0x6f,0x70,0x00,0x03,0xfc,0x6f,0x90,0x00,0x05,
  0xfa,0x6f,0xe2,0x00,0x0c,0xf6,0x6f,0xee,0x87,0xcf,0xd0,0x6f,0x89,0xff,0xfb,0x20,0x00,0x00,0x14,0x20,
  0x00,0x00,0x6c,0xfe,0xa3,0x00,0x09,0xfe,0xbc,0xfe,0x30,0x4f,0xd2,0x00,0x6f,0xc0,0xaf,0x60,0x00,0x08,
  0x90,0xdf,0x20,0x00,0x00,0x00,0xdf,0x20,0x00,0x00,0x00,0xbf,0x40,0x00,0x05,0x50,0x6f,0xb0,0x00,0x4f,
  0xd0,0x0c,0xfc,0x78,0xef,0x60,0x01,0xaf,0xff,0xe6,0x00,0x00,0x01,0x33,0x00,0x00,0x00,0x00,0x00,0x07,
  0xb4,0x00,0x00,0x00,0x09,0xf5,0x00,0x00,0x00,0x09,0xf5,0x00,0x00,0x00,0x09,0xf5,0x01,0x8d,0xfc,0x59,
  0xf5,0x0b,0xfe,0xbc,0xfd,0xf5,0x5f,0xd1,0x00,0x6f,0xf5,0xaf,0x50,0x00,0x0c,0xf5,0xdf,0x20,0x00,0x08,
  0xf5,0xdf,0x20,0x00,0x08,0xf5,0xbf,0x40,0x00,0x0a,0xf5,0x7f,0xb0,0x00,0x3f,0xf5,0x1d,0xfc,0x78,0xee,
  0xf5,0x02,0xcf,0xff,0x89,0xf5,0x00,0x02,0x31,0x00,0x00,0x00,0x6c,0xfe,0x92,0x00,0x09,0xfe,0xbc,0xfe,
  0x20,0x4f,0xc1,0x00,0x6f,0xa0,0xaf,0x40,0x00,0x0c,0xf1,0xdf,0xcb,0xbb,0xbe,0xf3,0xdf,0xbb,0xbb,0xbb,
  0xb3,0xbf,0x30,0x00,0x00,0x00,0x6f,0x90,0x00,0x1d,0xd0,0x0c,0xfb,0x78,0xdf,0x70,0x01,0xaf,0xff,0xe7,
  0x00,0x00,0x01,0x33,0x00,0x00,0x00,0x05,0xab,0x40,0x05,0xff,0xe5,0x00,0x9f,0x70,0x00,0x09,0xf5,0x00,
  0x4b,0xdf,0xdb,0x45,0xef,0xfe,0xe5,0x00,0x9f,0x50,0x00,0x09,0xf5,0x00,0x00,0x9f,0x50,0x00,0x09,0xf5,
  0x00,0x00,0x9f,0x50,0x00,0x09,0xf5,0x00,0x00,0x9f,0x50,0x00,0x09,0xf5,0x00,0x00,0x8d,0xfc,0x57,0xb4,
  0x0b,0xfe,0xbc,0xfc,0xf5,0x5f,0xd1,0x00,0x6f,0xf5,0xaf,0x50,0x00,0x0b,0xf5,0xdf,0x20,0x00,0x08,0xf5,
  0xdf,0x20,0x00,0x08,0xf5,0xbf,0x40,0x00,0x0a,0xf5,0x7f,0xb0,0x00,0x3f,0xf5,0x1d,0xfc,0x78,0xee,0xf5,
  0x02,0xcf,0xff,0x89,0xf5,0x01,0x12,0x31,0x0a,0xf4,0x3f,0xd3,0x00,0x6f,0xe1,0x09,0xff,0xef,0xff,0x50,
  0x00,0x49,0xbb,0x82,0x00,0x4b,0x60,0x00,0x00,0x00,0x6f,0x80,0x00,0x00,0x00,0x6f,0x80,0x00,0x00,0x00,
  0x6f,0x80,0x00,0x00,0x00,0x6f,0x86,0xdf,0xd6,0x00,0x6f,0xdf,0xbc,0xff,0x60,0x6f,0xe3,0x00,0x6f,0xd0,
  0x6f,0xa0,0x00,0x0f,0xf0,0x6f,0x80,0x00,0x0e,0xf0,0x6f,0x80,0x00,0x0e,0xf0,0x6f,0x80,0x00,0x0e,0xf0,
  0x6f,0x80,0x00,0x0e,0xf0,0x6f,0x80,0x00,0x0e,0xf0,0x6f,0x80,0x00,0x0e,0xf0,0x5e,0x79,0xfb,0x17,0x20,
  0x00,0x4b,0x66,0xf8,0x6f,0x86,0xf8,0x6f,0x86,0xf8,0x6f,0x86,0xf8,0x6f,0x86,0xf8,0x00,0x5e,0x70,0x09,
  0xfb,0x00,0x17,0x20,0x00,0x00,0x00,0x4b,0x60,0x06,0xf9,0x00,0x6f,0x90,0x06,0xf9,0x00,0x6f,0x90,0x06,
  0xf9,0x00,0x6f,0x90,0x06,0xf9,0x00,0x6f,0x90,0x06,0xf9,0x00,0x6f,0x90,0x08,0xf8,0x1e,0xff,0x31,0xba,
  0x40,0x4b,0x60,0x00,0x00,0x00,0x6f,0x80,0x00,0x00,0x00,0x6f,0x80,0x00,0x00,0x00,0x6f,0x80,0x00,0x00,
  0x00,0x6f,0x80,0x00,0x7b,0x90,0x6f,0x80,0x07,0xfd,0x20,0x6f,0x80,0x7f,0xd2,0x00,0x6f,0x87,0xfd,0x20,
  0x00,0x6f,0xdf,0xf4,0x00,0x00,0x6f,0xfd,0xfc,0x10,0x00,0x6f,0xb1,0xbf,0xa0,0x00,0x6f,0x80,0x1d,0xf7,
  0x00,0x6f,0x80,0x03,0xef,0x40,0x6f,0x80,0x00,0x5f,0xe2,0x4b,0x66,0xf8,0x6f,0x86,0xf8,0x6f,0x86,0xf8,
  0x6f,0x86,0xf8,0x6f,0x86,0xf8,0x6f,0x86,0xf8,0x6f,0x86,0xf8,0x4b,0x65,0xdf,0xc4,0x07,0xdf,0xc4,0x06,
  0xfc,0xeb,0xdf,0xe9,0xeb,0xdf,0xe2,0x6f,0xe2,0x00,0xaf,0xe2,0x00,0xaf,0x86,0xf9,0x00,0x06,0xf9,0x00,
  0x05,0xf9,0x6f,0x80,0x00,0x5f,0x90,0x00,0x5f,0x96,0xf8,0x00,0x05,0xf9,0x00,0x05,0xf9,0x6f,0x80,0x00,
  0x5f,0x90,0x00,0x5f,0x96,0xf8,0x00,0x05,0xf9,0x00,0x05,0xf9,0x6f,0x80,0x00,0x5f,0x90,0x00,0x5f,0x96,
  0xf8,0x00,0x05,0xf9,0x00,0x05,0xf9,0x4b,0x66,0xdf,0xd6,0x00,0x6f,0xdf,0xbc,0xff,0x60,0x6f,0xe3,0x00,
  0x6f,0xd0,0x6f,0xa0,0x00,0x0f,0xf0,0x6f,0x80,0x00,0x0e,0xf0,0x6f,0x80,0x00,0x0e,0xf0,0x6f,0x80,0x00,
  0x0e,0xf0,0x6f,0x80,0x00,0x0e,0xf0,0x6f,0x80,0x00,0x0e,0xf0,0x6f,0x80,0x00,0x0e,0xf0,0x00,0x6c,0xfe,
  0xa3,0x00,0x09,0xfe,0xbc,0xff,0x40,0x4f,0xd2,0x00,0x5f,0xd0,0xaf,0x60,0x00,0x0b,0xf4,0xdf,0x20,0x00,
  0x08,0xf7,0xdf,0x20,0x00,0x07,0xf7,0xbf,0x40,0x00,0x0a,0xf5,0x6f,0xb0,0x00,0x3f,0xe1,0x0c,0xfc,0x78,
  0xef,0x70,0x01,0xaf,0xff,0xe6,0x00,0x00,0x01,0x33,0x00,0x00,0x4b,0x66,0xdf,0xd8,0x00,0x6f,0xdf,0xcb,
  0xef,0xa0,0x6f,0xf5,0x00,0x2d,0xf4,0x6f,0xb0,0x00,0x06,0xf9,0x6f,0x70,0x00,0x03,0xfc,0x6f,0x70,0x00,
  0x03,0xfc,0x6f,0x90,0x00,0x05,0xfa,0x6f,0xe2,0x00,0x0c,0xf6,0x6f,0xee,0x87,0xcf,0xd0,0x6f,0x99,0xff,
  0xfb,0x20,0x6f,0x80,0x14,0x20,0x00,0x6f,0x80,0x00,0x00,0x00,0x6f,0x80,0x00,0x00,0x00,0x4b,0x60,0x00,
  0x00,0x00,0x01,0x8d,0xfc,0x56,0xb4,0x0b,0xfe,0xbc,0xfd,0xf5,0x5f,0xd1,0x00,0x6f,0xf5,0xaf,0x50,0x00,
  0x0c,0xf5,0xdf,0x20,0x00,0x08,0xf5,0xdf,0x20,0x00,0x08,0xf5,0xbf,0x40,0x00,0x0a,0xf5,0x7f,0xb0,0x00,
  0x3f,0xf5,0x1d,0xfc,0x78,0xee,0xf5,0x02,0xcf,0xff,0x89,0xf5,0x00,0x02,0x31,0x09,0xf5,0x00,0x00,0x00,
  0x09,0xf5,0x00,0x00,0x00,0x09,0xf5,0x00,0x00,0x00,0x07,0xb4,0x4b,0x69,0xe9,0x6f,0xde,0xb7,0x6f,0xe2,
  0x00,0x6f,0x90,0x00,0x6f,0x80,0x00,0x6f,0x80,0x00,0x6f,0x80,0x00,0x6f,0x80,0x00,0x6f,0x80,0x00,0x6f,
  0x80,0x00,0x04,0xbe,0xfc,0x50,0x03,0xff,0xcb,0xff,0x60,0x9f,0x80,0x03,0xfd,0x08,0xf8,0x00,0x04,0x40,
  0x2e,0xfc,0x95,0x10,0x00,0x17,0xbe,0xfe,0x60,0x00,0x00,0x04,0xef,0x1c,0xf3,0x00,0x0d,0xf2,0x6f,0xe8,
  0x7b,0xfd,0x00,0x7e,0xff,0xfb,0x20,0x00,0x03,0x42,0x00,0x00,0x00,0x57,0x30,0x00,0x09,0xf5,0x00,0x00,
  0x9f,0x50,0x04,0xbe,0xfc,0xb4,0x5e,0xff,0xee,0x50,0x09,0xf5,0x00,0x00,0x9f,0x50,0x00,0x09,0xf5,0x00,
  0x00,0x9f,0x50,0x00,0x09,0xf5,0x00,0x00,0x9f,0x50,0x00,0x07,0xfd,0xa3,0x00,0x1a,0xef,0x50,0x4b,0x60,
  0x00,0x0a,0xb0,0x6f,0x80,0x00,0x0e,0xf0,0x6f,0x80,0x00,0x0e,0xf0,0x6f,0x80,0x00,0x0e,0xf0,0x6f,0x80,
  0x00,0x0e,0xf0,0x6f,0x80,0x00,0x0e,0xf0,0x6f,0x90,0x00,0x0f,0xf0,0x4f,0xd0,0x00,0x5f,0xf0,0x0d,0xfc,
  0x79,0xef,0xf0,0x03,0xdf,0xfe,0x5d,0xf0,0x00,0x03,0x31,0x00,0x00,0x1b,0xb0,0x00,0x00,0xab,0x10,0xcf,
  0x40,0x00,0x4f,0xc0,0x06,0xfa,0x00,0x09,0xf6,0x00,0x1e,0xe1,0x00,0xee,0x10,0x00,0xaf,0x50,0x5f,0xa0,
  0x00,0x04,0xfb,0x0a,0xf4,0x00,0x00,0x0d,0xf2,0xed,0x00,0x00,0x00,0x8f,0xbf,0x70,0x00,0x00,0x02,0xff,
  0xf2,0x00,0x00,0x00,0x0b,0xfb,0x00,0x00,0x2b,0xa0,0x00,0x2b,0xa0,0x00,0x2b,0xa0,0xdf,0x20,0x07,0xff,
  0x20,0x07,0xf9,0x09,0xf6,0x00,0xbf,0xf6,0x00,0xbf,0x40,0x4f,0xa0,0x1e,0xae,0xa0,0x1e,0xe0,0x00,0xee,
  0x04,0xf6,0xae,0x04,0xfa,0x00,0x0a,0xf3,0x8f,0x26,0xf4,0x8f,0x50,0x00,0x5f,0x7c,0xc0,0x2f,0x8c,0xf1,
  0x00,0x01,0xfc,0xf8,0x00,0xcc,0xfb,0x00,0x00,0x0b,0xff,0x30,0x08,0xff,0x60,0x00,0x00,0x6f,0xe0,0x00,
  0x4f,0xf2,0x00,0x09,0xb5,0x00,0x06,0xb8,0x00,0x3f,0xe1,0x02,0xee,0x20,0x00,0x7f,0xa0,0xbf,0x50,0x00,
  0x00,0xcf,0xaf,0xa0,0x00,0x00,0x02,0xef,0xd1,0x00,0x00,0x00,0x1d,0xfc,0x00,0x00,0x00,0x0a,0xfc,0xf9,
  0x00,0x00,0x07,0xfa,0x0d,0xf4,0x00,0x03,0xfe,0x10,0x3f,0xe1,0x01,0xdf,0x40,0x00,0x7f,0xb0,0x1b,0xb0,
  0x00,0x00,0xab,0x10,0xcf,0x40,0x00,0x4f,0xc0,0x06,0xfa,0x00,0x09,0xf6,0x00,0x1e,0xe1,0x01,0xee,0x10,
  0x00,0x9f,0x60,0x5f,0x90,0x00,0x03,0xfb,0x0b,0xf3,0x00,0x00,0x0c,0xf3,0xfc,0x00,0x00,0x00,0x6f,0xdf,
  0x60,0x00,0x00,0x01,0xef,0xe1,0x00,0x00,0x00,0x09,0xfa,0x00,0x00,0x00,0x00,0xbf,0x40,0x00,0x00,0x00,
  0x4f,0xd0,0x00,0x00,0x04,0xef,0xf5,0x00,0x00,0x00,0x3b,0xa5,0x00,0x00,0x00,0x7b,0xbb,0xbb,0xbb,0x9e,
  0xee,0xee,0xfe,0x00,0x00,0x1c,0xf5,0x00,0x00,0xaf,0x90,0x00,0x06,0xfc,0x00,0x00,0x3f,0xe2,0x00,0x01,
  0xdf,0x40,0x00,0x0b,0xf7,0x00,0x00,0x7f,0xfa,0xaa,0xaa,0x9f,0xff,0xff,0xff,0x00,0x00,0x37,0x30,0x00,
  0x9f,0xf7,0x00,0x2f,0xe5,0x10,0x05,0xf9,0x00,0x00,0x6f,0x80,0x00,0x06,0xf7,0x00,0x00,0x6f,0x70,0x00,
  0x0a,0xf6,0x00,0x5d,0xfd,0x10,0x07,0xff,0x60,0x00,0x25,0xdf,0x40,0x00,0x07,0xf7,0x00,0x00,0x6f,0x70,
  0x00,0x06,0xf7,0x00,0x00,0x6f,0x80,0x00,0x04,0xfd,0x10,0x00,0x0c,0xff,0x60,0x00,0x17,0xa5,0x12,0x16,
  0xf5,0x6f,0x56,0xf5,0x6f,0x56,0xf5,0x6f,0x56,0xf5,0x6f,0x56,0xf5,0x6f,0x56,0xf5,0x6f,0x56,0xf5,0x6f,
  0x56,0xf5,0x6f,0x56,0xf5,0x6f,0x56,0xf5,0x6f,0x56,0xf5,0x6f,0x53,0x73,0x66,0x10,0x00,0x0c,0xfe,0x40,
  0x00,0x38,0xfc,0x00,0x00,0x0e,0xf0,0x00,0x00,0xdf,0x10,0x00,0x0d,0xf1,0x00,0x00,0xdf,0x10,0x00,0x0b,
  0xf5,0x00,0x00,0x4f,0xfc,0x10,0x01,0xaf,0xf1,0x00,0x9f,0xb5,0x00,0x0c,0xf2,0x00,0x00,0xdf,0x10,0x00,
  0x0d,0xf1,0x00,0x00,0xdf,0x10,0x00,0x4f,0xe0,0x00,0xbf,0xf7,0x00,0x09,0xa5,0x00,0x00,0x00,0x46,0x30,
  0x00,0x01,0x00,0x8f,0xff,0xa1,0x06,0xf5,0x1f,0xd4,0x9f,0xc7,0xdf,0x23,0xe6,0x00,0x6e,0xff,0x70,0x00,
  0x00,0x00,0x13,0x10,0x00,0x00,0x00,0x01,0x00,0x00,0x00,0x00,0x01,0xc9,0x00,0x00,0x00,0x01,0xcf,0xf7,
  0x00,0x00,0x00,0xbf,0x69,0xf6,0x00,0x00,0x9f,0x60,0x1c,0xf6,0x00,0x9f,0x90,0x00,0x1c,0xe3,0x7f,0x90,
  0x00,0x00,0x3e,0xe7,0xf0,0x00,0x00,0x00,0x7f,0x7f,0x00,0x00,0x00,0x07,0xf7,0xf0,0x00,0x00,0x00,0x7f,
  0x7f,0x00,0x00,0x00,0x07,0xf7,0xf0,0x00,0x00,0x00,0x7f,0x7f,0x00,0x00,0x00,0x07,0xf7,0xff,0xff,0xff,
  0xff,0xff,0x24,0x44,0x44,0x44,0x44,0x40,0x00,0x03,0x9d,0xfe,0xb5,0x00,0x00,0x07,0xff,0xff,0xff,0xfa,
  0x00,0x05,0xff,0x92,0x01,0x6e,0xf9,0x01,0xef,0x70,0x00,0x00,0x3f,0xf2,0x5f,0xd0,0x00,0x00,0x00,0x9d,
  0x69,0xf8,0x00,0x00,0x00,0x00,0x00,0xbf,0x50,0x00,0x00,0x00,0x00,0x0b,0xf5,0x00,0x00,0x00,0x00,0x00,
  0xaf,0x70,0x00,0x00,0x00,0x00,0x07,0xfb,0x00,0x00,0x00,0x06,0x94,0x2f,0xf4,0x00,0x00,0x01,0xef,0x30,
  0x8f,0xe5,0x00,0x02,0xcf,0xb0,0x00,0xaf,0xfe,0xbc,0xff,0xd2,0x00,0x00,0x6d,0xff,0xfe,0x91,0x00,0x00,
  0x00,0x03,0xf7,0x10,0x00,0x00,0x00,0x00,0x18,0xd8,0x00,0x00,0x00,0x00,0x02,0x4c,0xa0,0x00,0x00,0x00,
  0x00,0x6b,0x92,0x00,0x00,0x02,0xeb,0x03,0xea,0x00,0x05,0xff,0x05,0xfe,0x00,0x00,0x64,0x00,0x64,0x00,
  0x00,0x00,0x00,0x00,0x00,0x4b,0x60,0x00,0x0a,0xb0,0x6f,0x80,0x00,0x0e,0xf0,0x6f,0x80,0x00,0x0e,0xf0,
  0x6f,0x80,0x00,0x0e,0xf0,0x6f,0x80,0x00,0x0e,0xf0,0x6f,0x80,0x00,0x0e,0xf0,0x6f,0x90,0x00,0x0f,0xf0,
  0x4f,0xd0,0x00,0x5f,0xf0,0x0d,0xfc,0x79,0xef,0xf0,0x03,0xdf,0xfe,0x5d,0xf0,0x00,0x03,0x31,0x00,0x00,
  0x00,0x00,0x0a,0xb1,0x00,0x00,0x00,0x6f,0x70,0x00,0x00,0x00,0xdb,0x00,0x00,0x00,0x00,0x00,0x00,0x00,
  0x00,0x6c,0xfe,0x92,0x00,0x09,0xfe,0xbc,0xfe,0x20,0x4f,0xc1,0x00,0x6f,0xa0,0xaf,0x40,0x00,0x0c,0xf1,
  0xdf,0xcb,0xbb,0xbe,0xf3,0xdf,0xbb,0xbb,0xbb,0xb3,0xbf,0x30,0x00,0x00,0x00,0x6f,0x90,0x00,0x1d,0xd0,
  0x0c,0xfb,0x78,0xdf,0x70,0x01,0xaf,0xff,0xe7,0x00,0x00,0x01,0x33,0x00,0x00,0x00,0x0a,0xd9,0x00,0x00,
  0x08,0xf7,0xf7,0x00,0x03,0xb5,0x06,0xb3,0x00,0x00,0x00,0x00,0x00,0x01,0x9d,0xfe,0xa2,0x01,0xdf,0xdb,
  0xdf,0xd1,0x6f,0xa0,0x00,0xbf,0x52,0x41,0x00,0x08,0xf7,0x01,0x59,0xbd,0xff,0x73,0xef,0xda,0x8a,0xf7,
  0xaf,0x70,0x00,0x7f,0x7c,0xf3,0x00,0x0c,0xf7,0x8f,0xd7,0x7c,0xef,0x71,0xbf,0xff,0xb8,0xf7,0x00,0x24,
  0x20,0x00,0x00,0x06,0xe6,0x07,0xe6,0x00,0xaf,0xa0,0xbf,0x90,0x02,0x72,0x02,0x71,0x00,0x00,0x00,0x00,
  0x00,0x01,0x9d,0xfe,0xa2,0x01,0xdf,0xdb,0xdf,0xd1,0x6f,0xa0,0x00,0xbf,0x52,0x41,0x00,0x08,0xf7,0x01,
  0x59,0xbd,0xff,0x73,0xef,0xda,0x8a,0xf7,0xaf,0x70,0x00,0x7f,0x7c,0xf3,0x00,0x0c,0xf7,0x8f,0xd7,0x7c,
  0xef,0x71,0xbf,0xff,0xb8,0xf7,0x00,0x24,0x20,0x00,0x00,0x00,0xab,0x10,0x00,0x00,0x05,0xf8,0x00,0x00,
  0x00,0x09,0xe1,0x00,0x00,0x00,0x00,0x00,0x00,0x01,0x9d,0xfe,0xa2,0x01,0xdf,0xdb,0xdf,0xd1,0x6f,0xa0,
  0x00,0xbf,0x52,0x41,0x00,0x08,0xf7,0x01,0x59,0xbd,0xff,0x73,0xef,0xda,0x8a,0xf7,0xaf,0x70,0x00,0x7f,
  0x7c,0xf3,0x00,0x0c,0xf7,0x8f,0xd7,0x7c,0xef,0x71,0xbf,0xff,0xb8,0xf7,0x00,0x24,0x20,0x00,0x00,0x00,
  0x2b,0xfb,0x10,0x00,0x0a,0xc4,0xc9,0x00,0x00,0xc8,0x09,0xb0,0x00,0x06,0xfc,0xf5,0x00,0x00,0x04,0x74,
  0x00,0x00,0x19,0xdf,0xea,0x20,0x1d,0xfd,0xbd,0xfd,0x16,0xfa,0x00,0x0b,0xf5,0x24,0x10,0x00,0x8f,0x70,
  0x15,0x9b,0xdf,0xf7,0x3e,0xfd,0xa8,0xaf,0x7a,0xf7,0x00,0x07,0xf7,0xcf,0x30,0x00,0xcf,0x78,0xfd,0x77,
  0xce,0xf7,0x1b,0xff,0xfb,0x8f,0x70,0x02,0x42,0x00,0x00,0x00,0x6c,0xfe,0xa3,0x00,0x09,0xfe,0xbc,0xfe,
  0x30,0x4f,0xd2,0x00,0x6f,0xc0,0xaf,0x60,0x00,0x08,0x90,0xdf,0x20,0x00,0x00,0x00,0xdf,0x20,0x00,0x00,
  0x00,0xbf,0x40,0x00,0x05,0x50,0x6f,0xb0,0x00,0x4f,0xd0,0x0c,0xfc,0x78,0xef,0x60,0x01,0xaf,0xff,0xe6,
  0x00,0x00,0x01,0xd9,0x10,0x00,0x00,0x00,0x7b,0xc0,0x00,0x00,0x01,0x49,0xe0,0x00,0x00,0x03,0xba,0x40,
  0x00,0x00,0x07,0xdb,0x10,0x00,0x00,0x5f,0x7e,0xa0,0x00,0x01,0xb8,0x04,0xb5,0x00,0x00,0x00,0x00,0x00,
  0x00,0x00,0x6c,0xfe,0x92,0x00,0x09,0xfe,0xbc,0xfe,0x20,0x4f,0xc1,0x00,0x6f,0xa0,0xaf,0x40,0x00,0x0c,
  0xf1,0xdf,0xcb,0xbb,0xbe,0xf3,0xdf,0xbb,0xbb,0xbb,0xb3,0xbf,0x30,0x00,0x00,0x00,0x6f,0x90,0x00,0x1d,
  0xd0,0x0c,0xfb,0x78,0xdf,0x70,0x01,0xaf,0xff,0xe7,0x00,0x00,0x01,0x33,0x00,0x00,0x04,0xe9,0x04,0xe9,
  0x00,0x07,0xfd,0x07,0xfc,0x00,0x01,0x73,0x01,0x73,0x00,0x00,0x00,0x00,0x00,0x00,0x00,0x6c,0xfe,0x92,
  0x00,0x09,0xfe,0xbc,0xfe,0x20,0x4f,0xc1,0x00,0x6f,0xa0,0xaf,0x40,0x00,0x0c,0xf1,0xdf,0xcb,0xbb,0xbe,
  0xf3,0xdf,0xbb,0xbb,0xbb,0xb3,0xbf,0x30,0x00,0x00,0x00,0x6f,0x90,0x00,0x1d,0xd0,0x0c,0xfb,0x78,0xdf,
  0x70,0x01,0xaf,0xff,0xe7,0x00,0x00,0x01,0x33,0x00,0x00,0x00,0x8b,0x30,0x00,0x00,0x00,0x2e,0xb0,0x00,
  0x00,0x00,0x06,0xf4,0x00,0x00,0x00,0x00,0x00,0x00,0x00,0x00,0x6c,0xfe,0x92,0x00,0x09,0xfe,0xbc,0xfe,
  0x20,0x4f,0xc1,0x00,0x6f,0xa0,0xaf,0x40,0x00,0x0c,0xf1,0xdf,0xcb,0xbb,0xbe,0xf3,0xdf,0xbb,0xbb,0xbb,
  0xb3,0xbf,0x30,0x00,0x00,0x00,0x6f,0x90,0x00,0x1d,0xd0,0x0c,0xfb,0x78,0xdf,0x70,0x01,0xaf,0xff,0xe7,
  0x00,0x00,0x01,0x33,0x00,0x00,0x5e,0x80,0x5e,0x78,0xfb,0x09,0xfb,0x17,0x20,0x17,0x20,0x00,0x00,0x00,
  0x00,0x4b,0x60,0x00,0x06,0xf8,0x00,0x00,0x6f,0x80,0x00,0x06,0xf8,0x00,0x00,0x6f,0x80,0x00,0x06,0xf8,
  0x00,0x00,0x6f,0x80,0x00,0x06,0xf8,0x00,0x00,0x6f,0x80,0x00,0x06,0xf8,0x00,0x00,0x9d,0xa0,0x00,0x7f,
  0x7e,0x90,0x2b,0x70,0x5b,0x40,0x00,0x00,0x00,0x00,0x4b,0x60,0x00,0x06,0xf8,0x00,0x00,0x6f,0x80,0x00,
  0x06,0xf8,0x00,0x00,0x6f,0x80,0x00,0x06,0xf8,0x00,0x00,0x6f,0x80,0x00,0x06,0xf8,0x00,0x00,0x6f,0x80,
  0x00,0x06,0xf8,0x00,0x09,0xb2,0x00,0x3f,0xa0,0x00,0x7f,0x20,0x00,0x00,0x00,0x4b,0x60,0x06,0xf8,0x00,
  0x6f,0x80,0x06,0xf8,0x00,0x6f,0x80,0x06,0xf8,0x00,0x6f,0x80,0x06,0xf8,0x00,0x6f,0x80,0x06,0xf8,0x00,
  0x01,0xdc,0x02,0xdc,0x00,0x00,0x00,0x03,0xff,0x24,0xff,0x10,0x00,0x00,0x00,0x65,0x00,0x64,0x00,0x00,
  0x00,0x00,0x00,0x00,0x00,0x00,0x00,0x00,0x00,0x05,0xbb,0x30,0x00,0x00,0x00,0x00,0x0c,0xff,0x90,0x00,
  0x00,0x00,0x00,0x2f,0xde,0xe0,0x00,0x00,0x00,0x00,0x8f,0x7a,0xf5,0x00,0x00,0x00,0x00,0xdf,0x35,0xfa,
  0x00,0x00,0x00,0x04,0xfd,0x01,0xff,0x10,0x00,0x00,0x09,0xf8,0x00,0xaf,0x60,0x00,0x00,0x1e,0xf2,0x00,
  0x5f,0xc0,0x00,0x00,0x5f,0xd4,0x44,0x4f,0xf2,0x00,0x00,0xbf,0xff,0xff,0xff,0xf8,0x00,0x01,0xff,0x77,
  0x77,0x78,0xfd,0x00,0x07,0xfb,0x00,0x00,0x00,0xef,0x30,0x0c,0xf6,0x00,0x00,0x00,0x9f,0x90,0x3f,0xe1,
  0x00,0x00,0x00,0x4f,0xe0,0x00,0x00,0x07,0xee,0x50,0x00,0x00,0x00,0x00,0x3f,0x68,0xf1,0x00,0x00,0x00,
  0x00,0x5e,0x02,0xf2,0x00,0x00,0x00,0x00,0x1d,0xde,0xc0,0x00,0x00,0x00,0x00,0x01,0x76,0x10,0x00,0x00,
  0x00,0x00,0x05,0xbb,0x30,0x00,0x00,0x00,0x00,0x0c,0xff,0x90,0x00,0x00,0x00,0x00,0x2f,0xde,0xe0,0x00,
  0x00,0x00,0x00,0x8f,0x7a,0xf5,0x00,0x00,0x00,0x00,0xdf,0x35,0xfa,0x00,0x00,0x00,0x04,0xfd,0x01,0xff,
  0x10,0x00,0x00,0x09,0xf8,0x00,0xaf,0x60,0x00,0x00,0x1e,0xf2,0x00,0x5f,0xc0,0x00,0x00,0x5f,0xd4,0x44,
  0x4f,0xf2,0x00,0x00,0xbf,0xff,0xff,0xff,0xf8,0x00,0x01,0xff,0x77,0x77,0x78,0xfd,0x00,0x07,0xfb,0x00,
  0x00,0x00,0xef,0x30,0x0c,0xf6,0x00,0x00,0x00,0x9f,0x90,0x3f,0xe1,0x00,0x00,0x00,0x4f,0xe0,0x00,0x00,
  0x02,0xb9,0x00,0x00,0x00,0x00,0xaf,0x30,0x00,0x00,0x00,0x2f,0x70,0x00,0x00,0x00,0x00,0x00,0x00,0x00,
  0x3b,0xbb,0xbb,0xbb,0xbb,0x14,0xff,0xee,0xee,0xee,0xe1,0x4f,0xc0,0x00,0x00,0x00,0x04,0xfc,0x00,0x00,
  0x00,0x00,0x4f,0xc0,0x00,0x00,0x00,0x04,0xfc,0x00,0x00,0x00,0x00,0x4f,0xfe,0xee,0xee,0xe7,0x04,0xfe,
  0xbb,0xbb,0xbb,0x60,0x4f,0xc0,0x00,0x00,0x00,0x04,0xfc,0x00,0x00,0x00,0x00,0x4f,0xc0,0x00,0x00,0x00,
  0x04,0xfc,0x00,0x00,0x00,0x00,0x4f,0xea,0xaa,0xaa,0xaa,0x14,0xff,0xff,0xff,0xff,0xf1,0x01,0x9d,0xfd,
  0x80,0x3b,0xee,0xb4,0x00,0x1d,0xfd,0xbd,0xfb,0xef,0xbb,0xff,0x50,0x6f,0xa0,0x00,0xbf,0xe3,0x00,0x3e,
  0xe1,0x24,0x20,0x00,0x7f,0x80,0x00,0x08,0xf5,0x01,0x6a,0xbb,0xdf,0xdb,0xbb,0xbd,0xf8,0x2e,0xfd,0xbb,
  0xdf,0xdb,0xbb,0xbb,0xb6,0xaf,0x70,0x00,0x8f,0x70,0x00,0x00,0x00,0xcf,0x30,0x00,0xcf,0xd1,0x00,0x0a,
  0xe4,0x8f,0xd7,0x7c,0xfa,0xfd,0x87,0xbf,0xb0,0x1a,0xff,0xfe,0x70,0x7e,0xff,0xfa,0x10,0x00,0x13,0x30,
  0x00,0x00,0x33,0x10,0x00,0x00,0x00,0x00,0x5b,0xbb,0xbb,0xbb,0xbb,0xbb,0x60,0x00,0x00,0x0c,0xfe,0xff,
  0xee,0xee,0xee,0xe8,0x00,0x00,0x04,0xfc,0x0b,0xf5,0x00,0x00,0x00,0x00,0x00,0x00,0xaf,0x50,0xbf,0x50,
  0x00,0x00,0x00,0x00,0x00,0x2f,0xe0,0x0b,0xf5,0x00,0x00,0x00,0x00,0x00,0x09,0xf8,0x00,0xbf,0x50,0x00,
  0x00,0x00,0x00,0x01,0xef,0x10,0x0b,0xfc,0xbb,0xbb,0xbb,0x00,0x00,0x7f,0xa0,0x00,0xbf,0xee,0xee,0xee,
  0xe0,0x00,0x0d,0xfa,0x77,0x7d,0xf5,0x00,0x00,0x00,0x00,0x05,0xff,0xff,0xff,0xff,0x50,0x00,0x00,0x00,
  0x00,0xcf,0x73,0x33,0x3c,0xf5,0x00,0x00,0x00,0x00,0x4f,0xd0,0x00,0x00,0xbf,0x50,0x00,0x00,0x00,0x0a,
  0xf7,0x00,0x00,0x0b,0xfc,0xaa,0xaa,0xaa,0x62,0xfe,0x10,0x00,0x00,0xbf,0xff,0xff,0xff,0xf8,0x00,0x06,
  0xdc,0x10,0x00,0x00,0x4f,0x8d,0xc1,0x00,0x01,0xa9,0x02,0xb6,0x00,0x00,0x00,0x00,0x00,0x00,0x00,0x6c,
  0xfe,0xa3,0x00,0x09,0xfe,0xbc,0xff,0x40,0x4f,0xd2,0x00,0x5f,0xd0,0xaf,0x60,0x00,0x0b,0xf4,0xdf,0x20,
  0x00,0x08,0xf7,0xdf,0x20,0x00,0x07,0xf7,0xbf,0x40,0x00,0x0a,0xf5,0x6f,0xb0,0x00,0x3f,0xe1,0x0c,0xfc,
  0x78,0xef,0x70,0x01,0xaf,0xff,0xe6,0x00,0x00,0x01,0x33,0x00,0x00,0x02,0xeb,0x03,0xea,0x00,0x05,0xff,
  0x05,0xfe,0x00,0x00,0x64,0x00,0x64,0x00,0x00,0x00,0x00,0x00,0x00,0x00,0x6c,0xfe,0xa3,0x00,0x09,0xfe,
  0xbc,0xff,0x40,0x4f,0xd2,0x00,0x5f,0xd0,0xaf,0x60,0x00,0x0b,0xf4,0xdf,0x20,0x00,0x08,0xf7,0xdf,0x20,
  0x00,0x07,0xf7,0xbf,0x40,0x00,0x0a,0xf5,0x6f,0xb0,0x00,0x3f,0xe1,0x0c,0xfc,0x78,0xef,0x70,0x01,0xaf,
  0xff,0xe6,0x00,0x00,0x01,0x33,0x00,0x00,0x00,0x7b,0x50,0x00,0x00,0x00,0x1d,0xd0,0x00,0x00,0x00,0x04,
  0xf6,0x00,0x00,0x00,0x00,0x00,0x00,0x00,0x00,0x6c,0xfe,0xa3,0x00,0x09,0xfe,0xbc,0xff,0x40,0x4f,0xd2,
  0x00,0x5f,0xd0,0xaf,0x60,0x00,0x0b,0xf4,0xdf,0x20,0x00,0x08,0xf7,0xdf,0x20,0x00,0x07,0xf7,0xbf,0x40,
  0x00,0x0a,0xf5,0x6f,0xb0,0x00,0x3f,0xe1,0x0c,0xfc,0x78,0xef,0x70,0x01,0xaf,0xff,0xe6,0x00,0x00,0x01,
  0x33,0x00,0x00,0x00,0x06,0xdc,0x10,0x00,0x00,0x4f,0x8d,0xc1,0x00,0x01,0xa9,0x02,0xb6,0x00,0x00,0x00,
  0x00,0x00,0x00,0x4b,0x60,0x00,0x0a,0xb0,0x6f,0x80,0x00,0x0e,0xf0,0x6f,0x80,0x00,0x0e,0xf0,0x6f,0x80,
  0x00,0x0e,0xf0,0x6f,0x80,0x00,0x0e,0xf0,0x6f,0x80,0x00,0x0e,0xf0,0x6f,0x90,0x00,0x0f,0xf0,0x4f,0xd0,
  0x00,0x5f,0xf0,0x0d,0xfc,0x79,0xef,0xf0,0x03,0xdf,0xfe,0x5d,0xf0,0x00,0x03,0x31,0x00,0x00,0x00,0x7b,
  0x50,0x00,0x00,0x00,0x1d,0xd0,0x00,0x00,0x00,0x04,0xf6,0x00,0x00,0x00,0x00,0x00,0x00,0x00,0x4b,0x60,
  0x00,0x0a,0xb0,0x6f,0x80,0x00,0x0e,0xf0,0x6f,0x80,0x00,0x0e,0xf0,0x6f,0x80,0x00,0x0e,0xf0,0x6f,0x80,
  0x00,0x0e,0xf0,0x6f,0x80,0x00,0x0e,0xf0,0x6f,0x90,0x00,0x0f,0xf0,0x4f,0xd0,0x00,0x5f,0xf0,0x0d,0xfc,
  0x79,0xef,0xf0,0x03,0xdf,0xfe,0x5d,0xf0,0x00,0x03,0x31,0x00,0x00,0x00,0x7e,0x60,0x7e,0x50,0x00,0x0a,
  0xf9,0x0b,0xf9,0x00,0x00,0x27,0x10,0x27,0x10,0x00,0x00,0x00,0x00,0x00,0x00,0x1b,0xb0,0x00,0x00,0xab,
  0x10,0xcf,0x40,0x00,0x4f,0xc0,0x06,0xfa,0x00,0x09,0xf6,0x00,0x1e,0xe1,0x01,0xee,0x10,0x00,0x9f,0x60,
  0x5f,0x90,0x00,0x03,0xfb,0x0b,0xf3,0x00,0x00,0x0c,0xf3,0xfc,0x00,0x00,0x00,0x6f,0xdf,0x60,0x00,0x00,
  0x01,0xef,0xe1,0x00,0x00,0x00,0x09,0xfa,0x00,0x00,0x00,0x00,0xbf,0x40,0x00,0x00,0x00,0x4f,0xd0,0x00,
  0x00,0x04,0xef,0xf5,0x00,0x00,0x00,0x3b,0xa5,0x00,0x00,0x00,0x00,0x05,0xe8,0x05,0xe7,0x00,0x00,0x00,
  0x8f,0xc0,0x9f,0xb0,0x00,0x00,0x01,0x72,0x01,0x72,0x00,0x00,0x00,0x00,0x00,0x00,0x00,0x00,0x00,0x03,
  0xad,0xfe,0xb5,0x00,0x00,0x07,0xff,0xff,0xff,0xfa,0x00,0x05,0xff,0x92,0x02,0x7e,0xf9,0x01,0xef,0x70,
  0x00,0x00,0x4f,0xf3,0x5f,0xc0,0x00,0x00,0x00,0x9f,0x99,0xf8,0x00,0x00,0x00,0x04,0xfc,0xbf,0x50,0x00,
  0x00,0x00,0x2f,0xeb,0xf5,0x00,0x00,0x00,0x02,0xfe,0xaf,0x70,0x00,0x00,0x00,0x3f,0xd7,0xfb,0x00,0x00,
  0x00,0x08,0xfa,0x2f,0xf4,0x00,0x00,0x02,0xef,0x40,0x8f,0xe5,0x00,0x03,0xdf,0xb0,0x00,0xaf,0xfe,0xbd,
  0xff,0xd1,0x00,0x00,0x6d,0xff,0xfe,0x81,0x00,0x00,0x00,0x02,0x33,0x00,0x00,0x00,0x00,0x0a,0xe3,0x0b,
  0xe2,0x00,0x00,0x0e,0xf5,0x0f,0xf5,0x00,0x00,0x04,0x60,0x04,0x60,0x00,0x00,0x00,0x00,0x00,0x00,0x00,
  0x3b,0x80,0x00,0x00,0x04,0xb8,0x5f,0xb0,0x00,0x00,0x06,0xfa,0x5f,0xb0,0x00,0x00,0x06,0xfa,0x5f,0xb0,
  0x00,0x00,0x06,0xfa,0x5f,0xb0,0x00,0x00,0x06,0xfa,0x5f,0xb0,0x00,0x00,0x06,0xfa,0x5f,0xb0,0x00,0x00,
  0x06,0xfa,0x5f,0xb0,0x00,0x00,0x06,0xfa,0x5f,0xb0,0x00,0x00,0x06,0xfa,0x4f,0xc0,0x00,0x00,0x06,0xfa,
  0x2f,0xe1,0x00,0x00,0x09,0xf8,0x0c,0xf9,0x00,0x00,0x4f,0xf3,0x03,0xef,0xd8,0x8b,0xff,0x70,0x00,0x2a,
  0xff,0xff,0xd5,0x00,0x00,0x00,0x13,0x32,0x00,0x00,0x00,0x00,0xa5,0x00,0x00,0x00,0x00,0xd6,0x00,0x00,
  0x00,0x5b,0xfe,0x92,0x00,0x08,0xff,0xfe,0xfe,0x30,0x4f,0xd2,0xd6,0x6f,0xc0,0xaf,0x60,0xd6,0x08,0x90,
  0xdf,0x20,0xd6,0x00,0x00,0xdf,0x20,0xd6,0x00,0x00,0xbf,0x40,0xd6,0x05,0x50,0x6f,0xb0,0xd6,0x4f,0xd0,
  0x0c,0xfc,0xeb,0xef,0x50,0x01,0xaf,0xff,0xe6,0x00,0x00,0x01,0xd8,0x00,0x00,0x00,0x00,0xd6,0x00,0x00,
  0x00,0x03,0x9b,0xa6,0x00,0x00,0x07,0xff,0xef,0xfc,0x10,0x03,0xfe,0x40,0x1a,0xf9,0x00,0x7f,0x80,0x00,
  0x1f,0xe0,0x08,0xf7,0x00,0x00,0x66,0x00,0x7f,0x70,0x00,0x00,0x00,0x8c,0xfd,0xaa,0xa3,0x00,0x0c,0xff,
  0xff,0xff,0x40,0x00,0x05,0xf9,0x00,0x00,0x00,0x00,0x5f,0xa0,0x00,0x00,0x00,0x04,0xfa,0x00,0x00,0x00,
  0x00,0x6f,0x70,0x00,0x0d,0xe0,0x9f,0xfb,0xaa,0xab,0xfd,0x0c,0xff,0xff,0xff,0xfd,0x40,0x3b,0xa0,0x00,
  0x00,0xab,0x40,0xdf,0x40,0x00,0x4f,0xd0,0x06,0xfb,0x00,0x0a,0xf6,0x00,0x0d,0xf3,0x02,0xfd,0x00,0x00,
  0x6f,0x90,0x9f,0x60,0x00,0x00,0xdf,0x3f,0xd0,0x00,0x00,0x06,0xfe,0xf6,0x00,0x00,0x8f,0xff,0xff,0xff,
  0x70,0x02,0x44,0xaf,0x94,0x42,0x00,0x24,0x4a,0xf9,0x44,0x20,0x08,0xff,0xff,0xff,0xf7,0x00,0x00,0x08,
  0xf8,0x00,0x00,0x00,0x00,0x8f,0x80,0x00,0x00,0x00,0x08,0xf8,0x00,0x00,0x00,0x00,0x2b,0xa0,0x00,0x00,
  0x09,0xf4,0x00,0x00,0x02,0xf8,0x00,0x00,0x00,0x00,0x00,0x00,0x01,0x9d,0xfe,0xa2,0x01,0xdf,0xdb,0xdf,
  0xd1,0x6f,0xa0,0x00,0xbf,0x52,0x41,0x00,0x08,0xf7,0x01,0x59,0xbd,0xff,0x73,0xef,0xda,0x8a,0xf7,0xaf,
  0x70,0x00,0x7f,0x7c,0xf3,0x00,0x0c,0xf7,0x8f,0xd7,0x7c,0xef,0x71,0xbf,0xff,0xb8,0xf7,0x00,0x24,0x20,
  0x00,0x00,0x01,0xba,0x10,0x7f,0x50,0x1e,0x90,0x00,0x00,0x00,0x4b,0x60,0x06,0xf8,0x00,0x6f,0x80,0x06,
  0xf8,0x00,0x6f,0x80,0x06,0xf8,0x00,0x6f,0x80,0x06,0xf8,0x00,0x6f,0x80,0x06,0xf8,0x00,0x00,0x00,0x09,
  0xb2,0x00,0x00,0x00,0x4f,0x90,0x00,0x00,0x00,0xbc,0x00,0x00,0x00,0x00,0x00,0x00,0x00,0x00,0x6c,0xfe,
  0xa3,0x00,0x09,0xfe,0xbc,0xff,0x40,0x4f,0xd2,0x00,0x5f,0xd0,0xaf,0x60,0x00,0x0b,0xf4,0xdf,0x20,0x00,
  0x08,0xf7,0xdf,0x20,0x00,0x07,0xf7,0xbf,0x40,0x00,0x0a,0xf5,0x6f,0xb0,0x00,0x3f,0xe1,0x0c,0xfc,0x78,
  0xef,0x70,0x01,0xaf,0xff,0xe6,0x00,0x00,0x01,0x33,0x00,0x00,0x00,0x00,0x09,0xb2,0x00,0x00,0x00,0x4f,
  0x90,0x00,0x00,0x00,0xbc,0x00,0x00,0x00,0x00,0x00,0x00,0x00,0x4b,0x60,0x00,0x0a,0xb0,0x6f,0x80,0x00,
  0x0e,0xf0,0x6f,0x80,0x00,0x0e,0xf0,0x6f,0x80,0x00,0x0e,0xf0,0x6f,0x80,0x00,0x0e,0xf0,0x6f,0x80,0x00,
  0x0e,0xf0,0x6f,0x90,0x00,0x0f,0xf0,0x4f,0xd0,0x00,0x5f,0xf0,0x0d,0xfc,0x79,0xef,0xf0,0x03,0xdf,0xfe,
  0x5d,0xf0,0x00,0x03,0x31,0x00,0x00,0x00,0x27,0x40,0x55,0x00,0x00,0xcd,0xed,0xe7,0x00,0x00,0x72,0x16,
  0x60,0x00,0x00,0x00,0x00,0x00,0x00,0x4b,0x66,0xdf,0xd6,0x00,0x6f,0xdf,0xbc,0xff,0x60,0x6f,0xe3,0x00,
  0x6f,0xd0,0x6f,0xa0,0x00,0x0f,0xf0,0x6f,0x80,0x00,0x0e,0xf0,0x6f,0x80,0x00,0x0e,0xf0,0x6f,0x80,0x00,
  0x0e,0xf0,0x6f,0x80,0x00,0x0e,0xf0,0x6f,0x80,0x00,0x0e,0xf0,0x6f,0x80,0x00,0x0e,0xf0,0x00,0x00,0x57,
  0x11,0x71,0x00,0x00,0x05,0xfd,0xed,0xe0,0x00,0x00,0x04,0x60,0x47,0x30,0x00,0x00,0x00,0x00,0x00,0x00,
  0x00,0x3b,0xb3,0x00,0x00,0x03,0xb9,0x4f,0xfc,0x00,0x00,0x04,0xfc,0x4f,0xff,0x70,0x00,0x04,0xfc,0x4f,
  0xdf,0xe2,0x00,0x04,0xfc,0x4f,0xc8,0xfb,0x00,0x04,0xfc,0x4f,0xc1,0xdf,0x50,0x04,0xfc,0x4f,0xc0,0x4f,
  0xe1,0x04,0xfc,0x4f,0xc0,0x0a,0xf9,0x04,0xfc,0x4f,0xc0,0x01,0xef,0x44,0xfc,0x4f,0xc0,0x00,0x5f,0xd4,
  0xfc,0x4f,0xc0,0x00,0x0b,0xfa,0xfc,0x4f,0xc0,0x00,0x02,0xef,0xfc,0x4f,0xc0,0x00,0x00,0x7f,0xfc,0x4f,
  0xc0,0x00,0x00,0x0c,0xfc,0x00,0x57,0x61,0x00,0xcf,0xdf,0xd1,0x2b,0x60,0x6f,0x50,0x15,0x79,0xf6,0x2e,
  0xd8,0x9f,0x66,0xf4,0x04,0xf6,0x3f,0xda,0xef,0x60,0x5b,0xa5,0x95,0x00,0x57,0x61,0x00,0xbf,0xdf,0xd2,
  0x6f,0x60,0x3f,0x99,0xf0,0x00,0xcc,0x9f,0x00,0x0c,0xc7,0xf3,0x01,0xea,0x1e,0xea,0xdf,0x30,0x29,0xba,
  0x30,0x00,0x03,0xec,0x00,0x00,0x00,0x05,0xff,0x20,0x00,0x00,0x00,0x64,0x00,0x00,0x00,0x00,0x21,0x00,
  0x00,0x00,0x01,0xfd,0x00,0x00,0x00,0x03,0xfc,0x00,0x00,0x00,0x2d,0xf7,0x00,0x00,0x05,0xef,0x70,0x00,
  0x00,0x3f,0xe4,0x00,0x00,0x00,0x8f,0x70,0x00,0x04,0x51,0xaf,0x50,0x00,0x0e,0xf1,0x7f,0xa0,0x00,0x7f,
  0xc0,0x1d,0xfd,0xbc,0xfe,0x30,0x01,0x9d,0xfe,0xa2,0x00,0x8e,0xee,0xee,0xee,0x66,0xbb,0xbb,0xbd,0xf6,
  0x00,0x00,0x00,0x6f,0x60,0x00,0x00,0x06,0xf6,0x00,0x00,0x00,0x12,0x10,0x00,0x8b,0x30,0x00,0x00,0x3b,
  0x50,0x00,0xde,0xf4,0x00,0x00,0x1d,0xc0,0x00,0x08,0x4f,0x40,0x00,0x09,0xf3,0x00,0x00,0x04,0xf4,0x00,
  0x04,0xf7,0x00,0x00,0x00,0x4f,0x40,0x01,0xdb,0x00,0x00,0x00,0x04,0xf4,0x00,0xae,0x20,0x00,0x00,0x00,
  0x4f,0x40,0x5f,0x60,0x6b,0xa4,0x00,0x03,0xb3,0x2e,0xa0,0x7f,0x9a,0xf4,0x00,0x00,0x0b,0xe1,0x0c,0xa0,
  0x0e,0x80,0x00,0x06,0xf5,0x00,0x00,0x03,0xf6,0x00,0x02,0xe9,0x00,0x00,0x03,0xeb,0x00,0x00,0xcd,0x10,
  0x00,0x05,0xea,0x10,0x00,0x7f,0x40,0x00,0x07,0xfc,0x44,0x20,0x3f,0x80,0x00,0x00,0xdf,0xff,0xf9,0x00,
  0x8b,0x30,0x00,0x00,0x3b,0x50,0x00,0xde,0xf4,0x00,0x00,0x1d,0xc0,0x00,0x08,0x4f,0x40,0x00,0x09,0xf3,
  0x00,0x00,0x04,0xf4,0x00,0x04,0xf7,0x00,0x00,0x00,0x4f,0x40,0x01,0xdb,0x00,0x00,0x00,0x04,0xf4,0x00,
  0xae,0x20,0x00,0x00,0x00,0x4f,0x40,0x5f,0x60,0x19,0x91,0x00,0x03,0xb3,0x2e,0xa0,0x09,0xff,0x20,0x00,
  0x00,0x0b,0xe1,0x04,0xf9,0xf2,0x00,0x00,0x06,0xf5,0x01,0xe8,0x6f,0x20,0x00,0x02,0xe9,0x00,0xac,0x06,
  0xf2,0x00,0x00,0xcd,0x10,0x2f,0xdb,0xdf,0xc1,0x00,0x7f,0x40,0x01,0x77,0x7a,0xf8,0x10,0x3f,0x80,0x00,
  0x00,0x00,0x6f,0x20,0x4e,0xa0,0x9f,0xf0,0x2a,0x60,0x00,0x00,0x3f,0xa0,0x4f,0xa0,0x4f,0xa0,0x4f,0xb0,
  0x4f,0xb0,0x5f,0xb0,0x5f,0xb0,0x5f,0xc0,0x5f,0xc0,0x4b,0x90,0x00,0x05,0x74,0x06,0x73,0x00,0x5f,0xd1,
  0x6f,0xc1,0x03,0xee,0x23,0xfe,0x20,0x1d,0xf4,0x2e,0xf4,0x00,0xbf,0x90,0xbf,0x80,0x00,0x4f,0xe2,0x4f,
  0xd1,0x00,0x06,0xfc,0x17,0xfc,0x00,0x00,0x9f,0xa0,0x9f,0xa0,0x00,0x09,0xb4,0x09,0xb4,0x07,0x72,0x07,
  0x72,0x00,0x00,0x5f,0xd1,0x5f,0xc1,0x00,0x00,0x8f,0xb0,0x8f,0xa0,0x00,0x00,0xbf,0x80,0xbf,0x80,0x00,
  0x01,0xef,0x41,0xef,0x40,0x00,0x7f,0xc1,0x7f,0xb0,0x00,0x4f,0xd1,0x5f,0xd1,0x00,0x2e,0xe3,0x3e,0xe2,
  0x00,0x09,0xb5,0x09,0xb4,0x00,0x00,0x14,0x44,0x44,0x44,0x44,0x43,0x14,0x44,0x44,0x44,0x44,0x43,0x14,
  0x44,0x44,0x44,0x44,0x43,0x14,0x44,0x44,0x44,0x44,0x43,0x14,0x44,0x44,0x44,0x44,0x43,0x14,0x44,0x44,
  0x44,0x44,0x43,0x14,0x44,0x44,0x44,0x44,0x43,0x14,0x44,0x44,0x44,0x44,0x43,0x14,0x44,0x44,0x44,0x44,
  0x43,0x14,0x44,0x44,0x44,0x44,0x43,0x14,0x44,0x44,0x44,0x44,0x43,0x14,0x44,0x44,0x44,0x44,0x43,0x14,
  0x44,0x44,0x44,0x44,0x43,0x14,0x44,0x44,0x44,0x44,0x43,0x14,0x44,0x44,0x44,0x44,0x43,0x14,0x44,0x44,
  0x44,0x44,0x43,0x14,0x44,0x44,0x44,0x44,0x43,0x14,0x44,0x44,0x44,0x44,0x43,0x14,0x44,0x44,0x44,0x44,
  0x43,0x14,0x44,0x44,0x44,0x44,0x43,0x14,0x44,0x44,0x44,0x44,0x43,0x28,0x88,0x88,0x88,0x88,0x86,0x28,
  0x88,0x88,0x88,0x88,0x86,0x28,0x88,0x88,0x88,0x88,0x86,0x28,0x88,0x88,0x88,0x88,0x86,0x28,0x88,0x88,
  0x88,0x88,0x86,0x28,0x88,0x88,0x88,0x88,0x86,0x28,0x88,0x88,0x88,0x88,0x86,0x28,0x88,0x88,0x88,0x88,
  0x86,0x28,0x88,0x88,0x88,0x88,0x86,0x28,0x88,0x88,0x88,0x88,0x86,0x28,0x88,0x88,0x88,0x88,0x86,0x28,
  0x88,0x88,0x88,0x88,0x86,0x28,0x88,0x88,0x88,0x88,0x86,0x28,0x88,0x88,0x88,0x88,0x86,0x28,0x88,0x88,
  0x88,0x88,0x86,0x28,0x88,0x88,0x88,0x88,0x86,0x28,0x88,0x88,0x88,0x88,0x86,0x28,0x88,0x88,0x88,0x88,
  0x86,0x28,0x88,0x88,0x88,0x88,0x86,0x28,0x88,0x88,0x88,0x88,0x86,0x28,0x88,0x88,0x88,0x88,0x86,0x3b,
  0xbb,0xbb,0xbb,0xbb,0xb8,0x3b,0xbb,0xbb,0xbb,0xbb,0xb8,0x3b,0xbb,0xbb,0xbb,0xbb,0xb8,0x3b,0xbb,0xbb,
  0xbb,0xbb,0xb8,0x3b,0xbb,0xbb,0xbb,0xbb,0xb8,0x3b,0xbb,0xbb,0xbb,0xbb,0xb8,0x3b,0xbb,0xbb,0xbb,0xbb,
  0xb8,0x3b,0xbb,0xbb,0xbb,0xbb,0xb8,0x3b,0xbb,0xbb,0xbb,0xbb,0xb8,0x3b,0xbb,0xbb,0xbb,0xbb,0xb8,0x3b,
  0xbb,0xbb,0xbb,0xbb,0xb8,0x3b,0xbb,0xbb,0xbb,0xbb,0xb8,0x3b,0xbb,0xbb,0xbb,0xbb,0xb8,0x3b,0xbb,0xbb,
  0xbb,0xbb,0xb8,0x3b,0xbb,0xbb,0xbb,0xbb,0xb8,0x3b,0xbb,0xbb,0xbb,0xbb,0xb8,0x3b,0xbb,0xbb,0xbb,0xbb,
  0xb8,0x3b,0xbb,0xbb,0xbb,0xbb,0xb8,0x3b,0xbb,0xbb,0xbb,0xbb,0xb8,0x3b,0xbb,0xbb,0xbb,0xbb,0xb8,0x3b,
  0xbb,0xbb,0xbb,0xbb,0xb8,0x4f,0xff,0xff,0xff,0xff,0xfb,0x4f,0xff,0xff,0xff,0xff,0xfb,0x4f,0xff,0xff,
  0xff,0xff,0xfb,0x4f,0xff,0xff,0xff,0xff,0xfb,0x4f,0xff,0xff,0xff,0xff,0xfb,0x4f,0xff,0xff,0xff,0xff,
  0xfb,0x4f,0xff,0xff,0xff,0xff,0xfb,0x4f,0xff,0xff,0xff,0xff,0xfb,0x4f,0xff,0xff,0xff,0xff,0xfb,0x4f,
  0xff,0xff,0xff,0xff,0xfb,0x4f,0xff,0xff,0xff,0xff,0xfb,0x4f,0xff,0xff,0xff,0xff,0xfb,0x4f,0xff,0xff,
  0xff,0xff,0xfb,0x4f,0xff,0xff,0xff,0xff,0xfb,0x4f,0xff,0xff,0xff,0xff,0xfb,0x4f,0xff,0xff,0xff,0xff,
  0xfb,0x4f,0xff,0xff,0xff,0xff,0xfb,0x4f,0xff,0xff,0xff,0xff,0xfb,0x4f,0xff,0xff,0xff,0xff,0xfb,0x4f,
  0xff,0xff,0xff,0xff,0xfb,0x4f,0xff,0xff,0xff,0xff,0xfb,0x00,0x28,0xbb,0x82,0x00,0x00,0x5f,0xff,0xff,
  0xf5,0x00,0x0e,0xf7,0x00,0x7f,0xe1,0x03,0xfc,0x00,0x00,0xcf,0x40,0x4f,0xb0,0x00,0x0c,0xf3,0x04,0xfb,
  0x00,0x04,0xfc,0x00,0x4f,0xb0,0x6c,0xfa,0x10,0x04,0xfb,0x08,0xef,0xfa,0x10,0x4f,0xb0,0x00,0x1a,0xfa,
  0x04,0xfb,0x00,0x00,0x0e,0xf1,0x4f,0xb0,0x00,0x00,0xef,0x24,0xfb,0x00,0x00,0x5f,0xe0,0x4f,0xb0,0x6a,
  0xcf,0xf6,0x04,0xfb,0x09,0xfe,0xc5,0x00,0x4b,0x60,0x00,0x0a,0xb0,0x06,0xf8,0x00,0x00,0xef,0x00,0x6f,
  0x80,0x00,0x0e,0xf0,0x06,0xf8,0x00,0x00,0xef,0x00,0x6f,0x80,0x00,0x0e,0xf0,0x06,0xf8,0x00,0x00,0xef,
  0x00,0x6f,0x90,0x00,0x0f,0xf0,0x06,0xfd,0x10,0x05,0xff,0x10,0x6f,0xfd,0x89,0xed,0xfc,0x36,0xf9,0x9e,
  0xd6,0x3c,0xf4,0x6f,0x80,0x00,0x00,0x00,0x06,0xf8,0x00,0x00,0x00,0x00,0x6f,0x80,0x00,0x00,0x00,0x04,
  0xb6,0x00,0x00,0x00,0x00,0x00,0x6a,0xb7,0x10,0x00,0x4a,0xb9,0x20,0x01,0xcf,0xff,0xfe,0x30,0xaf,0xff,
  0xfe,0x40,0x7f,0xb3,0x28,0xfe,0xbf,0xc4,0x26,0xfd,0x0c,0xf1,0x00,0x07,0xff,0xc1,0x00,0x0a,0xf3,0xcf,
  0x10,0x00,0x4f,0xfa,0x00,0x00,0x9f,0x49,0xf8,0x00,0x5e,0xfe,0xf9,0x10,0x3e,0xe1,0x2e,0xfe,0xdf,0xf7,
  0x2d,0xfe,0xdf,0xf7,0x00,0x2a,0xee,0xb4,0x00,0x18,0xdf,0xd6,0x00,0x00,0x01,0x42,0x00,0x00,0x00,0x05,
  0xf7,0x00,0x00,0x00,0x05,0xf7,0x00,0x00,0x9a,0xac,0xfc,0xaa,0xa0,0xef,0xff,0xff,0xff,0xf0,0x00,0x05,
  0xf7,0x00,0x00,0x00,0x05,0xf7,0x00,0x00,0x00,0x04,0xb5,0x00,0x00,0x33,0x33,0x33,0x33,0x30,0xef,0xff,
  0xff,0xff,0xf0,0x77,0x77,0x77,0x77,0x70,0x51,0x00,0x00,0x00,0x00,0xef,0xb6,0x10,0x00,0x00,0x6b,0xff,
  0xfb,0x61,0x00,0x00,0x15,0x9e,0xff,0xb0,0x00,0x00,0x49,0xff,0xf0,0x16,0xae,0xff,0xb6,0x10,0xef,0xfb,
  0x61,0x00,0x00,0xa6,0x10,0x00,0x00,0x00,0x33,0x33,0x33,0x33,0x30,0xef,0xff,0xff,0xff,0xf0,0x77,0x77,
  0x77,0x77,0x70,0x00,0x00,0x00,0x01,0x50,0x00,0x00,0x15,0xae,0xf0,0x01,0x6a,0xff,0xfb,0x70,0xaf,0xfe,
  0xa5,0x10,0x00,0xef,0xfa,0x51,0x00,0x00,0x15,0xaf,0xff,0xb6,0x20,0x00,0x01,0x5a,0xef,0xf0,0x00,0x00,
  0x00,0x15,0xa0,0x33,0x33,0x33,0x33,0x30,0xef,0xff,0xff,0xff,0xf0,0x77,0x77,0x77,0x77,0x70,0x00,0x00,
  0x30,0x00,0x00,0x00,0x9f,0xa0,0x00,0x00,0x0a,0xfb,0x00,0x00,0x00,0x27,0x20,0x00,0x34,0x44,0x44,0x44,
  0x4d,0xff,0xff,0xff,0xff,0x67,0x77,0x77,0x77,0x60,0x00,0x03,0x00,0x00,0x00,0x09,0xfa,0x00,0x00,0x00,
  0xaf,0xb0,0x00,0x00,0x02,0x72,0x00,0x00,0x00,0x13,0x10,0x00,0x00,0x00,0x6f,0xff,0x80,0x05,0xe4,0x1f,
  0xe7,0xbf,0xc7,0xdf,0x23,0xe7,0x00,0x7e,0xff,0x70,0x00,0x13,0x10,0x13,0x20,0x00,0x5e,0xfe,0x60,0x05,
  0xd4,0x1e,0xe8,0xcf,0x93,0xbf,0x33,0xf8,0x00,0x9f,0xff,0xa0,0x12,0x10,0x00,0x47,0x50,0x00,0x01,0x8b,
  0x92,0x01,0xdf,0xce,0xe2,0x7f,0x30,0x2e,0x99,0xe0,0x00,0xcb,0x6f,0x70,0x5f,0x70,0xbf,0xff,0xc1,0x00,
  0x57,0x50,0x00,0x3b,0x69,0xfe,0x3b,0x60,0x00,0x00,0x00,0x00,0x6d,0x70,0x00,0x00,0x00,0x0b,0xf3,0x00,
  0x00,0x00,0x02,0xfd,0x00,0x00,0x00,0x00,0x7f,0x80,0x00,0x00,0x00,0x0c,0xf3,0x00,0x00,0x00,0x02,0xfc,
  0x00,0x33,0x31,0x00,0x7f,0x70,0x0d,0xff,0xa0,0x0c,0xf2,0x00,0x77,0xee,0x12,0xfb,0x00,0x00,0x09,0xf5,
  0x7f,0x60,0x00,0x00,0x3f,0xac,0xf1,0x00,0x00,0x00,0xdf,0xfb,0x00,0x00,0x00,0x07,0xff,0x50,0x00,0x00,
  0x00,0x1f,0xe1,0x00,0x00,0x03,0x89,0x60,0x05,0xfd,0xcf,0xb0,0xbe,0x10,0x9f,0x22,0x20,0x0b,0xe1,0x00,
  0x1b,0xf6,0x00,0x4d,0xe4,0x00,0x6f,0xe7,0x66,0x1c,0xff,0xff,0xf3,0xdd,0xdd,0xdd,0xdd,0xdd,0xdd,0xdb,
  0xff,0xff,0xff,0xff,0xff,0xff,0xfd,0xff,0xff,0xff,0xff,0xff,0xff,0xfd,0xff,0xff,0xff,0xff,0xff,0xff,
  0xfd,0xff,0xff,0xff,0xff,0xff,0xff,0xfd,0xff,0xff,0xff,0xff,0xff,0xff,0xfd,0xff,0xff,0xff,0xff,0xff,
  0xff,0xfd,0xff,0xff,0xff,0xff,0xff,0xff,0xfd,0xff,0xff,0xff,0xff,0xff,0xff,0xfd,0xff,0xff,0xff,0xff,
  0xff,0xff,0xfd,0xff,0xff,0xff,0xff,0xff,0xff,0xfd,0xff,0xff,0xff,0xff,0xff,0xff,0xfd,0xff,0xff,0xff,
  0xff,0xff,0xff,0xfd,0xff,0xff,0xff,0xff,0xff,0xff,0xfd,
};
static const aa::Glyph kMsgGlyphs[] = {
  { 0, 15, 16, 2, -15, 17 },
  { 120, 15, 16, 2, -15, 17 },
  { 240, 18, 15, 1, -14, 19 },
  { 375, 11, 15, 2, -14, 14 },
  { 458, 12, 14, 1, -13, 14 },
  { 542, 12, 15, 1, -14, 14 },
  { 632, 6, 7, 2, -9, 9 },
  { 653, 16, 15, 1, -14, 17 },
  { 773, 13, 14, 2, -14, 14 },
  { 864, 9, 18, 3, -14, 14 },
  { 945, 11, 15, 1, -15, 13 },
  { 1028, 18, 18, 1, -16, 20 },
  { 1190, 15, 18, 2, -16, 17 },
  { 1325, 16, 18, 1, -16, 17 },
  { 1469, 13, 22, 2, -17, 16 },
  { 1612, 9, 14, 1, -14, 11 },
  { 1675, 9, 17, 1, -14, 10 },
  { 1752, 13, 15, 2, -15, 16 },
  { 1850, 13, 15, 2, -14, 16 },
  { 1948, 15, 14, 2, -13, 18 },
  { 2053, 14, 14, 2, -13, 18 },
  { 2151, 12, 4, 1, -3, 13 },
  { 2175, 22, 14, 2, -13, 25 },
  { 2329, 18, 15, 1, -15, 19 },
  { 2464, 18, 15, 1, -14, 19 },
  { 2599, 0, 0, 0, 0, 5 },
  { 2599, 3, 15, 1, -14, 4 },
  { 2622, 6, 5, 2, -14, 8 },
  { 2637, 13, 14, 0, -14, 12 },
  { 2728, 11, 18, 1, -16, 12 },
  { 2827, 15, 15, 1, -14, 17 },
  { 2940, 12, 15, 1, -14, 12 },
  { 3030, 2, 5, 2, -14, 5 },
  { 3035, 5, 18, 1, -15, 6 },
  { 3080, 6, 18, 0, -15, 6 },
  { 3134, 8, 8, 1, -14, 9 },
  { 3166, 10, 10, 2, -10, 12 },
  { 3216, 3, 5, 1, -2, 4 },
  { 3224, 7, 3, 1, -7, 8 },
  { 3235, 3, 4, 1, -3, 4 },
  { 3241, 7, 17, 0, -15, 6 },
  { 3301, 11, 15, 1, -14, 12 },
  { 3384, 7, 14, 0, -14, 7 },
  { 3433, 10, 14, 1, -14, 11 },
  { 3503, 11, 15, 1, -14, 12 },
  { 3586, 11, 14, 1, -14, 12 },
  { 3663, 10, 15, 1, -14, 11 },
  { 3738, 11, 15, 1, -14, 11 },
  { 3821, 11, 14, 0, -14, 10 },
  { 3898, 11, 15, 1, -14, 11 },
  { 3981, 11, 15, 1, -14, 11 },
  { 4064, 3, 11, 1, -10, 4 },
  { 4081, 4, 13, 1, -10, 4 },
  { 4107, 10, 11, 1, -11, 12 },
  { 4162, 9, 7, 2, -9, 12 },
  { 4194, 10, 11, 2, -11, 12 },
  { 4249, 9, 15, 1, -14, 10 },
  { 4317, 18, 18, 1, -14, 19 },
  { 4479, 14, 14, 0, -14, 13 },
  { 4577, 11, 14, 1, -14, 12 },
  { 4654, 13, 15, 1, -14, 14 },
  { 4752, 12, 14, 1, -14, 13 },
  { 4836, 11, 14, 1, -14, 11 },
  { 4913, 10, 14, 1, -14, 11 },
  { 4983, 13, 15, 1, -14, 14 },
  { 5081, 12, 14, 1, -14, 14 },
  { 5165, 3, 14, 1, -14, 5 },
  { 5186, 9, 15, 1, -14, 10 },
  { 5254, 12, 14, 1, -14, 12 },
  { 5338, 10, 14, 1, -14, 10 },
  { 5408, 15, 14, 1, -14, 17 },
  { 5513, 12, 14, 1, -14, 14 },
  { 5597, 13, 15, 1, -14, 14 },
  { 5695, 11, 14, 1, -14, 12 },
  { 5772, 13, 16, 1, -14, 14 },
  { 5876, 12, 14, 1, -14, 12 },
  { 5960, 11, 15, 1, -14, 12 },
  { 6043, 12, 14, 0, -14, 12 },
  { 6127, 12, 15, 1, -14, 13 },
  { 6217, 14, 14, 0, -14, 13 },
  { 6315, 19, 14, 0, -14, 18 },
  { 6448, 13, 14, 0, -14, 13 },
  { 6539, 13, 14, 0, -14, 13 },
  { 6630, 11, 14, 1, -14, 12 },
  { 6707, 5, 18, 1, -15, 6 },
  { 6752, 7, 17, 0, -15, 6 },
  { 6812, 4, 18, 1, -15, 6 },
  { 6848, 9, 7, 0, -14, 8 },
  { 6880, 10, 2, 0, 0, 9 },
  { 6890, 4, 3, 1, -14, 5 },
  { 6896, 9, 11, 1, -10, 10 },
  { 6946, 10, 15, 1, -14, 11 },
  { 7021, 10, 11, 1, -10, 10 },
  { 7076, 10, 15, 1, -14, 11 },
  { 7151, 10, 11, 1, -10, 10 },
  { 7206, 7, 14, 0, -14, 6 },
  { 7255, 10, 14, 1, -10, 11 },
  { 7325, 10, 14, 1, -14, 11 },
  { 7395, 3, 14, 1, -14, 4 },
  { 7416, 5, 18, -1, -14, 4 },
  { 7461, 10, 14, 1, -14, 10 },
  { 7531, 3, 14, 1, -14, 4 },
  { 7552, 15, 10, 1, -10, 16 },
  { 7627, 10, 10, 1, -10, 11 },
  { 7677, 10, 11, 1, -10, 11 },
  { 7732, 10, 14, 1, -10, 11 },
  { 7802, 10, 14, 1, -10, 11 },
  { 7872, 6, 10, 1, -10, 6 },
  { 7902, 9, 11, 1, -10, 9 },
  { 7952, 7, 13, 0, -13, 6 },
  { 7998, 10, 11, 1, -10, 11 },
  { 8053, 11, 10, 0, -10, 10 },
  { 8108, 15, 10, 0, -10, 15 },
  { 8183, 11, 10, 0, -10, 10 },
  { 8238, 11, 14, 0, -10, 10 },
  { 8315, 8, 10, 1, -10, 9 },
  { 8355, 7, 18, 1, -15, 8 },
  { 8418, 3, 24, 2, -19, 6 },
  { 8454, 7, 18, 1, -15, 8 },
  { 8517, 11, 5, 1, -8, 12 },
  { 8545, 11, 15, 1, -14, 13 },
  { 8628, 13, 18, 1, -14, 14 },
  { 8745, 10, 15, 1, -14, 11 },
  { 8820, 10, 15, 1, -14, 10 },
  { 8895, 9, 15, 1, -14, 10 },
  { 8963, 9, 15, 1, -14, 10 },
  { 9031, 9, 15, 1, -14, 10 },
  { 9099, 9, 16, 1, -15, 10 },
  { 9171, 10, 14, 1, -10, 10 },
  { 9241, 10, 15, 1, -14, 10 },
  { 9316, 10, 15, 1, -14, 10 },
  { 9391, 10, 15, 1, -14, 10 },
  { 9466, 7, 14, -1, -14, 4 },
  { 9515, 7, 14, -1, -14, 4 },
  { 9564, 5, 14, -1, -14, 4 },
  { 9599, 14, 18, 0, -18, 13 },
  { 9725, 14, 19, 0, -19, 13 },
  { 9858, 11, 18, 1, -18, 11 },
  { 9957, 16, 11, 1, -10, 17 },
  { 10045, 19, 14, 0, -14, 19 },
  { 10178, 10, 15, 1, -14, 11 },
  { 10253, 10, 15, 1, -14, 11 },
  { 10328, 10, 15, 1, -14, 11 },
  { 10403, 10, 15, 1, -14, 11 },
  { 10478, 10, 15, 1, -14, 11 },
  { 10553, 11, 18, 0, -14, 10 },
  { 10652, 13, 19, 1, -18, 14 },
  { 10776, 12, 19, 1, -18, 13 },
  { 10890, 10, 14, 1, -14, 10 },
  { 10960, 11, 14, 1, -14, 11 },
  { 11037, 11, 14, 0, -14, 10 },
  { 11114, 9, 15, 1, -14, 10 },
  { 11182, 5, 14, 1, -14, 4 },
  { 11217, 10, 15, 1, -14, 11 },
  { 11292, 10, 15, 1, -14, 11 },
  { 11367, 10, 14, 1, -14, 11 },
  { 11437, 12, 18, 1, -18, 14 },
  { 11545, 7, 8, 1, -14, 8 },
  { 11573, 7, 8, 1, -14, 8 },
  { 11601, 10, 14, 1, -10, 10 },
  { 11671, 9, 5, 2, -7, 12 },
  { 11694, 15, 14, 0, -14, 15 },
  { 11799, 15, 14, 0, -14, 14 },
  { 11904, 4, 14, 1, -10, 4 },
  { 11932, 10, 9, 1, -10, 11 },
  { 11977, 11, 9, 0, -10, 11 },
  { 12027, 12, 21, 0, -17, 11 },
  { 12153, 12, 21, 0, -17, 11 },
  { 12279, 12, 21, 0, -17, 11 },
  { 12405, 12, 21, 0, -17, 11 },
  { 12531, 11, 14, 1, -14, 11 },
  { 12608, 11, 14, 1, -10, 11 },
  { 12685, 17, 8, 1, -10, 17 },
  { 12753, 10, 11, 2, -11, 12 },
  { 12808, 10, 11, 2, -11, 12 },
  { 12863, 10, 11, 2, -11, 12 },
  { 12918, 9, 11, 2, -11, 12 },
  { 12968, 11, 9, 1, -10, 12 },
  { 13018, 7, 7, 1, -14, 8 },
  { 13043, 3, 3, 1, -8, 4 },
  { 13048, 11, 14, 1, -14, 12 },
  { 13125, 7, 8, 1, -16, 7 },
  { 13153, 14, 14, 2, -14, 17 },
};
static const uint8_t kMsgIndex[256] = {
  0xff,0x00,0x01,0x02,0x03,0x04,0x05,0x06,0xff,0x07,0xff,0x08,0x09,0xff,0x0a,0x0b,0x0c,0x0d,0x0e,0xff,
  0x0f,0x10,0xff,0xff,0x11,0x12,0x13,0x14,0x15,0x16,0x17,0x18,0x19,0x1a,0x1b,0x1c,0x1d,0x1e,0x1f,0x20,
  0x21,0x22,0x23,0x24,0x25,0x26,0x27,0x28,0x29,0x2a,0x2b,0x2c,0x2d,0x2e,0x2f,0x30,0x31,0x32,0x33,0x34,
  0x35,0x36,0x37,0x38,0x39,0x3a,0x3b,0x3c,0x3d,0x3e,0x3f,0x40,0x41,0x42,0x43,0x44,0x45,0x46,0x47,0x48,
  0x49,0x4a,0x4b,0x4c,0x4d,0x4e,0x4f,0x50,0x51,0x52,0x53,0x54,0x55,0x56,0x57,0x58,0x59,0x5a,0x5b,0x5c,
  0x5d,0x5e,0x5f,0x60,0x61,0x62,0x63,0x64,0x65,0x66,0x67,0x68,0x69,0x6a,0x6b,0x6c,0x6d,0x6e,0x6f,0x70,
  0x71,0x72,0x73,0x74,0x75,0x76,0x77,0x78,0x79,0x7a,0x7b,0x7c,0x7d,0x7e,0x7f,0x80,0x81,0x82,0x83,0x84,
  0x85,0x86,0x87,0x88,0x89,0x8a,0x8b,0x8c,0x8d,0x8e,0x8f,0x90,0x91,0x92,0x93,0x94,0x95,0x96,0xff,0xff,
  0x97,0x98,0x99,0x9a,0x9b,0x9c,0x9d,0x9e,0x9f,0xff,0xa0,0xa1,0xa2,0xa3,0xa4,0xa5,0xa6,0xa7,0xa8,0xff,
  0xff,0xff,0xff,0xff,0xff,0xff,0xff,0xff,0xff,0xff,0xff,0xff,0xff,0xff,0xff,0xff,0xff,0xff,0xff,0xff,
  0xff,0xff,0xff,0xff,0xff,0xff,0xff,0xff,0xff,0xff,0xff,0xff,0xff,0xff,0xff,0xff,0xff,0xff,0xff,0xa9,
  0xff,0xff,0xff,0xff,0xff,0xaa,0xff,0xff,0xff,0xff,0xab,0xff,0xff,0xff,0xff,0xff,0xac,0xff,0xff,0xff,
  0xff,0xad,0xae,0xaf,0xff,0xff,0xb0,0xb1,0xb2,0xff,0xb3,0xb4,0xff,0xb5,0xb6,0xff,
};
const aa::Font kFontMsg = { kMsgBits, kMsgGlyphs, kMsgIndex, 18, 5, 14, 56 };

static const uint8_t kMask0[] = {
  0x00,0x00,0x00,0x07,0x70,0x00,0x00,0x00,0x00,0x00,0x00,0x0b,0xa0,0x00,0x00,0x00,0x00,0x77,0x00,0x0b,
  0xa0,0x00,0x77,0x00,0x00,0x7f,0x80,0x04,0x40,0x08,0xf7,0x00,0x00,0x08,0xd0,0x01,0x10,0x0d,0x80,0x00,
  0x00,0x00,0x01,0xbf,0xfb,0x10,0x00,0x00,0x00,0x00,0x0b,0xff,0xff,0xb0,0x00,0x00,0x7a,0xa4,0x1f,0xff,
  0xff,0xf1,0x4a,0xa7,0x7b,0xb4,0x1f,0xff,0xff,0xf1,0x4b,0xb7,0x00,0x00,0x0b,0xff,0xff,0xb0,0x00,0x00,
  0x00,0x00,0x01,0xbf,0xfb,0x10,0x00,0x00,0x00,0x08,0xd0,0x01,0x10,0x0d,0x80,0x00,0x00,0x7f,0x80,0x04,
  0x40,0x08,0xf7,0x00,0x00,0x77,0x00,0x0a,0xb0,0x00,0x77,0x00,0x00,0x00,0x00,0x0a,0xb0,0x00,0x00,0x00,
  0x00,0x00,0x00,0x07,0x70,0x00,0x00,0x00,
};
static const uint8_t kMask1[] = {
  0x00,0x00,0x0c,0x40,0x00,0x00,0x00,0x00,0x07,0x40,0x0c,0x50,0x0a,0x20,0x00,0x00,0x04,0xe4,0x02,0x00,
  0x9b,0x10,0x00,0x00,0x00,0x42,0x39,0x81,0x51,0x00,0x00,0x00,0x00,0x03,0xff,0xfc,0x00,0x00,0x00,0x00,
  0xcc,0x29,0xff,0xff,0x38,0xaa,0x00,0x00,0x45,0x08,0xff,0xff,0x37,0x95,0x00,0x00,0x00,0x01,0xcf,0xf8,
  0xdf,0xfe,0x50,0x00,0x00,0x95,0x03,0x4c,0xff,0xff,0xe1,0x00,0x0a,0xb1,0x09,0xff,0xff,0xff,0xf5,0x00,
  0x02,0x10,0x3f,0xff,0xff,0xff,0xf5,0x00,0x00,0x00,0x8f,0xff,0xff,0xff,0xfe,0x30,0x00,0x00,0xff,0xff,
  0xff,0xff,0xff,0x90,0x00,0x00,0xbf,0xff,0xff,0xff,0xff,0x60,0x00,0x00,0x17,0x77,0x77,0x77,0x75,0x00,
  0x00,0x00,0x00,0x00,0x00,0x00,0x00,0x00,
};
static const uint8_t kMask2[] = {
  0x00,0x00,0x00,0x00,0x00,0x00,0x00,0x00,0x00,0x00,0x00,0x00,0x00,0x00,0x00,0x00,0x00,0x00,0x00,0x00,
  0x00,0x00,0x00,0x00,0x00,0x00,0x00,0x06,0xcd,0xa3,0x00,0x00,0x00,0x00,0x00,0xaf,0xff,0xff,0x50,0x00,
  0x00,0x00,0x17,0xff,0xff,0xff,0xe1,0x00,0x00,0x08,0xff,0xff,0xff,0xff,0xf5,0x00,0x00,0x4f,0xff,0xff,
  0xff,0xff,0xf5,0x00,0x00,0x9f,0xff,0xff,0xff,0xff,0xf7,0x00,0x01,0xef,0xff,0xff,0xff,0xff,0xff,0x80,
  0x05,0xff,0xff,0xff,0xff,0xff,0xff,0xd0,0x03,0xff,0xff,0xff,0xff,0xff,0xff,0xa0,0x00,0x5c,0xdd,0xdd,
  0xdd,0xdd,0xda,0x10,0x00,0x00,0x00,0x00,0x00,0x00,0x00,0x00,0x00,0x00,0x00,0x00,0x00,0x00,0x00,0x00,
  0x00,0x00,0x00,0x00,0x00,0x00,0x00,0x00,
};
static const uint8_t kMask3[] = {
  0x00,0x00,0x00,0x00,0x23,0x10,0x00,0x00,0x00,0x00,0x00,0x2c,0xff,0xf7,0x00,0x00,0x00,0x00,0x01,0xdf,
  0xff,0xff,0x70,0x00,0x00,0x01,0x8c,0xff,0xff,0xff,0xe0,0x00,0x00,0x1d,0xff,0xff,0xff,0xff,0xf2,0x00,
  0x00,0x6f,0xff,0xff,0xff,0xff,0xf1,0x00,0x00,0x9f,0xff,0xff,0xff,0xff,0xfd,0x20,0x01,0xff,0xff,0xff,
  0xff,0xff,0xff,0x80,0x01,0xff,0xff,0xff,0xff,0xff,0xff,0x80,0x00,0x6f,0xff,0xff,0xff,0xff,0xfc,0x10,
  0x00,0x01,0x22,0x22,0x22,0x22,0x20,0x00,0x00,0x00,0x7a,0x04,0xc1,0x2c,0x20,0x00,0x00,0x00,0xea,0x0b,
  0xd0,0x7f,0x10,0x00,0x00,0x05,0xf4,0x2f,0x70,0xda,0x00,0x00,0x00,0x0a,0xd0,0x7f,0x14,0xf4,0x00,0x00,
  0x00,0x04,0x40,0x26,0x01,0x60,0x00,0x00,
};
static const uint8_t kMask4[] = {
  0x00,0x00,0x00,0x00,0x23,0x10,0x00,0x00,0x00,0x00,0x00,0x2c,0xff,0xf7,0x00,0x00,0x00,0x00,0x01,0xdf,
  0xff,0xff,0x70,0x00,0x00,0x01,0x8c,0xff,0xff,0xff,0xe0,0x00,0x00,0x1d,0xff,0xff,0xff,0xff,0xf2,0x00,
  0x00,0x6f,0xff,0xff,0xff,0xff,0xf1,0x00,0x00,0x9f,0xff,0xff,0xe9,0x9c,0xfd,0x20,0x01,0xff,0xff,0xff,
  0x40,0x0b,0xff,0x80,0x01,0xff,0xff,0xf8,0x7b,0x4f,0xff,0x80,0x00,0x6f,0xff,0xc4,0xf4,0xbf,0xfc,0x10,
  0x00,0x01,0x22,0x2d,0xc2,0x20,0x00,0x00,0x00,0x00,0x00,0xbf,0xff,0x70,0x00,0x00,0x00,0x00,0x01,0x46,
  0xf9,0x00,0x00,0x00,0x00,0x00,0x00,0x08,0xa0,0x00,0x00,0x00,0x00,0x00,0x00,0x0a,0x10,0x00,0x00,0x00,
  0x00,0x00,0x00,0x21,0x00,0x00,0x00,0x00,
};
static const uint8_t kMask5[] = {
  0x00,0x00,0x00,0x00,0x23,0x10,0x00,0x00,0x00,0x00,0x00,0x2c,0xff,0xf7,0x00,0x00,0x00,0x00,0x01,0xdf,
  0xff,0xff,0x70,0x00,0x00,0x01,0x8c,0xff,0xff,0xff,0xe0,0x00,0x00,0x1d,0xff,0xff,0xff,0xff,0xf2,0x00,
  0x00,0x6f,0xff,0xff,0xff,0xff,0xf1,0x00,0x00,0x9f,0xff,0xff,0xff,0xff,0xfd,0x20,0x01,0xff,0xff,0xff,
  0xff,0xff,0xff,0x80,0x01,0xff,0xff,0xff,0xff,0xff,0xff,0x80,0x00,0x6f,0xff,0xff,0xff,0xff,0xfc,0x10,
  0x00,0x01,0x22,0x22,0x22,0x22,0x20,0x00,0x00,0x00,0x21,0x00,0x00,0x12,0x00,0x00,0x00,0x02,0xfb,0x00,
  0x00,0xbf,0x20,0x00,0x00,0x01,0xb7,0x09,0x90,0x7b,0x10,0x00,0x00,0x00,0x00,0x1f,0xf1,0x00,0x00,0x00,
  0x00,0x00,0x00,0x05,0x50,0x00,0x00,0x00,
};
static const uint8_t kMask6[] = {
  0x00,0x00,0x00,0x06,0xcd,0xa2,0x00,0x00,0x00,0x00,0x00,0xaf,0xff,0xfe,0x30,0x00,0x00,0x00,0x38,0xff,
  0xff,0xff,0xc0,0x00,0x00,0x08,0xff,0xff,0xff,0xff,0xf1,0x00,0x00,0x4f,0xff,0xff,0xff,0xff,0xf1,0x00,
  0x00,0x8f,0xff,0xff,0xff,0xff,0xf8,0x00,0x00,0xef,0xff,0xff,0xff,0xff,0xff,0x70,0x02,0xff,0xff,0xff,
  0xff,0xff,0xff,0x90,0x00,0xbf,0xff,0xff,0xff,0xff,0xff,0x30,0x00,0x06,0x77,0x77,0x77,0x77,0x73,0x00,
  0x00,0x32,0x22,0x22,0x22,0x22,0x00,0x00,0x07,0xff,0xff,0xff,0xff,0xfe,0x00,0x00,0x00,0x44,0x44,0x44,
  0x44,0x42,0x00,0x00,0x00,0x00,0x79,0x99,0x99,0x99,0x99,0x60,0x00,0x00,0xbb,0xbb,0xbb,0xbb,0xbb,0xa0,
  0x00,0x00,0x00,0x00,0x00,0x00,0x00,0x00,
};
static const uint8_t kMask7[] = {
  0x00,0x00,0x00,0x00,0x00,0x00,0x00,0x00,0x00,0x00,0x00,0x00,0x00,0x00,0x00,0x00,0x00,0x00,0x01,0x51,
  0x00,0x00,0x00,0x00,0x00,0x00,0x8f,0x80,0x00,0x00,0x00,0x00,0x00,0x0a,0xff,0x10,0x00,0x00,0x00,0x00,
  0x00,0x6f,0xfc,0x00,0x00,0x00,0x00,0x00,0x00,0xcf,0xfb,0x00,0x00,0x00,0x00,0x00,0x01,0xff,0xfe,0x00,
  0x00,0x00,0x00,0x00,0x02,0xff,0xff,0x60,0x00,0x00,0x00,0x00,0x00,0xff,0xff,0xe3,0x00,0x00,0x00,0x00,
  0x00,0xaf,0xff,0xfe,0x72,0x01,0x60,0x00,0x00,0x3f,0xff,0xff,0xff,0xff,0x80,0x00,0x00,0x05,0xff,0xff,
  0xff,0xfa,0x00,0x00,0x00,0x00,0x3a,0xff,0xfc,0x60,0x00,0x00,0x00,0x00,0x00,0x02,0x10,0x00,0x00,0x00,
  0x00,0x00,0x00,0x00,0x00,0x00,0x00,0x00,
};
static const uint8_t kMask8[] = {
  0x00,0x00,0x16,0x00,0x00,0x62,0x00,0x00,0x00,0x00,0x7f,0x20,0x00,0xf7,0x00,0x00,0x00,0x01,0x7f,0x32,
  0x22,0xf8,0x10,0x00,0x00,0x6f,0xff,0xff,0xff,0xff,0xf7,0x00,0x01,0xff,0xff,0xff,0xff,0xff,0xff,0x20,
  0x02,0xff,0xff,0xff,0xff,0xff,0xff,0x40,0x02,0xf8,0x22,0x22,0x22,0x22,0x7f,0x40,0x02,0xf4,0x5b,0x28,
  0x91,0xb6,0x2f,0x40,0x02,0xf4,0x6d,0x39,0xb1,0xd7,0x2f,0x40,0x02,0xf4,0x02,0x01,0x10,0x00,0x2f,0x40,
  0x02,0xf4,0x7f,0x3b,0xd0,0x00,0x2f,0x40,0x02,0xf4,0x49,0x26,0x70,0x00,0x2f,0x40,0x01,0xf9,0x22,0x22,
  0x22,0x22,0x7f,0x30,0x00,0x7f,0xff,0xff,0xff,0xff,0xf8,0x00,0x00,0x02,0x44,0x44,0x44,0x44,0x30,0x00,
  0x00,0x00,0x00,0x00,0x00,0x00,0x00,0x00,
};
static const uint8_t kMask9[] = {
  0x00,0x00,0x00,0x00,0x00,0x00,0x00,0x00,0x00,0x00,0x00,0x02,0x20,0x00,0x00,0x00,0x00,0x00,0x00,0x0e,
  0xe0,0x00,0x00,0x00,0x00,0x00,0x01,0x8f,0xf8,0x10,0x00,0x00,0x00,0x00,0x0b,0xff,0xff,0xb0,0x00,0x00,
  0x00,0x00,0x6f,0xff,0xff,0xf6,0x00,0x00,0x00,0x00,0x9f,0xff,0xff,0xf9,0x00,0x00,0x00,0x00,0xbf,0xff,
  0xff,0xfb,0x00,0x00,0x00,0x00,0xcf,0xff,0xff,0xfc,0x00,0x00,0x00,0x03,0xff,0xff,0xff,0xff,0x30,0x00,
  0x00,0x6d,0xff,0xff,0xff,0xff,0xd7,0x00,0x01,0xff,0xff,0xff,0xff,0xff,0xff,0x30,0x00,0x24,0x44,0x6f,
  0xf6,0x44,0x43,0x00,0x00,0x00,0x00,0x7f,0xf7,0x00,0x00,0x00,0x00,0x00,0x00,0x2d,0xd2,0x00,0x00,0x00,
  0x00,0x00,0x00,0x00,0x00,0x00,0x00,0x00,
};
static const uint8_t kMask10[] = {
  0x00,0x00,0x00,0x00,0x00,0x00,0x00,0x00,0x00,0x00,0x00,0x00,0x00,0x00,0x00,0x00,0x00,0x00,0x55,0x10,
  0x01,0x55,0x00,0x00,0x00,0x2d,0xff,0xf5,0x5f,0xff,0xd2,0x00,0x00,0xdf,0xff,0xff,0xff,0xff,0xfd,0x00,
  0x03,0xff,0xff,0xff,0xff,0xff,0xff,0x30,0x03,0xff,0xff,0xff,0xff,0xff,0xff,0x30,0x00,0xef,0xff,0xff,
  0xff,0xff,0xfe,0x00,0x00,0x7f,0xff,0xff,0xff,0xff,0xf7,0x00,0x00,0x07,0xff,0xff,0xff,0xff,0x70,0x00,
  0x00,0x00,0x7f,0xff,0xff,0xf7,0x00,0x00,0x00,0x00,0x05,0xff,0xff,0x70,0x00,0x00,0x00,0x00,0x00,0x6f,
  0xf7,0x00,0x00,0x00,0x00,0x00,0x00,0x07,0x90,0x00,0x00,0x00,0x00,0x00,0x00,0x00,0x00,0x00,0x00,0x00,
  0x00,0x00,0x00,0x00,0x00,0x00,0x00,0x00,
};
static const uint8_t kMask11[] = {
  0x00,0x00,0x00,0x00,0x00,0x00,0x00,0x00,0x00,0x00,0x00,0x01,0x30,0x00,0x00,0x00,0x00,0x00,0x00,0x07,
  0x80,0x00,0x00,0x00,0x00,0x00,0x00,0x0d,0xe0,0x00,0x00,0x00,0x00,0x00,0x00,0x4f,0xf4,0x00,0x00,0x00,
  0x00,0x00,0x00,0xaf,0xfa,0x00,0x00,0x00,0x06,0xbc,0xdd,0xff,0xff,0xdd,0xcb,0x60,0x00,0x6f,0xff,0xff,
  0xff,0xff,0xf6,0x00,0x00,0x04,0xef,0xff,0xff,0xfe,0x40,0x00,0x00,0x00,0x2f,0xff,0xff,0xf2,0x00,0x00,
  0x00,0x00,0x4f,0xff,0xff,0xf4,0x00,0x00,0x00,0x00,0x8f,0xfd,0xdf,0xf8,0x00,0x00,0x00,0x00,0xcf,0x91,
  0x08,0xfc,0x00,0x00,0x00,0x01,0xd4,0x00,0x00,0x3c,0x10,0x00,0x00,0x01,0x10,0x00,0x00,0x00,0x10,0x00,
  0x00,0x00,0x00,0x00,0x00,0x00,0x00,0x00,
};
static const uint8_t kMask12[] = {
  0x00,0x00,0x00,0x00,0x00,0x00,0x00,0x00,0x00,0x00,0x00,0x00,0x00,0x00,0x00,0x00,0x00,0x3a,0xbb,0xbb,
  0xbb,0xbb,0xa4,0x00,0x03,0xff,0xff,0xff,0xff,0xff,0xff,0x40,0x0a,0xff,0xff,0xff,0xff,0xff,0xff,0xc0,
  0x0b,0xff,0xff,0xff,0xff,0xff,0xff,0xd0,0x0b,0xff,0xff,0xff,0xff,0xff,0xff,0xd0,0x0b,0xff,0xff,0xff,
  0xff,0xff,0xff,0xd0,0x0b,0xff,0xff,0xff,0xff,0xff,0xff,0xd0,0x07,0xff,0xff,0xff,0xff,0xff,0xff,0x90,
  0x01,0xbf,0xff,0xff,0xff,0xff,0xfc,0x10,0x00,0x09,0xff,0x76,0x66,0x66,0x40,0x00,0x00,0x09,0xf5,0x00,
  0x00,0x00,0x00,0x00,0x00,0x0a,0x40,0x00,0x00,0x00,0x00,0x00,0x00,0x02,0x00,0x00,0x00,0x00,0x00,0x00,
  0x00,0x00,0x00,0x00,0x00,0x00,0x00,0x00,
};
static const uint8_t kMask13[] = {
  0x00,0x00,0x00,0x00,0x00,0x00,0x00,0x00,0x00,0x00,0x00,0x00,0x00,0x00,0x00,0x00,0x00,0x00,0x00,0x00,
  0x00,0x00,0x00,0x00,0x00,0x00,0x00,0x00,0x00,0x00,0x3e,0x90,0x00,0x00,0x00,0x00,0x00,0x01,0xcf,0xb0,
  0x00,0x00,0x00,0x00,0x00,0x1b,0xfd,0x10,0x00,0x00,0x00,0x00,0x00,0xaf,0xe2,0x00,0x02,0xb4,0x00,0x00,
  0x09,0xfe,0x30,0x00,0x07,0xff,0x50,0x00,0x8f,0xf3,0x00,0x00,0x01,0xbf,0xf5,0x07,0xff,0x50,0x00,0x00,
  0x00,0x1b,0xff,0x9f,0xf6,0x00,0x00,0x00,0x00,0x01,0xbf,0xff,0x70,0x00,0x00,0x00,0x00,0x00,0x1b,0xf8,
  0x00,0x00,0x00,0x00,0x00,0x00,0x00,0x10,0x00,0x00,0x00,0x00,0x00,0x00,0x00,0x00,0x00,0x00,0x00,0x00,
  0x00,0x00,0x00,0x00,0x00,0x00,0x00,0x00,
};
static const uint8_t kMask14[] = {
  0x00,0x00,0x00,0x00,0x00,0x00,0x00,0x00,0x00,0x00,0x00,0x01,0x20,0x00,0x00,0x00,0x00,0x00,0x00,0x08,
  0xa0,0x00,0x00,0x00,0x00,0x00,0x00,0x2f,0xf3,0x00,0x00,0x00,0x00,0x00,0x00,0xaf,0xfb,0x00,0x00,0x00,
  0x00,0x00,0x04,0xfb,0xbf,0x50,0x00,0x00,0x00,0x00,0x0c,0xf3,0x2f,0xd0,0x00,0x00,0x00,0x00,0x6f,0xf4,
  0x2f,0xf7,0x00,0x00,0x00,0x01,0xef,0xf4,0x2f,0xfe,0x10,0x00,0x00,0x08,0xff,0xf3,0x2f,0xff,0x90,0x00,
  0x00,0x2f,0xff,0xfb,0xbf,0xff,0xf2,0x00,0x06,0xdf,0xff,0xf3,0x3f,0xff,0xfd,0x70,0x0f,0xff,0xff,0xf3,
  0x3f,0xff,0xff,0xf2,0x0f,0xff,0xff,0xff,0xff,0xff,0xff,0xf1,0x04,0x77,0x77,0x77,0x77,0x77,0x77,0x40,
  0x00,0x00,0x00,0x00,0x00,0x00,0x00,0x00,
};
static const uint8_t kMask15[] = {
  0x00,0x00,0x00,0x00,0x00,0x00,0x00,0x00,0x66,0x00,0x00,0x00,0x00,0x00,0x00,0x00,0x00,0x00,0x00,0x00,
  0x00,0x00,0x00,0x00,0x06,0xff,0x60,0x00,0x00,0x00,0x00,0x00,0x00,0x00,0x00,0x00,0x00,0x00,0x00,0x00,
  0x00,0x07,0xff,0x60,0x00,0x00,0x00,0x00,0x00,0x00,0x00,0x00,0x00,0x00,0x00,0x00,0x00,0x00,0x07,0xff,
  0x60,0x00,0x00,0x00,0x00,0x00,0x00,0x00,0x00,0x00,0x00,0x10,0x00,0x00,0x00,0x07,0xff,0x60,0x00,0x00,
  0x00,0x01,0x00,0x00,0x00,0x00,0x00,0x0b,0xf8,0x00,0x00,0x00,0x07,0xff,0x70,0x00,0x00,0x00,0x8f,0xb0,
  0x00,0x00,0x00,0x00,0x1f,0xff,0x80,0x00,0x00,0x04,0xff,0x40,0x00,0x00,0x08,0xff,0xf1,0x00,0x00,0x00,
  0x00,0x08,0xff,0xf9,0x00,0x00,0x00,0x22,0x00,0x00,0x00,0x9f,0xff,0x80,0x00,0x00,0x00,0x00,0x00,0x8f,
  0xff,0x70,0x00,0x00,0x00,0x00,0x00,0x07,0xff,0xf8,0x00,0x00,0x00,0x00,0x00,0x00,0x09,0xff,0x80,0x00,
  0x00,0x00,0x00,0x00,0x08,0xff,0x90,0x00,0x00,0x00,0x00,0x00,0x00,0x00,0x78,0x10,0x00,0x15,0x77,0x51,
  0x00,0x01,0x87,0x00,0x00,0x00,0x00,0x00,0x00,0x00,0x00,0x00,0x00,0x07,0xef,0xff,0xfe,0x70,0x00,0x00,
  0x00,0x00,0x00,0x00,0x00,0x00,0x00,0x00,0x00,0x00,0xaf,0xff,0xff,0xff,0xfa,0x00,0x00,0x00,0x00,0x00,
  0x00,0x00,0x00,0x00,0x00,0x00,0x07,0xff,0xff,0xff,0xff,0xff,0x70,0x00,0x00,0x00,0x00,0x00,0x00,0x00,
  0x00,0x00,0x00,0x1e,0xff,0xff,0xff,0xff,0xff,0xe1,0x00,0x00,0x00,0x00,0x00,0x06,0x66,0x67,0x40,0x00,
  0x5f,0xff,0xff,0xff,0xff,0xff,0xf5,0x00,0x04,0x76,0x66,0x60,0x6f,0xff,0xff,0xf2,0x00,0x7f,0xff,0xff,
  0xff,0xff,0xff,0xf7,0x00,0x2f,0xff,0xff,0xf6,0x6f,0xff,0xff,0xf2,0x00,0x7f,0xff,0xff,0xff,0xff,0xff,
  0xf7,0x00,0x2f,0xff,0xff,0xf6,0x06,0x77,0x77,0x40,0x00,0x5f,0xff,0xff,0xff,0xff,0xff,0xf5,0x00,0x04,
  0x77,0x77,0x60,0x00,0x00,0x00,0x00,0x00,0x1e,0xff,0xff,0xff,0xff,0xff,0xe1,0x00,0x00,0x00,0x00,0x00,
  0x00,0x00,0x00,0x00,0x00,0x07,0xff,0xff,0xff,0xff,0xff,0x70,0x00,0x00,0x00,0x00,0x00,0x00,0x00,0x00,
  0x00,0x00,0x00,0xaf,0xff,0xff,0xff,0xfa,0x00,0x00,0x00,0x00,0x00,0x00,0x00,0x00,0x00,0x00,0x00,0x00,
  0x07,0xef,0xff,0xfe,0x70,0x00,0x00,0x00,0x00,0x00,0x00,0x00,0x00,0x00,0x00,0x78,0x10,0x00,0x15,0x77,
  0x51,0x00,0x01,0x87,0x00,0x00,0x00,0x00,0x00,0x00,0x00,0x09,0xff,0x80,0x00,0x00,0x00,0x00,0x00,0x08,
  0xff,0x90,0x00,0x00,0x00,0x00,0x00,0x00,0x8f,0xff,0x70,0x00,0x00,0x00,0x00,0x00,0x07,0xff,0xf8,0x00,
  0x00,0x00,0x00,0x00,0x08,0xff,0xf9,0x00,0x00,0x00,0x22,0x00,0x00,0x00,0x9f,0xff,0x80,0x00,0x00,0x00,
  0x00,0x1f,0xff,0x80,0x00,0x00,0x04,0xff,0x40,0x00,0x00,0x08,0xff,0xf1,0x00,0x00,0x00,0x00,0x0b,0xf8,
  0x00,0x00,0x00,0x07,0xff,0x70,0x00,0x00,0x00,0x8f,0xb0,0x00,0x00,0x00,0x00,0x00,0x10,0x00,0x00,0x00,
  0x06,0xff,0x70,0x00,0x00,0x00,0x01,0x00,0x00,0x00,0x00,0x00,0x00,0x00,0x00,0x00,0x00,0x06,0xff,0x70,
  0x00,0x00,0x00,0x00,0x00,0x00,0x00,0x00,0x00,0x00,0x00,0x00,0x00,0x00,0x06,0xff,0x70,0x00,0x00,0x00,
  0x00,0x00,0x00,0x00,0x00,0x00,0x00,0x00,0x00,0x00,0x00,0x06,0xff,0x60,0x00,0x00,0x00,0x00,0x00,0x00,
  0x00,0x00,0x00,0x00,0x00,0x00,0x00,0x00,0x00,0x66,0x00,0x00,0x00,0x00,0x00,0x00,0x00,0x00,
};
static const uint8_t kMask16[] = {
  0x00,0x00,0x00,0x00,0x00,0x0f,0xf5,0x00,0x00,0x00,0x00,0x00,0x00,0x00,0x00,0x00,0x00,0x00,0x00,0x00,
  0x00,0x00,0x0f,0xf4,0x00,0x00,0x00,0x00,0x00,0x00,0x00,0x00,0x00,0x00,0x00,0x02,0x10,0x00,0x00,0x0f,
  0xf4,0x00,0x00,0x00,0x30,0x00,0x00,0x00,0x00,0x00,0x00,0x00,0x2f,0xe2,0x00,0x00,0x0f,0xf5,0x00,0x00,
  0x0b,0xf7,0x00,0x00,0x00,0x00,0x00,0x00,0x00,0x1e,0xfe,0x20,0x00,0x05,0x80,0x00,0x00,0x9f,0xf6,0x00,
  0x00,0x00,0x00,0x00,0x00,0x00,0x02,0xef,0xe1,0x00,0x00,0x00,0x00,0x08,0xff,0x70,0x00,0x00,0x00,0x00,
  0x00,0x00,0x00,0x00,0x2e,0xf2,0x00,0x00,0x00,0x00,0x09,0xf9,0x00,0x00,0x00,0x00,0x00,0x00,0x00,0x00,
  0x00,0x01,0x20,0x02,0x8c,0xdb,0x50,0x00,0x30,0x00,0x00,0x00,0x00,0x00,0x00,0x00,0x00,0x00,0x00,0x00,
  0x3e,0xff,0xff,0xfa,0x00,0x00,0x00,0x00,0x00,0x00,0x00,0x00,0x00,0x00,0x00,0x00,0x02,0xef,0xff,0xff,
  0xff,0x80,0x00,0x00,0x00,0x00,0x00,0x00,0x00,0x00,0x00,0x00,0x00,0x08,0xff,0xff,0xff,0xff,0xf1,0x00,
  0x00,0x00,0x00,0x00,0x00,0x00,0x00,0xff,0xff,0x50,0x0c,0xff,0xff,0xff,0xff,0xf5,0x01,0xde,0xde,0xc0,
  0x00,0x00,0x00,0x00,0xff,0xff,0x80,0x0d,0xff,0xff,0xff,0xff,0xf6,0x02,0xff,0xff,0xf1,0x00,0x00,0x00,
  0x00,0x54,0x45,0x00,0x0b,0xff,0xff,0xff,0xff,0xf3,0x00,0x34,0x56,0x30,0x00,0x00,0x00,0x00,0x00,0x00,
  0x00,0x05,0xff,0xff,0xff,0xff,0xc0,0x16,0xab,0xa7,0x10,0x00,0x00,0x00,0x00,0x00,0x00,0x00,0x00,0xaf,
  0xff,0xff,0xfe,0x25,0xef,0xff,0xff,0xf7,0x00,0x00,0x00,0x00,0x00,0x00,0x00,0x00,0x08,0xff,0xff,0xc3,
  0x7f,0xff,0xff,0xff,0xff,0x80,0x00,0x00,0x00,0x00,0x00,0x08,0x90,0x00,0x15,0x63,0x03,0xff,0xff,0xff,
  0xff,0xff,0xf5,0x00,0x00,0x00,0x00,0x00,0x9f,0xf3,0x00,0x00,0x02,0x5c,0xff,0xff,0xff,0xff,0xff,0xfd,
  0x00,0x00,0x00,0x00,0x0b,0xff,0x90,0x00,0x02,0xbf,0xff,0xff,0xff,0xff,0xff,0xff,0xff,0x30,0x00,0x00,
  0x00,0x3f,0xf7,0x00,0x00,0x2e,0xff,0xff,0xff,0xff,0xff,0xff,0xff,0xff,0x50,0x00,0x00,0x00,0x07,0x60,
  0x00,0x00,0xaf,0xff,0xff,0xff,0xff,0xff,0xff,0xff,0xff,0x60,0x00,0x00,0x00,0x00,0x00,0x00,0x01,0xff,
  0xff,0xff,0xff,0xff,0xff,0xff,0xff,0xff,0x30,0x00,0x00,0x00,0x00,0x00,0x00,0x04,0xff,0xff,0xff,0xff,
  0xff,0xff,0xff,0xff,0xff,0xa2,0x00,0x00,0x00,0x00,0x00,0x00,0x0a,0xff,0xff,0xff,0xff,0xff,0xff,0xff,
  0xff,0xff,0xfe,0x20,0x00,0x00,0x00,0x00,0x00,0x3f,0xff,0xff,0xff,0xff,0xff,0xff,0xff,0xff,0xff,0xff,
  0x90,0x00,0x00,0x00,0x00,0x00,0x7f,0xff,0xff,0xff,0xff,0xff,0xff,0xff,0xff,0xff,0xff,0xd0,0x00,0x00,
  0x00,0x00,0x00,0x7f,0xff,0xff,0xff,0xff,0xff,0xff,0xff,0xff,0xff,0xff,0xc0,0x00,0x00,0x00,0x00,0x00,
  0x2f,0xff,0xff,0xff,0xff,0xff,0xff,0xff,0xff,0xff,0xff,0x70,0x00,0x00,0x00,0x00,0x00,0x06,0xff,0xff,
  0xff,0xff,0xff,0xff,0xff,0xff,0xff,0xfb,0x00,0x00,0x00,0x00,0x00,0x00,0x00,0x39,0xbb,0xbb,0xbb,0xbb,
  0xbb,0xbb,0xbb,0xbb,0x60,0x00,0x00,0x00,0x00,0x00,0x00,0x00,0x00,0x00,0x00,0x00,0x00,0x00,0x00,0x00,
  0x00,0x00,0x00,0x00,0x00,0x00,0x00,0x00,0x00,0x00,0x00,0x00,0x00,0x00,0x00,0x00,0x00,0x00,0x00,0x00,
  0x00,0x00,0x00,0x00,0x00,0x00,0x00,0x00,0x00,0x00,0x00,0x00,0x00,0x00,0x00,0x00,0x00,0x00,
};
static const uint8_t kMask17[] = {
  0x00,0x00,0x00,0x00,0x00,0x00,0x00,0x00,0x00,0x00,0x00,0x00,0x00,0x00,0x00,0x00,0x00,0x00,0x00,0x00,
  0x00,0x00,0x00,0x00,0x00,0x00,0x00,0x00,0x00,0x00,0x00,0x00,0x00,0x00,0x00,0x00,0x00,0x00,0x00,0x00,
  0x00,0x00,0x00,0x00,0x00,0x00,0x00,0x00,0x00,0x00,0x00,0x00,0x00,0x00,0x00,0x00,0x00,0x00,0x00,0x00,
  0x00,0x00,0x00,0x00,0x00,0x00,0x00,0x00,0x00,0x00,0x00,0x00,0x00,0x00,0x00,0x00,0x00,0x00,0x00,0x00,
  0x00,0x00,0x00,0x00,0x00,0x00,0x00,0x00,0x00,0x00,0x00,0x00,0x00,0x00,0x00,0x00,0x00,0x00,0x00,0x00,
  0x00,0x00,0x00,0x00,0x00,0x00,0x00,0x00,0x00,0x00,0x00,0x34,0x31,0x00,0x00,0x00,0x00,0x00,0x00,0x00,
  0x00,0x00,0x00,0x00,0x00,0x00,0x02,0x9e,0xff,0xff,0xb5,0x00,0x00,0x00,0x00,0x00,0x00,0x00,0x00,0x00,
  0x00,0x00,0x00,0x7f,0xff,0xff,0xff,0xff,0xb1,0x00,0x00,0x00,0x00,0x00,0x00,0x00,0x00,0x00,0x00,0x08,
  0xff,0xff,0xff,0xff,0xff,0xfd,0x10,0x00,0x00,0x00,0x00,0x00,0x00,0x00,0x00,0x00,0x5f,0xff,0xff,0xff,
  0xff,0xff,0xff,0xb0,0x00,0x00,0x00,0x00,0x00,0x00,0x00,0x00,0x01,0xef,0xff,0xff,0xff,0xff,0xff,0xff,
  0xf5,0x00,0x00,0x00,0x00,0x00,0x00,0x00,0x28,0xce,0xff,0xff,0xff,0xff,0xff,0xff,0xff,0xfb,0x00,0x00,
  0x00,0x00,0x00,0x00,0x06,0xff,0xff,0xff,0xff,0xff,0xff,0xff,0xff,0xff,0xff,0x10,0x00,0x00,0x00,0x00,
  0x00,0x7f,0xff,0xff,0xff,0xff,0xff,0xff,0xff,0xff,0xff,0xff,0x30,0x00,0x00,0x00,0x00,0x03,0xff,0xff,
  0xff,0xff,0xff,0xff,0xff,0xff,0xff,0xff,0xff,0x40,0x00,0x00,0x00,0x00,0x09,0xff,0xff,0xff,0xff,0xff,
  0xff,0xff,0xff,0xff,0xff,0xff,0x30,0x00,0x00,0x00,0x00,0x0d,0xff,0xff,0xff,0xff,0xff,0xff,0xff,0xff,
  0xff,0xff,0xff,0x10,0x00,0x00,0x00,0x00,0x0f,0xff,0xff,0xff,0xff,0xff,0xff,0xff,0xff,0xff,0xff,0xff,
  0xe4,0x00,0x00,0x00,0x00,0x8f,0xff,0xff,0xff,0xff,0xff,0xff,0xff,0xff,0xff,0xff,0xff,0xff,0x40,0x00,
  0x00,0x03,0xff,0xff,0xff,0xff,0xff,0xff,0xff,0xff,0xff,0xff,0xff,0xff,0xff,0xe0,0x00,0x00,0x08,0xff,
  0xff,0xff,0xff,0xff,0xff,0xff,0xff,0xff,0xff,0xff,0xff,0xff,0xf4,0x00,0x00,0x09,0xff,0xff,0xff,0xff,
  0xff,0xff,0xff,0xff,0xff,0xff,0xff,0xff,0xff,0xf6,0x00,0x00,0x08,0xff,0xff,0xff,0xff,0xff,0xff,0xff,
  0xff,0xff,0xff,0xff,0xff,0xff,0xf4,0x00,0x00,0x03,0xff,0xff,0xff,0xff,0xff,0xff,0xff,0xff,0xff,0xff,
  0xff,0xff,0xff,0xe0,0x00,0x00,0x00,0x8f,0xff,0xff,0xff,0xff,0xff,0xff,0xff,0xff,0xff,0xff,0xff,0xff,
  0x40,0x00,0x00,0x00,0x07,0xff,0xff,0xff,0xff,0xff,0xff,0xff,0xff,0xff,0xff,0xff,0xe4,0x00,0x00,0x00,
  0x00,0x00,0x15,0x66,0x66,0x66,0x66,0x66,0x66,0x66,0x66,0x66,0x64,0x00,0x00,0x00,0x00,0x00,0x00,0x00,
  0x00,0x00,0x00,0x00,0x00,0x00,0x00,0x00,0x00,0x00,0x00,0x00,0x00,0x00,0x00,0x00,0x00,0x00,0x00,0x00,
  0x00,0x00,0x00,0x00,0x00,0x00,0x00,0x00,0x00,0x00,0x00,0x00,0x00,0x00,0x00,0x00,0x00,0x00,0x00,0x00,
  0x00,0x00,0x00,0x00,0x00,0x00,0x00,0x00,0x00,0x00,0x00,0x00,0x00,0x00,0x00,0x00,0x00,0x00,0x00,0x00,
  0x00,0x00,0x00,0x00,0x00,0x00,0x00,0x00,0x00,0x00,0x00,0x00,0x00,0x00,0x00,0x00,0x00,0x00,0x00,0x00,
  0x00,0x00,0x00,0x00,0x00,0x00,0x00,0x00,0x00,0x00,0x00,0x00,0x00,0x00,0x00,0x00,0x00,0x00,
};
static const uint8_t kMask18[] = {
  0x00,0x00,0x00,0x00,0x00,0x00,0x00,0x00,0x00,0x00,0x00,0x00,0x00,0x00,0x00,0x00,0x00,0x00,0x00,0x00,
  0x00,0x00,0x00,0x00,0x00,0x00,0x34,0x31,0x00,0x00,0x00,0x00,0x00,0x00,0x00,0x00,0x00,0x00,0x00,0x00,
  0x00,0x02,0x9e,0xff,0xff,0xb4,0x00,0x00,0x00,0x00,0x00,0x00,0x00,0x00,0x00,0x00,0x00,0x00,0x7f,0xff,
  0xff,0xff,0xff,0xa1,0x00,0x00,0x00,0x00,0x00,0x00,0x00,0x00,0x00,0x00,0x08,0xff,0xff,0xff,0xff,0xff,
  0xfb,0x00,0x00,0x00,0x00,0x00,0x00,0x00,0x00,0x00,0x00,0x4f,0xff,0xff,0xff,0xff,0xff,0xff,0x80,0x00,
  0x00,0x00,0x00,0x00,0x00,0x00,0x00,0x02,0xdf,0xff,0xff,0xff,0xff,0xff,0xff,0xf2,0x00,0x00,0x00,0x00,
  0x00,0x00,0x00,0x3a,0xff,0xff,0xff,0xff,0xff,0xff,0xff,0xff,0xf7,0x00,0x00,0x00,0x00,0x00,0x00,0x06,
  0xff,0xff,0xff,0xff,0xff,0xff,0xff,0xff,0xff,0xfb,0x00,0x00,0x00,0x00,0x00,0x00,0x5f,0xff,0xff,0xff,
  0xff,0xff,0xff,0xff,0xff,0xff,0xfd,0x00,0x00,0x00,0x00,0x00,0x00,0xdf,0xff,0xff,0xff,0xff,0xff,0xff,
  0xff,0xff,0xff,0xfd,0x00,0x00,0x00,0x00,0x00,0x04,0xff,0xff,0xff,0xff,0xff,0xff,0xff,0xff,0xff,0xff,
  0xfb,0x00,0x00,0x00,0x00,0x00,0x07,0xff,0xff,0xff,0xff,0xff,0xff,0xff,0xff,0xff,0xff,0xfb,0x30,0x00,
  0x00,0x00,0x00,0x0a,0xff,0xff,0xff,0xff,0xff,0xff,0xff,0xff,0xff,0xff,0xff,0xf6,0x00,0x00,0x00,0x00,
  0x5f,0xff,0xff,0xff,0xff,0xff,0xff,0xff,0xff,0xff,0xff,0xff,0xff,0x30,0x00,0x00,0x00,0xbf,0xff,0xff,
  0xff,0xff,0xff,0xff,0xff,0xff,0xff,0xff,0xff,0xff,0xa0,0x00,0x00,0x00,0xff,0xff,0xff,0xff,0xff,0xff,
  0xff,0xff,0xff,0xff,0xff,0xff,0xff,0xd0,0x00,0x00,0x00,0xef,0xff,0xff,0xff,0xff,0xff,0xff,0xff,0xff,
  0xff,0xff,0xff,0xff,0xc0,0x00,0x00,0x00,0xaf,0xff,0xff,0xff,0xff,0xff,0xff,0xff,0xff,0xff,0xff,0xff,
  0xff,0x80,0x00,0x00,0x00,0x3f,0xff,0xff,0xff,0xff,0xff,0xff,0xff,0xff,0xff,0xff,0xff,0xfe,0x20,0x00,
  0x00,0x00,0x04,0xef,0xff,0xff,0xff,0xff,0xff,0xff,0xff,0xff,0xff,0xff,0xd3,0x00,0x00,0x00,0x00,0x00,
  0x15,0x77,0x77,0x77,0x77,0x77,0x77,0x77,0x77,0x77,0x74,0x00,0x00,0x00,0x00,0x00,0x00,0x00,0x00,0x00,
  0x00,0x00,0x00,0x00,0x00,0x00,0x00,0x00,0x00,0x00,0x00,0x00,0x00,0x00,0x00,0x00,0x43,0x00,0x00,0x05,
  0x20,0x00,0x01,0x51,0x00,0x00,0x00,0x00,0x00,0x00,0x00,0x00,0x07,0xff,0x30,0x00,0xaf,0xe2,0x00,0x0c,
  0xfc,0x00,0x00,0x00,0x00,0x00,0x00,0x00,0x00,0x0b,0xff,0x40,0x00,0xef,0xf3,0x00,0x3f,0xfe,0x00,0x00,
  0x00,0x00,0x00,0x00,0x00,0x00,0x1f,0xfe,0x00,0x05,0xff,0xa0,0x00,0x9f,0xf7,0x00,0x00,0x00,0x00,0x00,
  0x00,0x00,0x00,0x7f,0xf8,0x00,0x0b,0xff,0x40,0x00,0xef,0xf1,0x00,0x00,0x00,0x00,0x00,0x00,0x00,0x00,
  0xdf,0xf2,0x00,0x2f,0xfd,0x00,0x05,0xff,0xa0,0x00,0x00,0x00,0x00,0x00,0x00,0x00,0x04,0xff,0xc0,0x00,
  0x7f,0xf8,0x00,0x0b,0xff,0x40,0x00,0x00,0x00,0x00,0x00,0x00,0x00,0x0b,0xff,0x60,0x01,0xef,0xf2,0x00,
  0x2f,0xfd,0x00,0x00,0x00,0x00,0x00,0x00,0x00,0x00,0x0e,0xfe,0x10,0x03,0xff,0xb0,0x00,0x5f,0xf9,0x00,
  0x00,0x00,0x00,0x00,0x00,0x00,0x00,0x05,0xb5,0x00,0x00,0x7b,0x20,0x00,0x08,0xa1,0x00,0x00,0x00,0x00,
  0x00,0x00,0x00,0x00,0x00,0x00,0x00,0x00,0x00,0x00,0x00,0x00,0x00,0x00,0x00,0x00,0x00,0x00,
};
static const uint8_t kMask19[] = {
  0x00,0x00,0x00,0x00,0x00,0x00,0x00,0x00,0x00,0x00,0x00,0x00,0x00,0x00,0x00,0x00,0x00,0x00,0x00,0x00,
  0x00,0x00,0x00,0x00,0x00,0x00,0x34,0x31,0x00,0x00,0x00,0x00,0x00,0x00,0x00,0x00,0x00,0x00,0x00,0x00,
  0x00,0x02,0x9e,0xff,0xff,0xb4,0x00,0x00,0x00,0x00,0x00,0x00,0x00,0x00,0x00,0x00,0x00,0x00,0x7f,0xff,
  0xff,0xff,0xff,0xa1,0x00,0x00,0x00,0x00,0x00,0x00,0x00,0x00,0x00,0x00,0x08,0xff,0xff,0xff,0xff,0xff,
  0xfb,0x00,0x00,0x00,0x00,0x00,0x00,0x00,0x00,0x00,0x00,0x4f,0xff,0xff,0xff,0xff,0xff,0xff,0x80,0x00,
  0x00,0x00,0x00,0x00,0x00,0x00,0x00,0x02,0xdf,0xff,0xff,0xff,0xff,0xff,0xff,0xf2,0x00,0x00,0x00,0x00,
  0x00,0x00,0x00,0x3a,0xff,0xff,0xff,0xff,0xff,0xff,0xff,0xff,0xf7,0x00,0x00,0x00,0x00,0x00,0x00,0x06,
  0xff,0xff,0xff,0xff,0xff,0xff,0xff,0xff,0xff,0xfb,0x00,0x00,0x00,0x00,0x00,0x00,0x5f,0xff,0xff,0xff,
  0xff,0xff,0xff,0xff,0xff,0xff,0xfd,0x00,0x00,0x00,0x00,0x00,0x00,0xdf,0xff,0xff,0xff,0xff,0xff,0xff,
  0xff,0xff,0xff,0xfd,0x00,0x00,0x00,0x00,0x00,0x04,0xff,0xff,0xff,0xff,0xff,0xff,0xff,0xff,0xff,0xff,
  0xfb,0x00,0x00,0x00,0x00,0x00,0x07,0xff,0xff,0xff,0xff,0xff,0xff,0xff,0xff,0xff,0xff,0xfb,0x30,0x00,
  0x00,0x00,0x00,0x0a,0xff,0xff,0xff,0xff,0xff,0xff,0xff,0xff,0xff,0xff,0xff,0xf6,0x00,0x00,0x00,0x00,
  0x5f,0xff,0xff,0xff,0xff,0xff,0xff,0xc4,0x44,0x44,0xbf,0xff,0xff,0x30,0x00,0x00,0x00,0xbf,0xff,0xff,
  0xff,0xff,0xff,0xfe,0x30,0x00,0x01,0xff,0xff,0xff,0xa0,0x00,0x00,0x00,0xff,0xff,0xff,0xff,0xff,0xff,
  0xf6,0x00,0x00,0x08,0xff,0xff,0xff,0xd0,0x00,0x00,0x00,0xef,0xff,0xff,0xff,0xff,0xff,0x90,0x5f,0xd0,
  0x1e,0xff,0xff,0xff,0xc0,0x00,0x00,0x00,0xaf,0xff,0xff,0xff,0xff,0xfc,0x13,0xef,0x60,0x7f,0xff,0xff,
  0xff,0x80,0x00,0x00,0x00,0x3f,0xff,0xff,0xff,0xff,0xe3,0x1d,0xfd,0x00,0xef,0xff,0xff,0xfe,0x20,0x00,
  0x00,0x00,0x04,0xef,0xff,0xff,0xff,0x60,0xbf,0xf6,0x07,0xff,0xff,0xff,0xd3,0x00,0x00,0x00,0x00,0x00,
  0x15,0x77,0x77,0x76,0x07,0xff,0xd0,0x04,0x66,0x66,0x64,0x00,0x00,0x00,0x00,0x00,0x00,0x00,0x00,0x00,
  0x00,0x4f,0xff,0x60,0x00,0x00,0x00,0x00,0x00,0x00,0x00,0x00,0x00,0x00,0x00,0x00,0x00,0x02,0xef,0xff,
  0xff,0xff,0xb0,0x00,0x00,0x00,0x00,0x00,0x00,0x00,0x00,0x00,0x00,0x00,0x0c,0xff,0xff,0xff,0xfd,0x10,
  0x00,0x00,0x00,0x00,0x00,0x00,0x00,0x00,0x00,0x00,0x00,0x7d,0xdd,0xdf,0xff,0xe2,0x00,0x00,0x00,0x00,
  0x00,0x00,0x00,0x00,0x00,0x00,0x00,0x00,0x00,0x00,0x4f,0xff,0x30,0x00,0x00,0x00,0x00,0x00,0x00,0x00,
  0x00,0x00,0x00,0x00,0x00,0x00,0x00,0x9f,0xf5,0x00,0x00,0x00,0x00,0x00,0x00,0x00,0x00,0x00,0x00,0x00,
  0x00,0x00,0x00,0x00,0xef,0x70,0x00,0x00,0x00,0x00,0x00,0x00,0x00,0x00,0x00,0x00,0x00,0x00,0x00,0x00,
  0x05,0xf9,0x00,0x00,0x00,0x00,0x00,0x00,0x00,0x00,0x00,0x00,0x00,0x00,0x00,0x00,0x00,0x0b,0xb0,0x00,
  0x00,0x00,0x00,0x00,0x00,0x00,0x00,0x00,0x00,0x00,0x00,0x00,0x00,0x00,0x1c,0x10,0x00,0x00,0x00,0x00,
  0x00,0x00,0x00,0x00,0x00,0x00,0x00,0x00,0x00,0x00,0x00,0x62,0x00,0x00,0x00,0x00,0x00,0x00,0x00,0x00,
  0x00,0x00,0x00,0x00,0x00,0x00,0x00,0x00,0x10,0x00,0x00,0x00,0x00,0x00,0x00,0x00,0x00,0x00,
};
static const uint8_t kMask20[] = {
  0x00,0x00,0x00,0x00,0x00,0x00,0x00,0x00,0x00,0x00,0x00,0x00,0x00,0x00,0x00,0x00,0x00,0x00,0x00,0x00,
  0x00,0x00,0x00,0x00,0x00,0x00,0x34,0x31,0x00,0x00,0x00,0x00,0x00,0x00,0x00,0x00,0x00,0x00,0x00,0x00,
  0x00,0x02,0x9e,0xff,0xff,0xb4,0x00,0x00,0x00,0x00,0x00,0x00,0x00,0x00,0x00,0x00,0x00,0x00,0x7f,0xff,
  0xff,0xff,0xff,0xa1,0x00,0x00,0x00,0x00,0x00,0x00,0x00,0x00,0x00,0x00,0x08,0xff,0xff,0xff,0xff,0xff,
  0xfb,0x00,0x00,0x00,0x00,0x00,0x00,0x00,0x00,0x00,0x00,0x4f,0xff,0xff,0xff,0xff,0xff,0xff,0x80,0x00,
  0x00,0x00,0x00,0x00,0x00,0x00,0x00,0x02,0xdf,0xff,0xff,0xff,0xff,0xff,0xff,0xf2,0x00,0x00,0x00,0x00,
  0x00,0x00,0x00,0x3a,0xff,0xff,0xff,0xff,0xff,0xff,0xff,0xff,0xf7,0x00,0x00,0x00,0x00,0x00,0x00,0x06,
  0xff,0xff,0xff,0xff,0xff,0xff,0xff,0xff,0xff,0xfb,0x00,0x00,0x00,0x00,0x00,0x00,0x5f,0xff,0xff,0xff,
  0xff,0xff,0xff,0xff,0xff,0xff,0xfd,0x00,0x00,0x00,0x00,0x00,0x00,0xdf,0xff,0xff,0xff,0xff,0xff,0xff,
  0xff,0xff,0xff,0xfd,0x00,0x00,0x00,0x00,0x00,0x04,0xff,0xff,0xff,0xff,0xff,0xff,0xff,0xff,0xff,0xff,
  0xfb,0x00,0x00,0x00,0x00,0x00,0x07,0xff,0xff,0xff,0xff,0xff,0xff,0xff,0xff,0xff,0xff,0xfb,0x30,0x00,
  0x00,0x00,0x00,0x0a,0xff,0xff,0xff,0xff,0xff,0xff,0xff,0xff,0xff,0xff,0xff,0xf6,0x00,0x00,0x00,0x00,
  0x5f,0xff,0xff,0xff,0xff,0xff,0xff,0xff,0xff,0xff,0xff,0xff,0xff,0x30,0x00,0x00,0x00,0xbf,0xff,0xff,
  0xff,0xff,0xff,0xff,0xff,0xff,0xff,0xff,0xff,0xff,0xa0,0x00,0x00,0x00,0xff,0xff,0xff,0xff,0xff,0xff,
  0xff,0xff,0xff,0xff,0xff,0xff,0xff,0xd0,0x00,0x00,0x00,0xef,0xff,0xff,0xff,0xff,0xff,0xff,0xff,0xff,
  0xff,0xff,0xff,0xff,0xc0,0x00,0x00,0x00,0xaf,0xff,0xff,0xff,0xff,0xff,0xff,0xff,0xff,0xff,0xff,0xff,
  0xff,0x80,0x00,0x00,0x00,0x3f,0xff,0xff,0xff,0xff,0xff,0xff,0xff,0xff,0xff,0xff,0xff,0xfe,0x20,0x00,
  0x00,0x00,0x04,0xef,0xff,0xff,0xff,0xff,0xff,0xff,0xff,0xff,0xff,0xff,0xd3,0x00,0x00,0x00,0x00,0x00,
  0x15,0x77,0x77,0x77,0x77,0x77,0x77,0x77,0x77,0x77,0x74,0x00,0x00,0x00,0x00,0x00,0x00,0x00,0x00,0x00,
  0x00,0x00,0x00,0x00,0x00,0x00,0x00,0x00,0x00,0x00,0x00,0x00,0x00,0x00,0x00,0x00,0x00,0x00,0x00,0x00,
  0x00,0x00,0x00,0x00,0x00,0x00,0x00,0x00,0x00,0x00,0x00,0x00,0x01,0x10,0x00,0x00,0x00,0x00,0x00,0x01,
  0x10,0x00,0x00,0x00,0x00,0x00,0x00,0x00,0x00,0x5f,0xfa,0x00,0x00,0x00,0x00,0x00,0xaf,0xf5,0x00,0x00,
  0x00,0x00,0x00,0x00,0x00,0x01,0xff,0xff,0x60,0x00,0x00,0x00,0x06,0xff,0xff,0x10,0x00,0x00,0x00,0x00,
  0x00,0x00,0x01,0xff,0xff,0x70,0x00,0x00,0x00,0x07,0xff,0xff,0x10,0x00,0x00,0x00,0x00,0x00,0x00,0x00,
  0xaf,0xfe,0x20,0x02,0x88,0x20,0x02,0xef,0xfa,0x00,0x00,0x00,0x00,0x00,0x00,0x00,0x00,0x06,0x72,0x00,
  0x0d,0xff,0xd0,0x00,0x27,0x60,0x00,0x00,0x00,0x00,0x00,0x00,0x00,0x00,0x00,0x00,0x00,0x3f,0xff,0xf3,
  0x00,0x00,0x00,0x00,0x00,0x00,0x00,0x00,0x00,0x00,0x00,0x00,0x00,0x00,0x1e,0xff,0xe1,0x00,0x00,0x00,
  0x00,0x00,0x00,0x00,0x00,0x00,0x00,0x00,0x00,0x00,0x00,0x04,0xcc,0x40,0x00,0x00,0x00,0x00,0x00,0x00,
  0x00,0x00,0x00,0x00,0x00,0x00,0x00,0x00,0x00,0x00,0x00,0x00,0x00,0x00,0x00,0x00,0x00,0x00,
};
static const uint8_t kMask21[] = {
  0x00,0x00,0x00,0x00,0x00,0x00,0x00,0x00,0x15,0x89,0x96,0x20,0x00,0x00,0x00,0x00,0x00,0x00,0x00,0x00,
  0x00,0x00,0x00,0x00,0x08,0xef,0xff,0xff,0xfa,0x20,0x00,0x00,0x00,0x00,0x00,0x00,0x00,0x00,0x00,0x00,
  0x01,0xcf,0xff,0xff,0xff,0xff,0xe3,0x00,0x00,0x00,0x00,0x00,0x00,0x00,0x00,0x00,0x00,0x0c,0xff,0xff,
  0xff,0xff,0xff,0xfe,0x20,0x00,0x00,0x00,0x00,0x00,0x00,0x00,0x00,0x00,0x8f,0xff,0xff,0xff,0xff,0xff,
  0xff,0xc0,0x00,0x00,0x00,0x00,0x00,0x00,0x00,0x00,0x36,0xff,0xff,0xff,0xff,0xff,0xff,0xff,0xf4,0x00,
  0x00,0x00,0x00,0x00,0x00,0x00,0x7e,0xff,0xff,0xff,0xff,0xff,0xff,0xff,0xff,0xf9,0x00,0x00,0x00,0x00,
  0x00,0x00,0x0a,0xff,0xff,0xff,0xff,0xff,0xff,0xff,0xff,0xff,0xfc,0x00,0x00,0x00,0x00,0x00,0x00,0x7f,
  0xff,0xff,0xff,0xff,0xff,0xff,0xff,0xff,0xff,0xfd,0x00,0x00,0x00,0x00,0x00,0x01,0xff,0xff,0xff,0xff,
  0xff,0xff,0xff,0xff,0xff,0xff,0xfc,0x00,0x00,0x00,0x00,0x00,0x05,0xff,0xff,0xff,0xff,0xff,0xff,0xff,
  0xff,0xff,0xff,0xf9,0x00,0x00,0x00,0x00,0x00,0x07,0xff,0xff,0xff,0xff,0xff,0xff,0xff,0xff,0xff,0xff,
  0xfe,0x80,0x00,0x00,0x00,0x00,0x1c,0xff,0xff,0xff,0xff,0xff,0xff,0xff,0xff,0xff,0xff,0xff,0xfb,0x00,
  0x00,0x00,0x00,0x8f,0xff,0xff,0xff,0xff,0xff,0xff,0xff,0xff,0xff,0xff,0xff,0xff,0x60,0x00,0x00,0x00,
  0xdf,0xff,0xff,0xff,0xff,0xff,0xff,0xff,0xff,0xff,0xff,0xff,0xff,0xb0,0x00,0x00,0x00,0xff,0xff,0xff,
  0xff,0xff,0xff,0xff,0xff,0xff,0xff,0xff,0xff,0xff,0xd0,0x00,0x00,0x00,0xdf,0xff,0xff,0xff,0xff,0xff,
  0xff,0xff,0xff,0xff,0xff,0xff,0xff,0xb0,0x00,0x00,0x00,0x8f,0xff,0xff,0xff,0xff,0xff,0xff,0xff,0xff,
  0xff,0xff,0xff,0xff,0x60,0x00,0x00,0x00,0x1c,0xff,0xff,0xff,0xff,0xff,0xff,0xff,0xff,0xff,0xff,0xff,
  0xfb,0x00,0x00,0x00,0x00,0x01,0x9e,0xff,0xff,0xff,0xff,0xff,0xff,0xff,0xff,0xff,0xfe,0x80,0x00,0x00,
  0x00,0x00,0x00,0x00,0x22,0x22,0x22,0x22,0x22,0x22,0x22,0x22,0x22,0x20,0x00,0x00,0x00,0x00,0x00,0x00,
  0x00,0x00,0x00,0x00,0x00,0x00,0x00,0x00,0x00,0x00,0x00,0x00,0x00,0x00,0x00,0x00,0x00,0x00,0x00,0x00,
  0x00,0x00,0x00,0x00,0x00,0x00,0x00,0x00,0x00,0x00,0x00,0x00,0x05,0xef,0xff,0xff,0xff,0xff,0xff,0xff,
  0xff,0xff,0xff,0xb0,0x00,0x00,0x00,0x00,0x00,0x0b,0xff,0xff,0xff,0xff,0xff,0xff,0xff,0xff,0xff,0xff,
  0xf3,0x00,0x00,0x00,0x00,0x00,0x05,0xed,0xdd,0xdd,0xdd,0xdd,0xdd,0xdd,0xdd,0xdd,0xde,0xb0,0x00,0x00,
  0x00,0x00,0x00,0x00,0x00,0x00,0x00,0x00,0x00,0x00,0x00,0x00,0x00,0x00,0x00,0x00,0x00,0x00,0x00,0x00,
  0x00,0x00,0x00,0x00,0x00,0x00,0x00,0x00,0x00,0x00,0x00,0x00,0x00,0x00,0x00,0x00,0x00,0x00,0x00,0x00,
  0x05,0x97,0x77,0x77,0x77,0x77,0x77,0x77,0x77,0x77,0x78,0x70,0x00,0x00,0x00,0x00,0x00,0x3f,0xff,0xff,
  0xff,0xff,0xff,0xff,0xff,0xff,0xff,0xff,0xf4,0x00,0x00,0x00,0x00,0x00,0x2e,0xff,0xff,0xff,0xff,0xff,
  0xff,0xff,0xff,0xff,0xff,0xf3,0x00,0x00,0x00,0x00,0x00,0x02,0x66,0x66,0x66,0x66,0x66,0x66,0x66,0x66,
  0x66,0x66,0x30,0x00,0x00,0x00,0x00,0x00,0x00,0x00,0x00,0x00,0x00,0x00,0x00,0x00,0x00,0x00,0x00,0x00,
  0x00,0x00,0x00,0x00,0x00,0x00,0x00,0x00,0x00,0x00,0x00,0x00,0x00,0x00,0x00,0x00,0x00,0x00,
};
static const uint8_t kMask22[] = {
  0x00,0x00,0x00,0x00,0x00,0x00,0x00,0x00,0x00,0x00,0x00,0x00,0x00,0x00,0x00,0x00,0x00,0x00,0x00,0x00,
  0x00,0x00,0x00,0x00,0x00,0x00,0x00,0x00,0x00,0x00,0x00,0x00,0x00,0x00,0x00,0x00,0x00,0x00,0x00,0x00,
  0x00,0x00,0x00,0x00,0x00,0x00,0x00,0x00,0x00,0x00,0x00,0x00,0x00,0x00,0x00,0x00,0x00,0x00,0x00,0x00,
  0x00,0x00,0x00,0x00,0x00,0x00,0x00,0x00,0x00,0x00,0x00,0x00,0x00,0x00,0x00,0x00,0x00,0x00,0x00,0x00,
  0x00,0x00,0x00,0x00,0x00,0x00,0x00,0x00,0x00,0x00,0x00,0x14,0x71,0x00,0x00,0x00,0x00,0x00,0x00,0x00,
  0x00,0x00,0x00,0x00,0x00,0x00,0x00,0x3a,0xff,0x60,0x00,0x00,0x00,0x00,0x00,0x00,0x00,0x00,0x00,0x00,
  0x00,0x00,0x00,0x08,0xff,0xfa,0x00,0x00,0x00,0x00,0x00,0x00,0x00,0x00,0x00,0x00,0x00,0x00,0x00,0x01,
  0xbf,0xff,0xf2,0x00,0x00,0x00,0x00,0x00,0x00,0x00,0x00,0x00,0x00,0x00,0x00,0x00,0x1c,0xff,0xff,0xb0,
  0x00,0x00,0x00,0x00,0x00,0x00,0x00,0x00,0x00,0x00,0x00,0x00,0x00,0xaf,0xff,0xff,0x60,0x00,0x00,0x00,
  0x00,0x00,0x00,0x00,0x00,0x00,0x00,0x00,0x00,0x05,0xff,0xff,0xff,0x30,0x00,0x00,0x00,0x00,0x00,0x00,
  0x00,0x00,0x00,0x00,0x00,0x00,0x0d,0xff,0xff,0xff,0x20,0x00,0x00,0x00,0x00,0x00,0x00,0x00,0x00,0x00,
  0x00,0x00,0x00,0x4f,0xff,0xff,0xff,0x20,0x00,0x00,0x00,0x00,0x00,0x00,0x00,0x00,0x00,0x00,0x00,0x00,
  0x8f,0xff,0xff,0xff,0x40,0x00,0x00,0x00,0x00,0x00,0x00,0x00,0x00,0x00,0x00,0x00,0x00,0xcf,0xff,0xff,
  0xff,0x70,0x00,0x00,0x00,0x00,0x00,0x00,0x00,0x00,0x00,0x00,0x00,0x00,0xef,0xff,0xff,0xff,0xc0,0x00,
  0x00,0x00,0x00,0x00,0x00,0x00,0x00,0x00,0x00,0x00,0x00,0xff,0xff,0xff,0xff,0xf4,0x00,0x00,0x00,0x00,
  0x00,0x00,0x00,0x00,0x00,0x00,0x00,0x00,0xff,0xff,0xff,0xff,0xfc,0x00,0x00,0x00,0x00,0x00,0x00,0x00,
  0x00,0x00,0x00,0x00,0x00,0xdf,0xff,0xff,0xff,0xff,0x90,0x00,0x00,0x00,0x00,0x00,0x00,0x00,0x00,0x00,
  0x00,0x00,0xaf,0xff,0xff,0xff,0xff,0xf8,0x00,0x00,0x00,0x00,0x00,0x00,0x00,0x00,0x00,0x00,0x00,0x6f,
  0xff,0xff,0xff,0xff,0xff,0xb2,0x00,0x00,0x00,0x00,0x03,0x00,0x00,0x00,0x00,0x00,0x1e,0xff,0xff,0xff,
  0xff,0xff,0xff,0xa5,0x10,0x00,0x15,0xba,0x00,0x00,0x00,0x00,0x00,0x08,0xff,0xff,0xff,0xff,0xff,0xff,
  0xff,0xfe,0xde,0xff,0xf3,0x00,0x00,0x00,0x00,0x00,0x01,0xdf,0xff,0xff,0xff,0xff,0xff,0xff,0xff,0xff,
  0xff,0x80,0x00,0x00,0x00,0x00,0x00,0x00,0x3e,0xff,0xff,0xff,0xff,0xff,0xff,0xff,0xff,0xfb,0x00,0x00,
  0x00,0x00,0x00,0x00,0x00,0x05,0xef,0xff,0xff,0xff,0xff,0xff,0xff,0xff,0xc1,0x00,0x00,0x00,0x00,0x00,
  0x00,0x00,0x00,0x3d,0xff,0xff,0xff,0xff,0xff,0xff,0xfa,0x10,0x00,0x00,0x00,0x00,0x00,0x00,0x00,0x00,
  0x01,0x8e,0xff,0xff,0xff,0xff,0xfd,0x50,0x00,0x00,0x00,0x00,0x00,0x00,0x00,0x00,0x00,0x00,0x01,0x6a,
  0xdf,0xfe,0xc8,0x40,0x00,0x00,0x00,0x00,0x00,0x00,0x00,0x00,0x00,0x00,0x00,0x00,0x00,0x00,0x00,0x00,
  0x00,0x00,0x00,0x00,0x00,0x00,0x00,0x00,0x00,0x00,0x00,0x00,0x00,0x00,0x00,0x00,0x00,0x00,0x00,0x00,
  0x00,0x00,0x00,0x00,0x00,0x00,0x00,0x00,0x00,0x00,0x00,0x00,0x00,0x00,0x00,0x00,0x00,0x00,0x00,0x00,
  0x00,0x00,0x00,0x00,0x00,0x00,0x00,0x00,0x00,0x00,0x00,0x00,0x00,0x00,0x00,0x00,0x00,0x00,
};
static const uint8_t kMask23[] = {
  0x00,0x00,0x00,0x00,0x00,0x00,0x00,0x00,0x00,0x00,0x00,0x00,0x00,0x00,0x00,0x00,0x00,0x00,0x00,0x00,
  0x00,0x00,0xac,0x40,0x00,0x00,0x00,0x03,0xca,0x00,0x00,0x00,0x00,0x00,0x00,0x00,0x00,0x00,0x05,0xff,
  0xc0,0x00,0x00,0x00,0x0b,0xff,0x50,0x00,0x00,0x00,0x00,0x00,0x00,0x00,0x00,0x04,0xff,0xb0,0x00,0x00,
  0x00,0x0a,0xff,0x60,0x00,0x00,0x00,0x00,0x00,0x00,0x00,0x00,0x04,0xff,0xb0,0x00,0x00,0x00,0x09,0xff,
  0x60,0x00,0x00,0x00,0x00,0x00,0x00,0x00,0x00,0x04,0xff,0xb0,0x00,0x00,0x00,0x09,0xff,0x60,0x00,0x00,
  0x00,0x00,0x00,0x00,0x00,0x3a,0xde,0xff,0xfd,0xdd,0xdd,0xdd,0xde,0xff,0xed,0xa4,0x00,0x00,0x00,0x00,
  0x00,0x06,0xff,0xff,0xff,0xff,0xff,0xff,0xff,0xff,0xff,0xff,0xff,0x70,0x00,0x00,0x00,0x00,0x3f,0xff,
  0xff,0xff,0xff,0xff,0xff,0xff,0xff,0xff,0xff,0xff,0xf4,0x00,0x00,0x00,0x00,0xaf,0xff,0xff,0xff,0xff,
  0xff,0xff,0xff,0xff,0xff,0xff,0xff,0xfb,0x00,0x00,0x00,0x00,0xdf,0xff,0xff,0xff,0xff,0xff,0xff,0xff,
  0xff,0xff,0xff,0xff,0xff,0x00,0x00,0x00,0x00,0xdf,0xff,0xff,0xff,0xff,0xff,0xff,0xff,0xff,0xff,0xff,
  0xff,0xff,0x00,0x00,0x00,0x00,0xdf,0xff,0xed,0xdd,0xdd,0xdd,0xdd,0xdd,0xdd,0xdd,0xde,0xff,0xff,0x00,
  0x00,0x00,0x00,0xdf,0xf6,0x00,0x00,0x00,0x00,0x00,0x00,0x00,0x00,0x00,0x5f,0xff,0x00,0x00,0x00,0x00,
  0xdf,0xc0,0x00,0x00,0x00,0x00,0x00,0x00,0x00,0x00,0x00,0x0b,0xff,0x00,0x00,0x00,0x00,0xdf,0xb0,0x04,
  0xbb,0xa0,0x07,0xbb,0x80,0x08,0xbb,0x50,0x09,0xff,0x00,0x00,0x00,0x00,0xdf,0xb0,0x07,0xff,0xf0,0x0b,
  0xff,0xd0,0x0d,0xff,0x90,0x09,0xff,0x00,0x00,0x00,0x00,0xdf,0xb0,0x07,0xff,0xf0,0x0b,0xff,0xd0,0x0d,
  0xff,0x90,0x09,0xff,0x00,0x00,0x00,0x00,0xdf,0xb0,0x05,0xdd,0xb0,0x08,0xdd,0xa0,0x0a,0xdd,0x60,0x09,
  0xff,0x00,0x00,0x00,0x00,0xdf,0xb0,0x00,0x00,0x00,0x00,0x00,0x00,0x00,0x00,0x00,0x09,0xff,0x00,0x00,
  0x00,0x00,0xdf,0xb0,0x00,0x00,0x00,0x00,0x00,0x00,0x00,0x00,0x00,0x09,0xff,0x00,0x00,0x00,0x00,0xdf,
  0xb0,0x05,0xdd,0xb0,0x08,0xdd,0xa0,0x00,0x00,0x00,0x09,0xff,0x00,0x00,0x00,0x00,0xdf,0xb0,0x07,0xff,
  0xf0,0x0b,0xff,0xd0,0x00,0x00,0x00,0x09,0xff,0x00,0x00,0x00,0x00,0xdf,0xb0,0x07,0xff,0xf0,0x0b,0xff,
  0xd0,0x00,0x00,0x00,0x09,0xff,0x00,0x00,0x00,0x00,0xdf,0xb0,0x03,0x99,0x70,0x05,0x99,0x60,0x00,0x00,
  0x00,0x09,0xff,0x00,0x00,0x00,0x00,0xdf,0xc0,0x00,0x00,0x00,0x00,0x00,0x00,0x00,0x00,0x00,0x0a,0xff,
  0x00,0x00,0x00,0x00,0xaf,0xf3,0x00,0x00,0x00,0x00,0x00,0x00,0x00,0x00,0x00,0x2e,0xfc,0x00,0x00,0x00,
  0x00,0x4f,0xff,0xa9,0x99,0x99,0x99,0x99,0x99,0x99,0x99,0x9a,0xef,0xf5,0x00,0x00,0x00,0x00,0x07,0xff,
  0xff,0xff,0xff,0xff,0xff,0xff,0xff,0xff,0xff,0xff,0x80,0x00,0x00,0x00,0x00,0x00,0x4b,0xff,0xff,0xff,
  0xff,0xff,0xff,0xff,0xff,0xff,0xc5,0x00,0x00,0x00,0x00,0x00,0x00,0x00,0x00,0x00,0x00,0x00,0x00,0x00,
  0x00,0x00,0x00,0x00,0x00,0x00,0x00,0x00,0x00,0x00,0x00,0x00,0x00,0x00,0x00,0x00,0x00,0x00,0x00,0x00,
  0x00,0x00,0x00,0x00,0x00,0x00,0x00,0x00,0x00,0x00,0x00,0x00,0x00,0x00,0x00,0x00,0x00,0x00,0x00,0x00,
  0x00,0x00,0x00,0x00,0x00,0x00,0x00,0x00,0x00,0x00,0x00,0x00,0x00,0x00,0x00,0x00,0x00,0x00,
};
static const uint8_t kMask24[] = {
  0x00,0x00,0x00,0x00,0x00,0x00,0x00,0x00,0x00,0x00,0x00,0x00,0x00,0x00,0x00,0x00,0x00,0x00,0x00,0x00,
  0x00,0x00,0x00,0x00,0x00,0x00,0x00,0x00,0x00,0x00,0x00,0x00,0x00,0x00,0x00,0x00,0x00,0x00,0x00,0x00,
  0x00,0x00,0x00,0x00,0x00,0x00,0x00,0x00,0x00,0x00,0x00,0x00,0x00,0x00,0x00,0x00,0x00,0x00,0x00,0x44,
  0x00,0x00,0x00,0x00,0x00,0x00,0x00,0x00,0x00,0x00,0x00,0x00,0x00,0x00,0x00,0x0a,0xff,0xa0,0x00,0x00,
  0x00,0x00,0x00,0x00,0x00,0x00,0x00,0x00,0x00,0x00,0x00,0x00,0x1f,0xff,0xf1,0x00,0x00,0x00,0x00,0x00,
  0x00,0x00,0x00,0x00,0x00,0x00,0x00,0x00,0x00,0x0e,0xff,0xe0,0x00,0x00,0x00,0x00,0x00,0x00,0x00,0x00,
  0x00,0x00,0x00,0x00,0x00,0x06,0xcf,0xff,0xfc,0x60,0x00,0x00,0x00,0x00,0x00,0x00,0x00,0x00,0x00,0x00,
  0x00,0x01,0xbf,0xff,0xff,0xff,0xfb,0x10,0x00,0x00,0x00,0x00,0x00,0x00,0x00,0x00,0x00,0x00,0x0b,0xff,
  0xff,0xff,0xff,0xff,0xb0,0x00,0x00,0x00,0x00,0x00,0x00,0x00,0x00,0x00,0x00,0x7f,0xff,0xff,0xff,0xff,
  0xff,0xf7,0x00,0x00,0x00,0x00,0x00,0x00,0x00,0x00,0x00,0x00,0xef,0xff,0xff,0xff,0xff,0xff,0xfe,0x00,
  0x00,0x00,0x00,0x00,0x00,0x00,0x00,0x00,0x04,0xff,0xff,0xff,0xff,0xff,0xff,0xff,0x40,0x00,0x00,0x00,
  0x00,0x00,0x00,0x00,0x00,0x07,0xff,0xff,0xff,0xff,0xff,0xff,0xff,0x70,0x00,0x00,0x00,0x00,0x00,0x00,
  0x00,0x00,0x09,0xff,0xff,0xff,0xff,0xff,0xff,0xff,0x90,0x00,0x00,0x00,0x00,0x00,0x00,0x00,0x00,0x0b,
  0xff,0xff,0xff,0xff,0xff,0xff,0xff,0xb0,0x00,0x00,0x00,0x00,0x00,0x00,0x00,0x00,0x0e,0xff,0xff,0xff,
  0xff,0xff,0xff,0xff,0xe0,0x00,0x00,0x00,0x00,0x00,0x00,0x00,0x00,0x0f,0xff,0xff,0xff,0xff,0xff,0xff,
  0xff,0xf0,0x00,0x00,0x00,0x00,0x00,0x00,0x00,0x00,0x3f,0xff,0xff,0xff,0xff,0xff,0xff,0xff,0xf3,0x00,
  0x00,0x00,0x00,0x00,0x00,0x00,0x00,0x8f,0xff,0xff,0xff,0xff,0xff,0xff,0xff,0xf8,0x00,0x00,0x00,0x00,
  0x00,0x00,0x00,0x03,0xff,0xff,0xff,0xff,0xff,0xff,0xff,0xff,0xff,0x30,0x00,0x00,0x00,0x00,0x00,0x00,
  0x0c,0xff,0xff,0xff,0xff,0xff,0xff,0xff,0xff,0xff,0xc0,0x00,0x00,0x00,0x00,0x00,0x17,0x9f,0xff,0xff,
  0xff,0xff,0xff,0xff,0xff,0xff,0xff,0xf9,0x71,0x00,0x00,0x00,0x00,0xaf,0xff,0xff,0xff,0xff,0xff,0xff,
  0xff,0xff,0xff,0xff,0xff,0xfc,0x00,0x00,0x00,0x00,0xdf,0xff,0xff,0xff,0xff,0xff,0xff,0xff,0xff,0xff,
  0xff,0xff,0xff,0x00,0x00,0x00,0x00,0x5e,0xff,0xff,0xff,0xff,0xff,0xff,0xff,0xff,0xff,0xff,0xff,0xf6,
  0x00,0x00,0x00,0x00,0x00,0x00,0x00,0x00,0x00,0x4f,0xff,0xf4,0x00,0x00,0x00,0x00,0x00,0x00,0x00,0x00,
  0x00,0x00,0x00,0x00,0x00,0x00,0xef,0xff,0xfe,0x00,0x00,0x00,0x00,0x00,0x00,0x00,0x00,0x00,0x00,0x00,
  0x00,0x00,0x02,0xff,0xff,0xff,0x20,0x00,0x00,0x00,0x00,0x00,0x00,0x00,0x00,0x00,0x00,0x00,0x00,0x00,
  0xef,0xff,0xfe,0x00,0x00,0x00,0x00,0x00,0x00,0x00,0x00,0x00,0x00,0x00,0x00,0x00,0x00,0x6f,0xff,0xf6,
  0x00,0x00,0x00,0x00,0x00,0x00,0x00,0x00,0x00,0x00,0x00,0x00,0x00,0x00,0x03,0x99,0x30,0x00,0x00,0x00,
  0x00,0x00,0x00,0x00,0x00,0x00,0x00,0x00,0x00,0x00,0x00,0x00,0x00,0x00,0x00,0x00,0x00,0x00,0x00,0x00,
  0x00,0x00,0x00,0x00,0x00,0x00,0x00,0x00,0x00,0x00,0x00,0x00,0x00,0x00,0x00,0x00,0x00,0x00,
};
static const uint8_t kMask25[] = {
  0x00,0x00,0x00,0x00,0x00,0x00,0x00,0x00,0x00,0x00,0x00,0x00,0x00,0x00,0x00,0x00,0x00,0x00,0x00,0x00,
  0x00,0x00,0x00,0x00,0x00,0x00,0x00,0x00,0x00,0x00,0x00,0x00,0x00,0x00,0x00,0x00,0x00,0x00,0x00,0x00,
  0x00,0x00,0x00,0x00,0x00,0x00,0x00,0x00,0x00,0x00,0x00,0x00,0x00,0x00,0x00,0x00,0x00,0x00,0x00,0x00,
  0x00,0x00,0x00,0x00,0x00,0x00,0x00,0x00,0x00,0x00,0x00,0x00,0x00,0x00,0x00,0x00,0x00,0x00,0x00,0x00,
  0x00,0x00,0x00,0x00,0x00,0x00,0x00,0x00,0x00,0x02,0x43,0x10,0x00,0x00,0x00,0x01,0x34,0x20,0x00,0x00,
  0x00,0x00,0x00,0x00,0x00,0x06,0xdf,0xff,0xfb,0x40,0x00,0x04,0xbf,0xff,0xfd,0x60,0x00,0x00,0x00,0x00,
  0x00,0x01,0xbf,0xff,0xff,0xff,0xf8,0x00,0x8f,0xff,0xff,0xff,0xfb,0x10,0x00,0x00,0x00,0x00,0x0b,0xff,
  0xff,0xff,0xff,0xff,0x88,0xff,0xff,0xff,0xff,0xff,0xb0,0x00,0x00,0x00,0x00,0x7f,0xff,0xff,0xff,0xff,
  0xff,0xff,0xff,0xff,0xff,0xff,0xff,0xf7,0x00,0x00,0x00,0x00,0xef,0xff,0xff,0xff,0xff,0xff,0xff,0xff,
  0xff,0xff,0xff,0xff,0xfe,0x00,0x00,0x00,0x03,0xff,0xff,0xff,0xff,0xff,0xff,0xff,0xff,0xff,0xff,0xff,
  0xff,0xff,0x30,0x00,0x00,0x06,0xff,0xff,0xff,0xff,0xff,0xff,0xff,0xff,0xff,0xff,0xff,0xff,0xff,0x60,
  0x00,0x00,0x05,0xff,0xff,0xff,0xff,0xff,0xff,0xff,0xff,0xff,0xff,0xff,0xff,0xff,0x50,0x00,0x00,0x03,
  0xff,0xff,0xff,0xff,0xff,0xff,0xff,0xff,0xff,0xff,0xff,0xff,0xff,0x30,0x00,0x00,0x00,0xdf,0xff,0xff,
  0xff,0xff,0xff,0xff,0xff,0xff,0xff,0xff,0xff,0xfd,0x00,0x00,0x00,0x00,0x6f,0xff,0xff,0xff,0xff,0xff,
  0xff,0xff,0xff,0xff,0xff,0xff,0xf6,0x00,0x00,0x00,0x00,0x1b,0xff,0xff,0xff,0xff,0xff,0xff,0xff,0xff,
  0xff,0xff,0xff,0xb1,0x00,0x00,0x00,0x00,0x01,0xbf,0xff,0xff,0xff,0xff,0xff,0xff,0xff,0xff,0xff,0xfb,
  0x10,0x00,0x00,0x00,0x00,0x00,0x1b,0xff,0xff,0xff,0xff,0xff,0xff,0xff,0xff,0xff,0xb1,0x00,0x00,0x00,
  0x00,0x00,0x00,0x01,0xbf,0xff,0xff,0xff,0xff,0xff,0xff,0xff,0xfb,0x10,0x00,0x00,0x00,0x00,0x00,0x00,
  0x00,0x1b,0xff,0xff,0xff,0xff,0xff,0xff,0xff,0xb1,0x00,0x00,0x00,0x00,0x00,0x00,0x00,0x00,0x01,0xbf,
  0xff,0xff,0xff,0xff,0xff,0xfb,0x10,0x00,0x00,0x00,0x00,0x00,0x00,0x00,0x00,0x00,0x0b,0xff,0xff,0xff,
  0xff,0xff,0xb1,0x00,0x00,0x00,0x00,0x00,0x00,0x00,0x00,0x00,0x00,0x01,0xcf,0xff,0xff,0xff,0xfd,0x10,
  0x00,0x00,0x00,0x00,0x00,0x00,0x00,0x00,0x00,0x00,0x00,0x1d,0xff,0xff,0xff,0xe2,0x00,0x00,0x00,0x00,
  0x00,0x00,0x00,0x00,0x00,0x00,0x00,0x00,0x02,0xef,0xff,0xfe,0x30,0x00,0x00,0x00,0x00,0x00,0x00,0x00,
  0x00,0x00,0x00,0x00,0x00,0x00,0x3e,0xff,0xf4,0x00,0x00,0x00,0x00,0x00,0x00,0x00,0x00,0x00,0x00,0x00,
  0x00,0x00,0x00,0x04,0xff,0x60,0x00,0x00,0x00,0x00,0x00,0x00,0x00,0x00,0x00,0x00,0x00,0x00,0x00,0x00,
  0x00,0x68,0x00,0x00,0x00,0x00,0x00,0x00,0x00,0x00,0x00,0x00,0x00,0x00,0x00,0x00,0x00,0x00,0x00,0x00,
  0x00,0x00,0x00,0x00,0x00,0x00,0x00,0x00,0x00,0x00,0x00,0x00,0x00,0x00,0x00,0x00,0x00,0x00,0x00,0x00,
  0x00,0x00,0x00,0x00,0x00,0x00,0x00,0x00,0x00,0x00,0x00,0x00,0x00,0x00,0x00,0x00,0x00,0x00,0x00,0x00,
  0x00,0x00,0x00,0x00,0x00,0x00,0x00,0x00,0x00,0x00,0x00,0x00,0x00,0x00,0x00,0x00,0x00,0x00,
};
static const uint8_t kMask26[] = {
  0x00,0x00,0x00,0x00,0x00,0x00,0x00,0x00,0x00,0x00,0x00,0x00,0x00,0x00,0x00,0x00,0x00,0x00,0x00,0x00,
  0x00,0x00,0x00,0x00,0x00,0x00,0x00,0x00,0x00,0x00,0x00,0x00,0x00,0x00,0x00,0x00,0x00,0x00,0x00,0x00,
  0x00,0x00,0x01,0x00,0x00,0x00,0x00,0x00,0x00,0x00,0x00,0x00,0x00,0x00,0x00,0x00,0x00,0x00,0x00,0x56,
  0x00,0x00,0x00,0x00,0x00,0x00,0x00,0x00,0x00,0x00,0x00,0x00,0x00,0x00,0x00,0x00,0xbc,0x00,0x00,0x00,
  0x00,0x00,0x00,0x00,0x00,0x00,0x00,0x00,0x00,0x00,0x00,0x00,0x01,0xff,0x30,0x00,0x00,0x00,0x00,0x00,
  0x00,0x00,0x00,0x00,0x00,0x00,0x00,0x00,0x00,0x07,0xff,0x80,0x00,0x00,0x00,0x00,0x00,0x00,0x00,0x00,
  0x00,0x00,0x00,0x00,0x00,0x00,0x0d,0xff,0xd0,0x00,0x00,0x00,0x00,0x00,0x00,0x00,0x00,0x00,0x00,0x00,
  0x00,0x00,0x00,0x3f,0xff,0xf4,0x00,0x00,0x00,0x00,0x00,0x00,0x00,0x00,0x00,0x00,0x00,0x00,0x00,0x00,
  0x9f,0xff,0xfa,0x00,0x00,0x00,0x00,0x00,0x00,0x00,0x00,0x00,0x00,0x00,0x00,0x00,0x00,0xef,0xff,0xff,
  0x10,0x00,0x00,0x00,0x00,0x00,0x00,0x00,0x00,0x00,0x00,0x00,0x00,0x06,0xff,0xff,0xff,0x60,0x00,0x00,
  0x00,0x00,0x00,0x00,0x00,0x00,0x00,0x00,0x00,0x12,0x2b,0xff,0xff,0xff,0xc2,0x21,0x00,0x00,0x00,0x00,
  0x00,0x00,0x3b,0xbd,0xde,0xff,0xff,0xff,0xff,0xff,0xff,0xff,0xff,0xff,0xed,0xdb,0xb3,0x00,0x00,0x04,
  0xef,0xff,0xff,0xff,0xff,0xff,0xff,0xff,0xff,0xff,0xff,0xff,0xfe,0x40,0x00,0x00,0x00,0x2c,0xff,0xff,
  0xff,0xff,0xff,0xff,0xff,0xff,0xff,0xff,0xff,0xc2,0x00,0x00,0x00,0x00,0x00,0x9f,0xff,0xff,0xff,0xff,
  0xff,0xff,0xff,0xff,0xff,0xf9,0x00,0x00,0x00,0x00,0x00,0x00,0x07,0xff,0xff,0xff,0xff,0xff,0xff,0xff,
  0xff,0xff,0x70,0x00,0x00,0x00,0x00,0x00,0x00,0x00,0x4e,0xff,0xff,0xff,0xff,0xff,0xff,0xff,0xe4,0x00,
  0x00,0x00,0x00,0x00,0x00,0x00,0x00,0x02,0xcf,0xff,0xff,0xff,0xff,0xff,0xfc,0x20,0x00,0x00,0x00,0x00,
  0x00,0x00,0x00,0x00,0x00,0x6f,0xff,0xff,0xff,0xff,0xff,0xf6,0x00,0x00,0x00,0x00,0x00,0x00,0x00,0x00,
  0x00,0x00,0x9f,0xff,0xff,0xff,0xff,0xff,0xf9,0x00,0x00,0x00,0x00,0x00,0x00,0x00,0x00,0x00,0x00,0xef,
  0xff,0xff,0xff,0xff,0xff,0xfe,0x00,0x00,0x00,0x00,0x00,0x00,0x00,0x00,0x00,0x02,0xff,0xff,0xff,0xff,
  0xff,0xff,0xff,0x20,0x00,0x00,0x00,0x00,0x00,0x00,0x00,0x00,0x06,0xff,0xff,0xff,0xcc,0xff,0xff,0xff,
  0x60,0x00,0x00,0x00,0x00,0x00,0x00,0x00,0x00,0x0a,0xff,0xff,0xf7,0x00,0x7f,0xff,0xff,0xa0,0x00,0x00,
  0x00,0x00,0x00,0x00,0x00,0x00,0x0e,0xff,0xfc,0x30,0x00,0x02,0xcf,0xff,0xe0,0x00,0x00,0x00,0x00,0x00,
  0x00,0x00,0x00,0x3f,0xff,0x70,0x00,0x00,0x00,0x07,0xff,0xf3,0x00,0x00,0x00,0x00,0x00,0x00,0x00,0x00,
  0x7f,0xc3,0x00,0x00,0x00,0x00,0x00,0x3c,0xf7,0x00,0x00,0x00,0x00,0x00,0x00,0x00,0x00,0xb7,0x00,0x00,
  0x00,0x00,0x00,0x00,0x00,0x7b,0x00,0x00,0x00,0x00,0x00,0x00,0x00,0x00,0x20,0x00,0x00,0x00,0x00,0x00,
  0x00,0x00,0x02,0x00,0x00,0x00,0x00,0x00,0x00,0x00,0x00,0x00,0x00,0x00,0x00,0x00,0x00,0x00,0x00,0x00,
  0x00,0x00,0x00,0x00,0x00,0x00,0x00,0x00,0x00,0x00,0x00,0x00,0x00,0x00,0x00,0x00,0x00,0x00,0x00,0x00,
  0x00,0x00,0x00,0x00,0x00,0x00,0x00,0x00,0x00,0x00,0x00,0x00,0x00,0x00,0x00,0x00,0x00,0x00,
};
static const uint8_t kMask27[] = {
  0x00,0x00,0x00,0x00,0x00,0x00,0x00,0x00,0x00,0x00,0x00,0x00,0x00,0x00,0x00,0x00,0x00,0x00,0x00,0x00,
  0x00,0x00,0x00,0x00,0x00,0x00,0x00,0x00,0x00,0x00,0x00,0x00,0x00,0x00,0x00,0x00,0x00,0x00,0x00,0x00,
  0x00,0x00,0x00,0x00,0x00,0x00,0x00,0x00,0x00,0x00,0x00,0x00,0x00,0x00,0x00,0x00,0x00,0x00,0x00,0x00,
  0x00,0x00,0x00,0x00,0x00,0x00,0x00,0x00,0x00,0x00,0x00,0x01,0x44,0x44,0x44,0x44,0x44,0x44,0x44,0x44,
  0x44,0x10,0x00,0x00,0x00,0x00,0x00,0x03,0xbf,0xff,0xff,0xff,0xff,0xff,0xff,0xff,0xff,0xff,0xfc,0x40,
  0x00,0x00,0x00,0x00,0x6f,0xff,0xff,0xff,0xff,0xff,0xff,0xff,0xff,0xff,0xff,0xff,0xf7,0x00,0x00,0x00,
  0x03,0xff,0xff,0xff,0xff,0xff,0xff,0xff,0xff,0xff,0xff,0xff,0xff,0xff,0x50,0x00,0x00,0x0b,0xff,0xff,
  0xff,0xff,0xff,0xff,0xff,0xff,0xff,0xff,0xff,0xff,0xff,0xd0,0x00,0x00,0x1f,0xff,0xff,0xff,0xff,0xff,
  0xff,0xff,0xff,0xff,0xff,0xff,0xff,0xff,0xf3,0x00,0x00,0x4f,0xff,0xff,0xff,0xff,0xff,0xff,0xff,0xff,
  0xff,0xff,0xff,0xff,0xff,0xf6,0x00,0x00,0x4f,0xff,0xff,0xff,0xff,0xff,0xff,0xff,0xff,0xff,0xff,0xff,
  0xff,0xff,0xf6,0x00,0x00,0x4f,0xff,0xff,0xff,0xff,0xff,0xff,0xff,0xff,0xff,0xff,0xff,0xff,0xff,0xf6,
  0x00,0x00,0x4f,0xff,0xff,0xff,0xff,0xff,0xff,0xff,0xff,0xff,0xff,0xff,0xff,0xff,0xf6,0x00,0x00,0x4f,
  0xff,0xff,0xff,0xff,0xff,0xff,0xff,0xff,0xff,0xff,0xff,0xff,0xff,0xf6,0x00,0x00,0x4f,0xff,0xff,0xff,
  0xff,0xff,0xff,0xff,0xff,0xff,0xff,0xff,0xff,0xff,0xf6,0x00,0x00,0x4f,0xff,0xff,0xff,0xff,0xff,0xff,
  0xff,0xff,0xff,0xff,0xff,0xff,0xff,0xf6,0x00,0x00,0x4f,0xff,0xff,0xff,0xff,0xff,0xff,0xff,0xff,0xff,
  0xff,0xff,0xff,0xff,0xf6,0x00,0x00,0x3f,0xff,0xff,0xff,0xff,0xff,0xff,0xff,0xff,0xff,0xff,0xff,0xff,
  0xff,0xf5,0x00,0x00,0x0e,0xff,0xff,0xff,0xff,0xff,0xff,0xff,0xff,0xff,0xff,0xff,0xff,0xff,0xf2,0x00,
  0x00,0x08,0xff,0xff,0xff,0xff,0xff,0xff,0xff,0xff,0xff,0xff,0xff,0xff,0xff,0xa0,0x00,0x00,0x01,0xdf,
  0xff,0xff,0xff,0xff,0xff,0xff,0xff,0xff,0xff,0xff,0xff,0xfe,0x20,0x00,0x00,0x00,0x1c,0xff,0xff,0xff,
  0xff,0xff,0xff,0xff,0xff,0xff,0xff,0xff,0xd2,0x00,0x00,0x00,0x00,0x00,0x5b,0xff,0xff,0xff,0xdd,0xdd,
  0xdd,0xdd,0xdd,0xdd,0xb6,0x00,0x00,0x00,0x00,0x00,0x00,0x05,0xff,0xff,0xf7,0x00,0x00,0x00,0x00,0x00,
  0x00,0x00,0x00,0x00,0x00,0x00,0x00,0x00,0x08,0xff,0xff,0x70,0x00,0x00,0x00,0x00,0x00,0x00,0x00,0x00,
  0x00,0x00,0x00,0x00,0x00,0x0a,0xff,0xf5,0x00,0x00,0x00,0x00,0x00,0x00,0x00,0x00,0x00,0x00,0x00,0x00,
  0x00,0x00,0x0c,0xfe,0x40,0x00,0x00,0x00,0x00,0x00,0x00,0x00,0x00,0x00,0x00,0x00,0x00,0x00,0x00,0x0e,
  0xe3,0x00,0x00,0x00,0x00,0x00,0x00,0x00,0x00,0x00,0x00,0x00,0x00,0x00,0x00,0x00,0x1d,0x20,0x00,0x00,
  0x00,0x00,0x00,0x00,0x00,0x00,0x00,0x00,0x00,0x00,0x00,0x00,0x00,0x21,0x00,0x00,0x00,0x00,0x00,0x00,
  0x00,0x00,0x00,0x00,0x00,0x00,0x00,0x00,0x00,0x00,0x00,0x00,0x00,0x00,0x00,0x00,0x00,0x00,0x00,0x00,
  0x00,0x00,0x00,0x00,0x00,0x00,0x00,0x00,0x00,0x00,0x00,0x00,0x00,0x00,0x00,0x00,0x00,0x00,0x00,0x00,
  0x00,0x00,0x00,0x00,0x00,0x00,0x00,0x00,0x00,0x00,0x00,0x00,0x00,0x00,0x00,0x00,0x00,0x00,
};
static const uint8_t kMask28[] = {
  0x00,0x00,0x00,0x00,0x00,0x00,0x00,0x00,0x00,0x00,0x00,0x00,0x00,0x00,0x00,0x00,0x00,0x00,0x00,0x00,
  0x00,0x00,0x00,0x00,0x00,0x00,0x00,0x00,0x00,0x00,0x00,0x00,0x00,0x00,0x00,0x00,0x00,0x00,0x00,0x00,
  0x00,0x00,0x00,0x00,0x00,0x00,0x00,0x00,0x00,0x00,0x00,0x00,0x00,0x00,0x00,0x00,0x00,0x00,0x00,0x00,
  0x00,0x00,0x00,0x00,0x00,0x00,0x00,0x00,0x00,0x00,0x00,0x00,0x00,0x00,0x00,0x00,0x00,0x00,0x00,0x00,
  0x00,0x00,0x00,0x00,0x00,0x00,0x00,0x00,0x00,0x00,0x00,0x00,0x00,0x00,0x00,0x00,0x00,0x00,0x00,0x00,
  0x00,0x00,0x00,0x00,0x00,0x00,0x00,0x00,0x00,0x00,0x00,0x00,0x00,0x00,0x00,0x00,0x35,0x10,0x00,0x00,
  0x00,0x00,0x00,0x00,0x00,0x00,0x00,0x00,0x00,0x00,0x00,0x00,0x09,0xff,0xd1,0x00,0x00,0x00,0x00,0x00,
  0x00,0x00,0x00,0x00,0x00,0x00,0x00,0x00,0x00,0x9f,0xff,0xf7,0x00,0x00,0x00,0x00,0x00,0x00,0x00,0x00,
  0x00,0x00,0x00,0x00,0x00,0x08,0xff,0xff,0xf6,0x00,0x00,0x00,0x00,0x00,0x00,0x00,0x00,0x00,0x00,0x00,
  0x00,0x00,0x7f,0xff,0xff,0xb0,0x00,0x00,0x00,0x00,0x00,0x00,0x00,0x00,0x00,0x00,0x00,0x00,0x05,0xff,
  0xff,0xfb,0x00,0x00,0x00,0x00,0x00,0x00,0x00,0x00,0x00,0x00,0x00,0x00,0x00,0x4f,0xff,0xff,0xc1,0x00,
  0x00,0x00,0x00,0x00,0x00,0x00,0x00,0x00,0x00,0x00,0x00,0x03,0xef,0xff,0xfd,0x10,0x00,0x00,0x00,0x00,
  0x00,0x00,0x00,0x00,0x00,0x00,0x00,0x00,0x2e,0xff,0xff,0xe2,0x00,0x00,0x00,0x00,0x00,0x69,0x50,0x00,
  0x00,0x00,0x00,0x00,0x02,0xef,0xff,0xfe,0x20,0x00,0x00,0x00,0x00,0x07,0xff,0xf6,0x00,0x00,0x00,0x00,
  0x00,0x1d,0xff,0xff,0xe3,0x00,0x00,0x00,0x00,0x00,0x0d,0xff,0xff,0x50,0x00,0x00,0x00,0x01,0xcf,0xff,
  0xff,0x40,0x00,0x00,0x00,0x00,0x00,0x0b,0xff,0xff,0xf5,0x00,0x00,0x00,0x0b,0xff,0xff,0xf5,0x00,0x00,
  0x00,0x00,0x00,0x00,0x01,0xcf,0xff,0xff,0x50,0x00,0x00,0xaf,0xff,0xff,0x70,0x00,0x00,0x00,0x00,0x00,
  0x00,0x00,0x1b,0xff,0xff,0xf5,0x00,0x09,0xff,0xff,0xf8,0x00,0x00,0x00,0x00,0x00,0x00,0x00,0x00,0x01,
  0xbf,0xff,0xff,0x50,0x8f,0xff,0xff,0x90,0x00,0x00,0x00,0x00,0x00,0x00,0x00,0x00,0x00,0x1b,0xff,0xff,
  0xf9,0xff,0xff,0xfa,0x00,0x00,0x00,0x00,0x00,0x00,0x00,0x00,0x00,0x00,0x01,0xbf,0xff,0xff,0xff,0xff,
  0xb0,0x00,0x00,0x00,0x00,0x00,0x00,0x00,0x00,0x00,0x00,0x00,0x1b,0xff,0xff,0xff,0xfb,0x10,0x00,0x00,
  0x00,0x00,0x00,0x00,0x00,0x00,0x00,0x00,0x00,0x01,0xbf,0xff,0xff,0xd1,0x00,0x00,0x00,0x00,0x00,0x00,
  0x00,0x00,0x00,0x00,0x00,0x00,0x00,0x1b,0xff,0xfe,0x10,0x00,0x00,0x00,0x00,0x00,0x00,0x00,0x00,0x00,
  0x00,0x00,0x00,0x00,0x01,0xaf,0xc2,0x00,0x00,0x00,0x00,0x00,0x00,0x00,0x00,0x00,0x00,0x00,0x00,0x00,
  0x00,0x00,0x00,0x00,0x00,0x00,0x00,0x00,0x00,0x00,0x00,0x00,0x00,0x00,0x00,0x00,0x00,0x00,0x00,0x00,
  0x00,0x00,0x00,0x00,0x00,0x00,0x00,0x00,0x00,0x00,0x00,0x00,0x00,0x00,0x00,0x00,0x00,0x00,0x00,0x00,
  0x00,0x00,0x00,0x00,0x00,0x00,0x00,0x00,0x00,0x00,0x00,0x00,0x00,0x00,0x00,0x00,0x00,0x00,0x00,0x00,
  0x00,0x00,0x00,0x00,0x00,0x00,0x00,0x00,0x00,0x00,0x00,0x00,0x00,0x00,0x00,0x00,0x00,0x00,0x00,0x00,
  0x00,0x00,0x00,0x00,0x00,0x00,0x00,0x00,0x00,0x00,0x00,0x00,0x00,0x00,0x00,0x00,0x00,0x00,
};
static const uint8_t kMask29[] = {
  0x00,0x00,0x00,0x00,0x00,0x00,0x00,0x00,0x00,0x00,0x00,0x00,0x00,0x00,0x00,0x00,0x00,0x00,0x00,0x00,
  0x00,0x00,0x00,0x00,0x00,0x00,0x00,0x00,0x00,0x00,0x00,0x00,0x00,0x00,0x00,0x00,0x00,0x00,0x00,0x00,
  0x00,0x00,0x00,0x00,0x00,0x00,0x00,0x00,0x00,0x00,0x00,0x00,0x00,0x00,0x00,0x00,0x00,0x00,0x00,0x13,
  0x00,0x00,0x00,0x00,0x00,0x00,0x00,0x00,0x00,0x00,0x00,0x00,0x00,0x00,0x00,0x00,0x9b,0x00,0x00,0x00,
  0x00,0x00,0x00,0x00,0x00,0x00,0x00,0x00,0x00,0x00,0x00,0x00,0x03,0xff,0x40,0x00,0x00,0x00,0x00,0x00,
  0x00,0x00,0x00,0x00,0x00,0x00,0x00,0x00,0x00,0x0b,0xff,0xc0,0x00,0x00,0x00,0x00,0x00,0x00,0x00,0x00,
  0x00,0x00,0x00,0x00,0x00,0x00,0x4f,0xff,0xf6,0x00,0x00,0x00,0x00,0x00,0x00,0x00,0x00,0x00,0x00,0x00,
  0x00,0x00,0x00,0xdf,0xff,0xfe,0x10,0x00,0x00,0x00,0x00,0x00,0x00,0x00,0x00,0x00,0x00,0x00,0x00,0x06,
  0xff,0xff,0xff,0x80,0x00,0x00,0x00,0x00,0x00,0x00,0x00,0x00,0x00,0x00,0x00,0x00,0x1e,0xff,0xff,0xff,
  0xf2,0x00,0x00,0x00,0x00,0x00,0x00,0x00,0x00,0x00,0x00,0x00,0x00,0x8f,0xff,0xee,0xff,0xfa,0x00,0x00,
  0x00,0x00,0x00,0x00,0x00,0x00,0x00,0x00,0x00,0x02,0xff,0xfb,0x00,0xbf,0xff,0x30,0x00,0x00,0x00,0x00,
  0x00,0x00,0x00,0x00,0x00,0x00,0x0b,0xff,0xf4,0x00,0x4f,0xff,0xb0,0x00,0x00,0x00,0x00,0x00,0x00,0x00,
  0x00,0x00,0x00,0x4f,0xff,0xf5,0x00,0x4f,0xff,0xf5,0x00,0x00,0x00,0x00,0x00,0x00,0x00,0x00,0x00,0x00,
  0xcf,0xff,0xf6,0x00,0x4f,0xff,0xfd,0x00,0x00,0x00,0x00,0x00,0x00,0x00,0x00,0x00,0x06,0xff,0xff,0xf6,
  0x00,0x4f,0xff,0xff,0x70,0x00,0x00,0x00,0x00,0x00,0x00,0x00,0x00,0x1e,0xff,0xff,0xf6,0x00,0x4f,0xff,
  0xff,0xe1,0x00,0x00,0x00,0x00,0x00,0x00,0x00,0x00,0x8f,0xff,0xff,0xf6,0x00,0x4f,0xff,0xff,0xf9,0x00,
  0x00,0x00,0x00,0x00,0x00,0x00,0x02,0xff,0xff,0xff,0xf5,0x00,0x4f,0xff,0xff,0xff,0x20,0x00,0x00,0x00,
  0x00,0x00,0x00,0x0a,0xff,0xff,0xff,0xf4,0x00,0x4f,0xff,0xff,0xff,0xb0,0x00,0x00,0x00,0x00,0x00,0x00,
  0x3f,0xff,0xff,0xff,0xfb,0x00,0xbf,0xff,0xff,0xff,0xf4,0x00,0x00,0x00,0x00,0x00,0x00,0xcf,0xff,0xff,
  0xff,0xff,0xee,0xff,0xff,0xff,0xff,0xfc,0x00,0x00,0x00,0x00,0x00,0x37,0xff,0xff,0xff,0xff,0xff,0xbb,
  0xff,0xff,0xff,0xff,0xff,0x73,0x10,0x00,0x00,0x2d,0xff,0xff,0xff,0xff,0xff,0xf7,0x00,0x7f,0xff,0xff,
  0xff,0xff,0xff,0xe3,0x00,0x00,0xcf,0xff,0xff,0xff,0xff,0xff,0xf2,0x00,0x2f,0xff,0xff,0xff,0xff,0xff,
  0xfe,0x00,0x00,0xff,0xff,0xff,0xff,0xff,0xff,0xf7,0x00,0x7f,0xff,0xff,0xff,0xff,0xff,0xff,0x20,0x00,
  0xff,0xff,0xff,0xff,0xff,0xff,0xff,0xbb,0xff,0xff,0xff,0xff,0xff,0xff,0xff,0x20,0x00,0xef,0xff,0xff,
  0xff,0xff,0xff,0xff,0xff,0xff,0xff,0xff,0xff,0xff,0xff,0xff,0x10,0x00,0xcf,0xff,0xff,0xff,0xff,0xff,
  0xff,0xff,0xff,0xff,0xff,0xff,0xff,0xff,0xfd,0x00,0x00,0x06,0xbb,0xbb,0xbb,0xbb,0xbb,0xbb,0xbb,0xbb,
  0xbb,0xbb,0xbb,0xbb,0xbb,0x70,0x00,0x00,0x00,0x00,0x00,0x00,0x00,0x00,0x00,0x00,0x00,0x00,0x00,0x00,
  0x00,0x00,0x00,0x00,0x00,0x00,0x00,0x00,0x00,0x00,0x00,0x00,0x00,0x00,0x00,0x00,0x00,0x00,0x00,0x00,
  0x00,0x00,0x00,0x00,0x00,0x00,0x00,0x00,0x00,0x00,0x00,0x00,0x00,0x00,0x00,0x00,0x00,0x00,
};
static const uint8_t kMask30[] = {
  0x00,0x00,0x00,0x00,0x00,0x00,0x00,0x00,0x00,0x00,0x00,0x00,0x00,0x00,0x00,0x00,0x00,0x00,0x00,0x09,
  0xd2,0x00,0x00,0x00,0x00,0x00,0x00,0x09,0xfe,0x20,0x00,0x00,0x00,0x02,0xe4,0x09,0xcb,0xe3,0x00,0x00,
  0x00,0x00,0xbe,0x59,0xb2,0xfc,0x00,0x00,0x00,0x00,0x09,0xfe,0xde,0xd2,0x00,0x00,0x00,0x00,0x00,0x7f,
  0xfb,0x10,0x00,0x00,0x00,0x00,0x00,0x7f,0xfb,0x10,0x00,0x00,0x00,0x00,0x09,0xfe,0xde,0xd2,0x00,0x00,
  0x00,0x00,0xbe,0x59,0xb2,0xfc,0x00,0x00,0x00,0x02,0xe4,0x09,0xcb,0xe3,0x00,0x00,0x00,0x00,0x00,0x09,
  0xfe,0x20,0x00,0x00,0x00,0x00,0x00,0x09,0xd2,0x00,0x00,0x00,0x00,0x00,0x00,0x00,0x00,0x00,0x00,0x00,
  0x00,0x00,0x00,0x00,0x00,0x00,0x00,0x00,
};
static const uint8_t kMask31[] = {
  0x00,0x00,0x00,0x00,0x00,0x00,0x00,0x00,0x00,0x00,0x00,0x00,0x00,0x00,0x00,0x00,0x00,0x00,0x00,0x00,
  0x00,0x00,0x00,0x00,0x00,0x00,0x00,0x00,0x00,0x00,0x00,0x00,0x00,0x00,0x00,0x00,0x00,0x00,0x00,0x00,
  0x00,0x00,0x00,0x00,0x00,0x00,0x00,0x00,0x00,0x00,0x00,0x00,0x00,0x00,0x00,0x00,0x00,0x00,0x00,0x00,
  0x00,0x00,0x00,0x00,0x00,0x00,0x00,0x00,0x00,0x00,0x00,0x00,0x00,0x00,0x00,0x00,0x00,0x00,0x00,0x00,
  0x00,0x00,0x00,0x00,0x00,0x00,0x00,0x00,0x00,0x00,0x00,0x00,0x00,0x00,0x00,0x00,0x00,0x00,0x00,0x00,
  0x00,0x00,0x00,0x00,0x00,0x00,0x00,0x00,0x00,0x00,0x00,0x00,0x00,0x00,0x00,0x00,0x00,0x00,0x00,0x00,
  0x19,0xa2,0x00,0x00,0x00,0x00,0x00,0x00,0x00,0x00,0x00,0x00,0x00,0x00,0x00,0x00,0x00,0x00,0x00,0x00,
  0x00,0x00,0x9f,0xfe,0x30,0x00,0x00,0x00,0x00,0x00,0x00,0x00,0x00,0x00,0x00,0x00,0x00,0x00,0x00,0x00,
  0x00,0x00,0x00,0x00,0xdf,0xff,0xe4,0x00,0x00,0x00,0x00,0x00,0x00,0x00,0x00,0x00,0x00,0x00,0x00,0x00,
  0x00,0x00,0x00,0x00,0x00,0x00,0xdf,0xff,0xff,0x60,0x00,0x00,0x00,0x00,0x00,0x00,0x00,0x00,0x00,0x00,
  0x00,0x00,0x00,0x00,0x00,0x00,0x00,0x00,0xdf,0xff,0xff,0xf7,0x00,0x00,0x00,0x00,0x00,0x00,0x00,0x00,
  0x00,0x00,0x00,0x00,0x00,0x00,0x00,0x00,0x00,0x00,0xdf,0xff,0xff,0xff,0x80,0x00,0x00,0x00,0x00,0x00,
  0x00,0x00,0x00,0x00,0x00,0x00,0x00,0x08,0xb4,0x00,0x00,0x00,0xdf,0xfe,0xaf,0xff,0xfa,0x00,0x00,0x00,
  0x00,0x00,0x00,0x00,0x00,0x00,0x00,0x00,0x00,0x7f,0xff,0x60,0x00,0x00,0xdf,0xfd,0x09,0xff,0xff,0xb1,
  0x00,0x00,0x00,0x00,0x00,0x00,0x00,0x00,0x00,0x00,0x00,0x9f,0xff,0xf9,0x00,0x00,0xdf,0xfd,0x00,0x7f,
  0xff,0xfc,0x10,0x00,0x00,0x00,0x00,0x00,0x00,0x00,0x00,0x00,0x00,0x2d,0xff,0xff,0xb1,0x00,0xdf,0xfd,
  0x00,0x06,0xff,0xff,0x80,0x00,0x00,0x00,0x00,0x00,0x00,0x00,0x00,0x00,0x00,0x01,0xbf,0xff,0xfc,0x10,
  0xdf,0xfd,0x00,0x09,0xff,0xff,0x70,0x00,0x00,0x00,0x00,0x00,0x00,0x00,0x00,0x00,0x00,0x00,0x09,0xff,
  0xff,0xe3,0xdf,0xfd,0x01,0xbf,0xff,0xfc,0x10,0x00,0x00,0x00,0x00,0x00,0x00,0x00,0x00,0x00,0x00,0x00,
  0x00,0x7f,0xff,0xfe,0xef,0xfd,0x2d,0xff,0xff,0xb1,0x00,0x00,0x00,0x00,0x00,0x00,0x00,0x00,0x00,0x00,
  0x00,0x00,0x00,0x05,0xef,0xff,0xff,0xfe,0xef,0xff,0xf9,0x00,0x00,0x00,0x00,0x00,0x00,0x00,0x00,0x00,
  0x00,0x00,0x00,0x00,0x00,0x00,0x3e,0xff,0xff,0xff,0xff,0xff,0x60,0x00,0x00,0x00,0x00,0x00,0x00,0x00,
  0x00,0x00,0x00,0x00,0x00,0x00,0x00,0x00,0x02,0xdf,0xff,0xff,0xff,0xe4,0x00,0x00,0x00,0x00,0x00,0x00,
  0x00,0x00,0x00,0x00,0x00,0x00,0x00,0x00,0x00,0x00,0x00,0x1b,0xff,0xff,0xfe,0x30,0x00,0x00,0x00,0x00,
  0x00,0x00,0x00,0x00,0x00,0x00,0x00,0x00,0x00,0x00,0x00,0x00,0x00,0x1b,0xff,0xff,0xfe,0x30,0x00,0x00,
  0x00,0x00,0x00,0x00,0x00,0x00,0x00,0x00,0x00,0x00,0x00,0x00,0x00,0x00,0x02,0xdf,0xff,0xff,0xff,0xe4,
  0x00,0x00,0x00,0x00,0x00,0x00,0x00,0x00,0x00,0x00,0x00,0x00,0x00,0x00,0x00,0x00,0x3e,0xff,0xff,0xff,
  0xff,0xff,0x60,0x00,0x00,0x00,0x00,0x00,0x00,0x00,0x00,0x00,0x00,0x00,0x00,0x00,0x00,0x05,0xef,0xff,
  0xff,0xfe,0xef,0xff,0xf9,0x00,0x00,0x00,0x00,0x00,0x00,0x00,0x00,0x00,0x00,0x00,0x00,0x00,0x00,0x7f,
  0xff,0xfe,0xef,0xfd,0x2d,0xff,0xff,0xb1,0x00,0x00,0x00,0x00,0x00,0x00,0x00,0x00,0x00,0x00,0x00,0x00,
  0x09,0xff,0xff,0xe3,0xdf,0xfd,0x01,0xbf,0xff,0xfc,0x10,0x00,0x00,0x00,0x00,0x00,0x00,0x00,0x00,0x00,
  0x00,0x01,0xbf,0xff,0xfc,0x10,0xdf,0xfd,0x00,0x09,0xff,0xff,0x70,0x00,0x00,0x00,0x00,0x00,0x00,0x00,
  0x00,0x00,0x00,0x2d,0xff,0xff,0xb1,0x00,0xdf,0xfd,0x00,0x06,0xff,0xff,0x80,0x00,0x00,0x00,0x00,0x00,
  0x00,0x00,0x00,0x00,0x00,0x9f,0xff,0xf9,0x00,0x00,0xdf,0xfd,0x00,0x7f,0xff,0xfc,0x10,0x00,0x00,0x00,
  0x00,0x00,0x00,0x00,0x00,0x00,0x00,0x7f,0xff,0x60,0x00,0x00,0xdf,0xfd,0x09,0xff,0xff,0xb1,0x00,0x00,
  0x00,0x00,0x00,0x00,0x00,0x00,0x00,0x00,0x00,0x08,0xb4,0x00,0x00,0x00,0xdf,0xfe,0xaf,0xff,0xfa,0x00,
  0x00,0x00,0x00,0x00,0x00,0x00,0x00,0x00,0x00,0x00,0x00,0x00,0x00,0x00,0x00,0x00,0xdf,0xff,0xff,0xff,
  0x80,0x00,0x00,0x00,0x00,0x00,0x00,0x00,0x00,0x00,0x00,0x00,0x00,0x00,0x00,0x00,0x00,0x00,0xdf,0xff,
  0xff,0xf7,0x00,0x00,0x00,0x00,0x00,0x00,0x00,0x00,0x00,0x00,0x00,0x00,0x00,0x00,0x00,0x00,0x00,0x00,
  0xdf,0xff,0xff,0x60,0x00,0x00,0x00,0x00,0x00,0x00,0x00,0x00,0x00,0x00,0x00,0x00,0x00,0x00,0x00,0x00,
  0x00,0x00,0xdf,0xff,0xe4,0x00,0x00,0x00,0x00,0x00,0x00,0x00,0x00,0x00,0x00,0x00,0x00,0x00,0x00,0x00,
  0x00,0x00,0x00,0x00,0x9f,0xfe,0x30,0x00,0x00,0x00,0x00,0x00,0x00,0x00,0x00,0x00,0x00,0x00,0x00,0x00,
  0x00,0x00,0x00,0x00,0x00,0x00,0x19,0xa2,0x00,0x00,0x00,0x00,0x00,0x00,0x00,0x00,0x00,0x00,0x00,0x00,
  0x00,0x00,0x00,0x00,0x00,0x00,0x00,0x00,0x00,0x00,0x00,0x00,0x00,0x00,0x00,0x00,0x00,0x00,0x00,0x00,
  0x00,0x00,0x00,0x00,0x00,0x00,0x00,0x00,0x00,0x00,0x00,0x00,0x00,0x00,0x00,0x00,0x00,0x00,0x00,0x00,
  0x00,0x00,0x00,0x00,0x00,0x00,0x00,0x00,0x00,0x00,0x00,0x00,0x00,0x00,0x00,0x00,0x00,0x00,0x00,0x00,
  0x00,0x00,0x00,0x00,0x00,0x00,0x00,0x00,0x00,0x00,0x00,0x00,0x00,0x00,0x00,0x00,0x00,0x00,0x00,0x00,
  0x00,0x00,0x00,0x00,0x00,0x00,0x00,0x00,0x00,0x00,0x00,0x00,0x00,0x00,0x00,0x00,0x00,0x00,0x00,0x00,
  0x00,0x00,0x00,0x00,0x00,0x00,0x00,0x00,
};
static const uint8_t kMask32[] = {
  0x00,0x00,0x00,0x00,0x00,0x00,0x00,0x00,0x00,0x00,0x00,0x00,0x00,0x00,0x00,0x00,0x00,0x00,0x00,0x00,
  0x00,0x00,0x00,0x00,0x00,0x00,0x00,0x00,0x00,0x00,0x00,0x00,0x00,0x00,0x00,0x00,0x00,0x00,0x00,0x00,
  0x00,0x00,0x00,0x00,0x00,0x00,0x00,0x00,0x00,0x00,0x00,0x00,0x00,0x00,0x00,0x00,0x00,0x00,0x00,0x00,
  0x00,0x00,0x00,0x00,0x00,0x00,0x00,0x00,0x00,0x00,0x00,0x00,0x00,0x00,0x00,0x00,0x00,0x00,0x00,0x00,
  0x00,0x00,0x00,0x00,0x00,0x00,0x00,0x00,0x00,0x00,0x00,0x00,0x00,0x00,0x00,0x00,0x00,0x00,0x00,0x00,
  0x00,0x00,0x00,0x00,0x00,0x00,0x00,0x00,0x00,0x00,0x00,0x00,0x00,0x00,0x00,0x00,0x00,0x00,0x00,0x00,
  0x00,0x00,0x00,0x00,0x00,0x00,0x00,0x00,0x00,0x00,0x00,0x00,0x00,0x00,0x00,0x00,0x00,0x00,0x00,0x00,
  0x00,0x00,0x00,0x00,0x00,0x00,0x00,0x00,0x00,0x00,0x00,0x00,0x00,0x00,0x00,0x00,0x00,0x00,0x00,0x00,
  0x00,0x00,0x00,0x00,0x00,0x00,0x00,0x00,0x00,0x00,0x00,0x00,0x00,0x00,0x00,0x00,0x00,0x00,0x00,0x00,
  0x00,0x66,0x00,0x00,0x00,0x00,0x00,0x00,0x00,0x00,0x00,0x09,0xff,0x90,0x00,0x00,0x00,0x00,0x00,0x00,
  0x00,0x00,0x0d,0xff,0xd0,0x00,0x00,0x00,0x00,0x00,0x00,0x00,0x00,0x07,0xff,0x70,0x00,0x00,0x00,0x00,
  0x00,0x00,0x00,0x00,0x00,0x44,0x00,0x00,0x00,0x00,0x00,0x00,0x00,0x00,0x00,0x00,0x00,0x00,0x00,0x00,
  0x00,0x00,
};
static const uint8_t kMask33[] = {
  0x00,0x00,0x00,0x00,0x00,0x00,0x00,0x00,0x00,0x00,0x00,0x00,0x00,0x00,0x00,0x00,0x00,0x00,0x00,0x00,
  0x00,0x00,0x00,0x00,0x00,0x00,0x00,0x00,0x00,0x00,0x00,0x00,0x00,0x00,0x00,0x00,0x00,0x00,0x00,0x00,
  0x00,0x00,0x00,0x00,0x00,0x00,0x00,0x00,0x00,0x00,0x00,0x00,0x00,0x00,0x00,0x00,0x00,0x00,0x00,0x00,
  0x00,0x00,0x00,0x00,0x00,0x00,0x00,0x00,0x00,0x00,0x00,0x00,0x00,0x00,0x00,0x00,0x00,0x00,0x00,0x00,
  0x00,0x00,0x00,0x00,0x00,0x00,0x00,0x00,0x00,0x00,0x00,0x00,0x00,0x00,0x00,0x00,0x00,0x00,0x00,0x00,
  0x00,0x00,0x00,0x00,0x00,0x00,0x00,0x00,0x00,0x00,0x00,0x00,0x00,0x00,0x00,0x00,0x00,0x00,0x00,0x00,
  0x00,0x00,0x00,0x00,0x00,0x00,0x00,0x00,0x00,0x00,0x00,0x00,0x00,0x00,0x00,0x00,0x00,0x00,0x00,0x00,
  0x00,0x00,0x00,0x00,0x00,0x00,0x00,0x28,0xbb,0x82,0x00,0x00,0x00,0x00,0x00,0x00,0x00,0x07,0xff,0xff,
  0xff,0x70,0x00,0x00,0x00,0x00,0x00,0x00,0x3f,0xfd,0x88,0xdf,0xf3,0x00,0x00,0x00,0x00,0x00,0x00,0x1b,
  0x90,0x00,0x09,0xb1,0x00,0x00,0x00,0x00,0x00,0x00,0x00,0x00,0x00,0x00,0x00,0x00,0x00,0x00,0x00,0x00,
  0x00,0x00,0x00,0x00,0x00,0x00,0x00,0x00,0x00,0x00,0x00,0x00,0x00,0x00,0x00,0x00,0x00,0x00,0x00,0x00,
  0x00,0x00,0x00,0x00,0x00,0x00,0x00,0x00,0x00,0x00,0x00,0x00,0x00,0x00,0x00,0x00,0x00,0x00,0x00,0x00,
  0x00,0x00,
};
static const uint8_t kMask34[] = {
  0x00,0x00,0x00,0x00,0x00,0x00,0x00,0x00,0x00,0x00,0x00,0x00,0x00,0x00,0x00,0x00,0x00,0x00,0x00,0x00,
  0x00,0x00,0x00,0x00,0x00,0x00,0x00,0x00,0x00,0x00,0x00,0x00,0x00,0x00,0x00,0x00,0x00,0x00,0x00,0x00,
  0x00,0x00,0x00,0x00,0x00,0x00,0x00,0x00,0x00,0x00,0x00,0x00,0x00,0x00,0x00,0x00,0x00,0x00,0x00,0x00,
  0x00,0x00,0x00,0x00,0x00,0x00,0x00,0x00,0x00,0x00,0x00,0x00,0x00,0x00,0x00,0x00,0x00,0x00,0x00,0x00,
  0x00,0x00,0x00,0x00,0x00,0x00,0x00,0x00,0x00,0x00,0x00,0x00,0x00,0x00,0x00,0x00,0x00,0x00,0x00,0x00,
  0x00,0x00,0x05,0xad,0xff,0xda,0x50,0x00,0x00,0x00,0x00,0x00,0x04,0xdf,0xff,0xff,0xff,0xfd,0x40,0x00,
  0x00,0x00,0x00,0x8f,0xff,0xa6,0x44,0x6a,0xff,0xf8,0x00,0x00,0x00,0x05,0xff,0xb2,0x00,0x00,0x00,0x2b,
  0xff,0x50,0x00,0x00,0x02,0xc9,0x00,0x00,0x00,0x00,0x00,0x9c,0x20,0x00,0x00,0x00,0x00,0x00,0x00,0x00,
  0x00,0x00,0x00,0x00,0x00,0x00,0x00,0x00,0x00,0x00,0x00,0x00,0x00,0x00,0x00,0x00,0x00,0x00,0x00,0x00,
  0x00,0x00,0x00,0x00,0x00,0x00,0x00,0x00,0x00,0x00,0x00,0x00,0x00,0x00,0x00,0x00,0x00,0x00,0x00,0x00,
  0x00,0x00,0x00,0x00,0x00,0x00,0x00,0x00,0x00,0x00,0x00,0x00,0x00,0x00,0x00,0x00,0x00,0x00,0x00,0x00,
  0x00,0x00,0x00,0x00,0x00,0x00,0x00,0x00,0x00,0x00,0x00,0x00,0x00,0x00,0x00,0x00,0x00,0x00,0x00,0x00,
  0x00,0x00,
};
static const uint8_t kMask35[] = {
  0x00,0x00,0x00,0x00,0x00,0x00,0x00,0x00,0x00,0x00,0x00,0x00,0x00,0x00,0x00,0x00,0x00,0x00,0x00,0x00,
  0x00,0x00,0x00,0x00,0x00,0x00,0x00,0x00,0x00,0x00,0x00,0x00,0x00,0x00,0x00,0x00,0x00,0x00,0x00,0x00,
  0x00,0x00,0x00,0x00,0x00,0x00,0x00,0x00,0x02,0x44,0x31,0x00,0x00,0x00,0x00,0x00,0x00,0x02,0x7c,0xff,
  0xff,0xff,0xc8,0x20,0x00,0x00,0x00,0x01,0x9f,0xff,0xff,0xff,0xff,0xff,0xfa,0x20,0x00,0x00,0x5e,0xff,
  0xe8,0x42,0x00,0x14,0x8d,0xff,0xf6,0x00,0x07,0xff,0xe6,0x00,0x00,0x00,0x00,0x00,0x5d,0xff,0x80,0x5f,
  0xfb,0x10,0x00,0x00,0x00,0x00,0x00,0x01,0x9f,0xf5,0x2c,0x90,0x00,0x00,0x00,0x00,0x00,0x00,0x00,0x09,
  0xc2,0x00,0x00,0x00,0x00,0x00,0x00,0x00,0x00,0x00,0x00,0x00,0x00,0x00,0x00,0x00,0x00,0x00,0x00,0x00,
  0x00,0x00,0x00,0x00,0x00,0x00,0x00,0x00,0x00,0x00,0x00,0x00,0x00,0x00,0x00,0x00,0x00,0x00,0x00,0x00,
  0x00,0x00,0x00,0x00,0x00,0x00,0x00,0x00,0x00,0x00,0x00,0x00,0x00,0x00,0x00,0x00,0x00,0x00,0x00,0x00,
  0x00,0x00,0x00,0x00,0x00,0x00,0x00,0x00,0x00,0x00,0x00,0x00,0x00,0x00,0x00,0x00,0x00,0x00,0x00,0x00,
  0x00,0x00,0x00,0x00,0x00,0x00,0x00,0x00,0x00,0x00,0x00,0x00,0x00,0x00,0x00,0x00,0x00,0x00,0x00,0x00,
  0x00,0x00,0x00,0x00,0x00,0x00,0x00,0x00,0x00,0x00,0x00,0x00,0x00,0x00,0x00,0x00,0x00,0x00,0x00,0x00,
  0x00,0x00,
};
static const uint8_t kMask36[] = {
  0x00,0x00,0x00,0x00,0x00,0x00,0x00,0x00,0x00,0x00,0x00,0x00,0x00,0x00,0x0b,0xc0,0x00,0x00,0x00,0x00,
  0x00,0x00,0x00,0x00,0x0e,0xf2,0x00,0x00,0x00,0x00,0x00,0x00,0x00,0x00,0x0d,0xf2,0x00,0x00,0x00,0x00,
  0x00,0x00,0x01,0x00,0x0d,0xf2,0x00,0x10,0x00,0x00,0x00,0x00,0x3e,0xc0,0x0d,0xf2,0x0c,0xe3,0x00,0x00,
  0x00,0x02,0xef,0xb0,0x0d,0xf2,0x0b,0xfe,0x20,0x00,0x00,0x0a,0xfa,0x00,0x0d,0xf2,0x00,0xaf,0xa0,0x00,
  0x00,0x2f,0xe1,0x00,0x0d,0xf2,0x00,0x1e,0xf2,0x00,0x00,0x6f,0xa0,0x00,0x0d,0xe1,0x00,0x0a,0xf6,0x00,
  0x00,0x7f,0x70,0x00,0x01,0x20,0x00,0x07,0xf7,0x00,0x00,0x7f,0x80,0x00,0x00,0x00,0x00,0x08,0xf7,0x00,
  0x00,0x4f,0xb0,0x00,0x00,0x00,0x00,0x0b,0xf4,0x00,0x00,0x0e,0xf3,0x00,0x00,0x00,0x00,0x3f,0xe0,0x00,
  0x00,0x07,0xfd,0x10,0x00,0x00,0x01,0xdf,0x70,0x00,0x00,0x00,0xbf,0xd5,0x00,0x00,0x5d,0xfb,0x00,0x00,
  0x00,0x00,0x1b,0xff,0xeb,0xbe,0xff,0xb1,0x00,0x00,0x00,0x00,0x00,0x6c,0xff,0xff,0xc6,0x00,0x00,0x00,
  0x00,0x00,0x00,0x00,0x14,0x41,0x00,0x00,0x00,0x00,0x00,0x00,0x00,0x00,0x00,0x00,0x00,0x00,0x00,0x00,
};
static const uint8_t kMask37[] = {
  0x00,0x00,0x00,0x00,0x00,0x00,0x00,0x00,0x00,0x00,0x00,0x00,0x00,0x00,0x00,0x00,0x00,0x00,0x00,0x00,
  0x00,0x00,0x00,0x00,0x00,0x00,0x00,0x00,0x00,0x00,0x00,0x00,0x00,0x00,0x00,0x00,0x00,0x00,0x00,0x00,
  0x00,0x00,0x00,0x00,0x00,0x00,0x00,0x00,0x00,0x00,0x00,0x00,0x00,0x00,0x00,0x00,0x00,0x00,0x00,0x00,
  0x00,0x00,0x00,0x00,0x00,0x00,0x00,0x00,0x00,0x00,0x00,0x00,0x00,0x00,0x00,0x00,0x00,0x00,0x00,0x00,
  0x00,0x00,0x00,0x00,0x00,0x00,0x00,0x00,0x00,0x00,0x00,0x00,0x00,0x00,0x00,0x00,0x00,0x00,0x00,0x00,
  0x00,0x00,0x00,0x00,0x00,0x00,0x00,0x00,0x00,0x00,0x00,0x00,0x00,0x00,0x00,0x49,0xdf,0xfd,0xa5,0x00,
  0x00,0x00,0x00,0x00,0x00,0x00,0x00,0x00,0x00,0x00,0x00,0x00,0x2b,0xff,0xff,0xff,0xff,0xc3,0x00,0x00,
  0x00,0x00,0x00,0x00,0x00,0x00,0x00,0x00,0x00,0x03,0xef,0xff,0xff,0xff,0xff,0xff,0x50,0x00,0x00,0x00,
  0x00,0x00,0x00,0x00,0x00,0x00,0x00,0x2e,0xff,0xff,0xda,0xac,0xff,0xff,0xf3,0x00,0x00,0x00,0x00,0x00,
  0x00,0x00,0x00,0x00,0x00,0xbf,0xff,0xd4,0x00,0x00,0x3c,0xff,0xfd,0x00,0x00,0x00,0x00,0x00,0x00,0x00,
  0x00,0x00,0x04,0xff,0xfd,0x10,0x00,0x00,0x01,0xcf,0xff,0x60,0x00,0x00,0x00,0x00,0x00,0x00,0x00,0x00,
  0x09,0xff,0xf4,0x00,0x00,0x00,0x00,0x2f,0xff,0xb0,0x00,0x00,0x00,0x00,0x00,0x00,0x00,0x00,0x0d,0xff,
  0xd0,0x00,0x00,0x00,0x00,0x0b,0xff,0xf0,0x00,0x00,0x00,0x00,0x00,0x00,0x00,0x00,0x1f,0xff,0xa0,0x00,
  0x00,0x00,0x00,0x09,0xff,0xf2,0x00,0x00,0x00,0x00,0x00,0x00,0x00,0x00,0x1f,0xff,0x90,0x00,0x00,0x00,
  0x00,0x09,0xff,0xf1,0x00,0x00,0x00,0x00,0x00,0x00,0x00,0x00,0x2f,0xff,0xc7,0x77,0x77,0x77,0x77,0x7c,
  0xff,0xf2,0x00,0x00,0x00,0x00,0x00,0x00,0x00,0x05,0xff,0xff,0xff,0xff,0xff,0xff,0xff,0xff,0xff,0xff,
  0x70,0x00,0x00,0x00,0x00,0x00,0x00,0x2f,0xff,0xff,0xff,0xff,0xff,0xff,0xff,0xff,0xff,0xff,0xf3,0x00,
  0x00,0x00,0x00,0x00,0x00,0x7f,0xff,0xff,0xff,0xff,0xff,0xff,0xff,0xff,0xff,0xff,0xf8,0x00,0x00,0x00,
  0x00,0x00,0x00,0x7f,0xff,0xff,0xff,0xff,0xe8,0x8e,0xff,0xff,0xff,0xff,0xf9,0x00,0x00,0x00,0x00,0x00,
  0x00,0x7f,0xff,0xff,0xff,0xfd,0x10,0x01,0xdf,0xff,0xff,0xff,0xf9,0x00,0x00,0x00,0x00,0x00,0x00,0x7f,
  0xff,0xff,0xff,0xf7,0x00,0x00,0x7f,0xff,0xff,0xff,0xf9,0x00,0x00,0x00,0x00,0x00,0x00,0x7f,0xff,0xff,
  0xff,0xf6,0x00,0x00,0x6f,0xff,0xff,0xff,0xf9,0x00,0x00,0x00,0x00,0x00,0x00,0x7f,0xff,0xff,0xff,0xfc,
  0x10,0x01,0xcf,0xff,0xff,0xff,0xf9,0x00,0x00,0x00,0x00,0x00,0x00,0x7f,0xff,0xff,0xff,0xff,0xb0,0x0a,
  0xff,0xff,0xff,0xff,0xf9,0x00,0x00,0x00,0x00,0x00,0x00,0x7f,0xff,0xff,0xff,0xff,0xd0,0x0b,0xff,0xff,
  0xff,0xff,0xf9,0x00,0x00,0x00,0x00,0x00,0x00,0x7f,0xff,0xff,0xff,0xff,0xd0,0x0b,0xff,0xff,0xff,0xff,
  0xf9,0x00,0x00,0x00,0x00,0x00,0x00,0x7f,0xff,0xff,0xff,0xff,0xe3,0x3d,0xff,0xff,0xff,0xff,0xf9,0x00,
  0x00,0x00,0x00,0x00,0x00,0x7f,0xff,0xff,0xff,0xff,0xff,0xff,0xff,0xff,0xff,0xff,0xf9,0x00,0x00,0x00,
  0x00,0x00,0x00,0x6f,0xff,0xff,0xff,0xff,0xff,0xff,0xff,0xff,0xff,0xff,0xf7,0x00,0x00,0x00,0x00,0x00,
  0x00,0x0d,0xff,0xff,0xff,0xff,0xff,0xff,0xff,0xff,0xff,0xff,0xe1,0x00,0x00,0x00,0x00,0x00,0x00,0x02,
  0xdf,0xff,0xff,0xff,0xff,0xff,0xff,0xff,0xff,0xfd,0x30,0x00,0x00,0x00,0x00,0x00,0x00,0x00,0x03,0x44,
  0x44,0x44,0x44,0x44,0x44,0x44,0x44,0x30,0x00,0x00,0x00,0x00,0x00,0x00,0x00,0x00,0x00,0x00,0x00,0x00,
  0x00,0x00,0x00,0x00,0x00,0x00,0x00,0x00,0x00,0x00,0x00,0x00,0x00,0x00,0x00,0x00,0x00,0x00,0x00,0x00,
  0x00,0x00,0x00,0x00,0x00,0x00,0x00,0x00,
};
static const uint8_t kMask38[] = {
  0x00,0x00,0x00,0x00,0x00,0x00,0x00,0x00,0x00,0x00,0x00,0x00,0x00,0x00,0x00,0x00,0x00,0x00,0x00,0x00,
  0x00,0x00,0x00,0xbd,0x20,0x00,0x00,0x00,0x00,0x00,0x00,0x0a,0xff,0x50,0x00,0x00,0x00,0x00,0x00,0x00,
  0xaf,0xf7,0x00,0x00,0x00,0x00,0x00,0x00,0x09,0xff,0x70,0x00,0x00,0x00,0x00,0x00,0x00,0x8f,0xf7,0x00,
  0x00,0x00,0x00,0x00,0x00,0x08,0xff,0x80,0x00,0x00,0x00,0x00,0x00,0x00,0x8f,0xf8,0x00,0x00,0x00,0x00,
  0x00,0x00,0x00,0x9f,0xf7,0x00,0x00,0x00,0x00,0x00,0x00,0x00,0x0a,0xff,0x70,0x00,0x00,0x00,0x00,0x00,
  0x00,0x00,0xaf,0xf7,0x00,0x00,0x00,0x00,0x00,0x00,0x00,0x0a,0xff,0x70,0x00,0x00,0x00,0x00,0x00,0x00,
  0x00,0xaf,0xf7,0x00,0x00,0x00,0x00,0x00,0x00,0x00,0x0a,0xff,0x50,0x00,0x00,0x00,0x00,0x00,0x00,0x00,
  0xbd,0x20,0x00,0x00,0x00,0x00,0x00,0x00,0x00,0x00,0x00,0x00,0x00,0x00,0x00,0x00,0x00,0x00,0x00,0x00,
  0x00,0x00,
};
static const uint8_t kMask39[] = {
  0x00,0x00,0x00,0x00,0x00,0x00,0x00,0x00,0x00,0x00,0x00,0x00,0x00,0x00,0x00,0x00,0x00,0x00,0x00,0x00,
  0x00,0x00,0x00,0x00,0x00,0x00,0x00,0x00,0x00,0x00,0x00,0x00,0x00,0x00,0x00,0x00,0x00,0x00,0x00,0x00,
  0x00,0x00,0x00,0x00,0x00,0x00,0x00,0x00,0x00,0x00,0x00,0x00,0x00,0x00,0x00,0x00,0x00,0x00,0x00,0x00,
  0x00,0x00,0x00,0x00,0x00,0x00,0x00,0x00,0x00,0x00,0x00,0x00,0x00,0x00,0x00,0x00,0x00,0x00,0x00,0x00,
  0x00,0x00,0x00,0x00,0x00,0x00,0x00,0x00,0x00,0x00,0x00,0x00,0x00,0x00,0x00,0x00,0x00,0x00,0x00,0x00,
  0x00,0x00,0x00,0x00,0x00,0x00,0x00,0x00,0x00,0x00,0x00,0x00,0x00,0x00,0x00,0x00,0x00,0x00,0x00,0x00,
  0x00,0x00,0x00,0x00,0x00,0x00,0x00,0x00,0x00,0x00,0x00,0x00,0x00,0x00,0x00,0x00,0x00,0x00,0x00,0x00,
  0x00,0x00,0x00,0x00,0x00,0x00,0x00,0x00,0x00,0x00,0x00,0x00,0x00,0x00,0x00,0x00,0x01,0x41,0x00,0x00,
  0x00,0x00,0x00,0x00,0x00,0x00,0x00,0x00,0x00,0x00,0x00,0x00,0x00,0x00,0x00,0x00,0x6f,0xfe,0x40,0x00,
  0x00,0x00,0x00,0x00,0x00,0x00,0x00,0x00,0x00,0x00,0x00,0x00,0x00,0x00,0x00,0x04,0xff,0xff,0xe0,0x00,
  0x00,0x00,0x00,0x00,0x00,0x00,0x00,0x00,0x00,0x00,0x00,0x00,0x00,0x00,0x00,0x3e,0xff,0xff,0xf2,0x00,
  0x00,0x00,0x00,0x00,0x00,0x00,0x00,0x00,0x00,0x00,0x00,0x00,0x00,0x00,0x02,0xef,0xff,0xff,0xd0,0x00,
  0x00,0x00,0x00,0x00,0x00,0x00,0x00,0x00,0x00,0x00,0x00,0x00,0x00,0x00,0x1e,0xff,0xff,0xfe,0x30,0x00,
  0x00,0x00,0x00,0x00,0x00,0x00,0x00,0x00,0x00,0x00,0x00,0x00,0x00,0x01,0xdf,0xff,0xff,0xe3,0x00,0x00,
  0x00,0x00,0x00,0x00,0x00,0x00,0x00,0x00,0x00,0x00,0x00,0x00,0x00,0x1c,0xff,0xff,0xff,0x40,0x00,0x00,
  0x00,0x00,0x00,0x00,0x00,0x00,0x00,0x00,0x00,0x00,0x00,0x00,0x00,0xbf,0xff,0xff,0xf5,0x00,0x00,0x00,
  0x00,0x00,0x00,0x00,0x00,0x00,0x00,0x00,0x00,0x00,0x00,0x00,0x0a,0xff,0xff,0xff,0x70,0x00,0x00,0x00,
  0x00,0x00,0x00,0x00,0x00,0x00,0x00,0x00,0x00,0x00,0x00,0x00,0x9f,0xff,0xff,0xf7,0x00,0x00,0x00,0x00,
  0x00,0x00,0x2a,0xd9,0x10,0x00,0x00,0x00,0x00,0x00,0x00,0x08,0xff,0xff,0xff,0x80,0x00,0x00,0x00,0x00,
  0x00,0x00,0xdf,0xff,0xc1,0x00,0x00,0x00,0x00,0x00,0x00,0x7f,0xff,0xff,0xfa,0x00,0x00,0x00,0x00,0x00,
  0x00,0x03,0xff,0xff,0xfb,0x10,0x00,0x00,0x00,0x00,0x05,0xff,0xff,0xff,0xb0,0x00,0x00,0x00,0x00,0x00,
  0x00,0x02,0xff,0xff,0xff,0xb1,0x00,0x00,0x00,0x00,0x4f,0xff,0xff,0xfb,0x10,0x00,0x00,0x00,0x00,0x00,
  0x00,0x00,0x9f,0xff,0xff,0xfb,0x10,0x00,0x00,0x03,0xef,0xff,0xff,0xd1,0x00,0x00,0x00,0x00,0x00,0x00,
  0x00,0x00,0x08,0xff,0xff,0xff,0xb1,0x00,0x00,0x2e,0xff,0xff,0xfd,0x10,0x00,0x00,0x00,0x00,0x00,0x00,
  0x00,0x00,0x00,0x8f,0xff,0xff,0xfb,0x10,0x02,0xef,0xff,0xff,0xe2,0x00,0x00,0x00,0x00,0x00,0x00,0x00,
  0x00,0x00,0x00,0x08,0xff,0xff,0xff,0xb1,0x1d,0xff,0xff,0xfe,0x30,0x00,0x00,0x00,0x00,0x00,0x00,0x00,
  0x00,0x00,0x00,0x00,0x8f,0xff,0xff,0xfb,0xcf,0xff,0xff,0xf3,0x00,0x00,0x00,0x00,0x00,0x00,0x00,0x00,
  0x00,0x00,0x00,0x00,0x08,0xff,0xff,0xff,0xff,0xff,0xff,0x50,0x00,0x00,0x00,0x00,0x00,0x00,0x00,0x00,
  0x00,0x00,0x00,0x00,0x00,0x8f,0xff,0xff,0xff,0xff,0xf6,0x00,0x00,0x00,0x00,0x00,0x00,0x00,0x00,0x00,
  0x00,0x00,0x00,0x00,0x00,0x08,0xff,0xff,0xff,0xff,0x70,0x00,0x00,0x00,0x00,0x00,0x00,0x00,0x00,0x00,
  0x00,0x00,0x00,0x00,0x00,0x00,0x8f,0xff,0xff,0xf8,0x00,0x00,0x00,0x00,0x00,0x00,0x00,0x00,0x00,0x00,
  0x00,0x00,0x00,0x00,0x00,0x00,0x08,0xff,0xff,0xa0,0x00,0x00,0x00,0x00,0x00,0x00,0x00,0x00,0x00,0x00,
  0x00,0x00,0x00,0x00,0x00,0x00,0x00,0x7e,0xe8,0x00,0x00,0x00,0x00,0x00,0x00,0x00,0x00,0x00,0x00,0x00,
  0x00,0x00,0x00,0x00,0x00,0x00,0x00,0x00,0x00,0x00,0x00,0x00,0x00,0x00,0x00,0x00,0x00,0x00,0x00,0x00,
  0x00,0x00,0x00,0x00,0x00,0x00,0x00,0x00,0x00,0x00,0x00,0x00,0x00,0x00,0x00,0x00,0x00,0x00,0x00,0x00,
  0x00,0x00,0x00,0x00,0x00,0x00,0x00,0x00,0x00,0x00,0x00,0x00,0x00,0x00,0x00,0x00,0x00,0x00,0x00,0x00,
  0x00,0x00,0x00,0x00,0x00,0x00,0x00,0x00,0x00,0x00,0x00,0x00,0x00,0x00,0x00,0x00,0x00,0x00,0x00,0x00,
  0x00,0x00,0x00,0x00,0x00,0x00,0x00,0x00,0x00,0x00,0x00,0x00,0x00,0x00,0x00,0x00,0x00,0x00,0x00,0x00,
  0x00,0x00,0x00,0x00,0x00,0x00,0x00,0x00,0x00,0x00,0x00,0x00,0x00,0x00,0x00,0x00,0x00,0x00,0x00,0x00,
  0x00,0x00,0x00,0x00,0x00,0x00,0x00,0x00,0x00,0x00,0x00,0x00,0x00,0x00,0x00,0x00,0x00,0x00,0x00,0x00,
};
static const uint8_t kMask40[] = {
  0x00,0x00,0x00,0x00,0x00,0x00,0x00,0x00,0x00,0x00,0x00,0x00,0x00,0x00,0x00,0x00,0x00,0x00,0x00,0x00,
  0x00,0x00,0x00,0x00,0x00,0x00,0x00,0x00,0x00,0x00,0x00,0x00,0x00,0x00,0x00,0x00,0x00,0x00,0x00,0x00,
  0x00,0x00,0x00,0x00,0x00,0x00,0x00,0x00,0x00,0x00,0x00,0x00,0x00,0x00,0x00,0x00,0x00,0x00,0x00,0x00,
  0x00,0x00,0x00,0x00,0x00,0x00,0x00,0x00,0x00,0x00,0x00,0x00,0x00,0x00,0x4c,0xa0,0x00,0x00,0x00,0x00,
  0x00,0x00,0x00,0x00,0x00,0x00,0x00,0x00,0x00,0x00,0x00,0x00,0xcf,0xf9,0x00,0x00,0x00,0x00,0x00,0x00,
  0x00,0x00,0x00,0x00,0x00,0x00,0x00,0x00,0x00,0x00,0xaf,0xff,0x80,0x00,0x00,0x00,0x00,0x00,0x00,0x00,
  0x00,0x00,0x00,0x00,0x00,0x00,0x00,0x00,0x09,0xff,0xf8,0x00,0x00,0x00,0x00,0x00,0x00,0x00,0x00,0x00,
  0x00,0x00,0x00,0x00,0x00,0x00,0x00,0x8f,0xff,0x80,0x00,0x00,0x00,0x00,0x00,0x00,0x00,0x00,0x00,0x00,
  0x00,0x00,0x00,0x00,0x00,0x08,0xff,0xf8,0x00,0x59,0xbb,0xbb,0x98,0x52,0x00,0x00,0x00,0x00,0x00,0x00,
  0x00,0x00,0x00,0x00,0x8f,0xff,0x80,0x1d,0xff,0xff,0xff,0xff,0xd9,0x30,0x00,0x00,0x00,0x00,0x00,0x00,
  0x00,0x00,0x08,0xff,0xf8,0x01,0xdf,0xff,0xff,0xff,0xff,0xfc,0x40,0x00,0x00,0x00,0x00,0x00,0x01,0xad,
  0x10,0x8f,0xff,0x80,0x16,0x66,0x79,0xcf,0xff,0xff,0xfa,0x10,0x00,0x00,0x00,0x00,0x1d,0xff,0xd1,0x08,
  0xff,0xf8,0x00,0x87,0x10,0x00,0x49,0xff,0xff,0xd1,0x00,0x00,0x00,0x00,0xcf,0xff,0x81,0x00,0x8f,0xff,
  0x80,0x1d,0xe3,0x00,0x00,0x18,0xff,0xfc,0x00,0x00,0x00,0x07,0xff,0xf4,0x00,0x00,0x08,0xff,0xf8,0x01,
  0xde,0x10,0x00,0x00,0x4f,0xff,0x70,0x00,0x00,0x0d,0xff,0x70,0x00,0x00,0x00,0x8f,0xff,0x80,0x1d,0x70,
  0x00,0x00,0x07,0xff,0xd0,0x00,0x00,0x1f,0xff,0x10,0x00,0x00,0x00,0x08,0xff,0xf8,0x01,0x80,0x00,0x00,
  0x01,0xff,0xf1,0x00,0x00,0x1f,0xff,0x10,0x00,0x00,0x08,0x10,0x8f,0xff,0x80,0x00,0x00,0x00,0x01,0xff,
  0xf1,0x00,0x00,0x0d,0xff,0x70,0x00,0x00,0x07,0xd1,0x08,0xff,0xf8,0x00,0x00,0x00,0x07,0xff,0xd0,0x00,
  0x00,0x07,0xff,0xf4,0x00,0x00,0x01,0xed,0x10,0x8f,0xff,0x80,0x00,0x00,0x4f,0xff,0x70,0x00,0x00,0x00,
  0xcf,0xff,0x81,0x00,0x00,0x3e,0xd1,0x08,0xff,0xf8,0x00,0x18,0xff,0xfc,0x00,0x00,0x00,0x00,0x1d,0xff,
  0xff,0x94,0x00,0x01,0x78,0x00,0x8f,0xff,0x80,0x1d,0xff,0xd1,0x00,0x00,0x00,0x00,0x01,0xaf,0xff,0xff,
  0xfc,0x97,0x66,0x61,0x08,0xff,0xf8,0x01,0xda,0x10,0x00,0x00,0x00,0x00,0x00,0x04,0xcf,0xff,0xff,0xff,
  0xff,0xfd,0x10,0x8f,0xff,0x80,0x00,0x00,0x00,0x00,0x00,0x00,0x00,0x00,0x03,0x9d,0xff,0xff,0xff,0xff,
  0xd1,0x08,0xff,0xf8,0x00,0x00,0x00,0x00,0x00,0x00,0x00,0x00,0x00,0x00,0x25,0x89,0xbb,0xbb,0x95,0x00,
  0x8f,0xff,0x80,0x00,0x00,0x00,0x00,0x00,0x00,0x00,0x00,0x00,0x00,0x00,0x00,0x00,0x00,0x00,0x08,0xff,
  0xf8,0x00,0x00,0x00,0x00,0x00,0x00,0x00,0x00,0x00,0x00,0x00,0x00,0x00,0x00,0x00,0x00,0x8f,0xff,0x90,
  0x00,0x00,0x00,0x00,0x00,0x00,0x00,0x00,0x00,0x00,0x00,0x00,0x00,0x00,0x00,0x08,0xff,0xfa,0x00,0x00,
  0x00,0x00,0x00,0x00,0x00,0x00,0x00,0x00,0x00,0x00,0x00,0x00,0x00,0x00,0x9f,0xfc,0x00,0x00,0x00,0x00,
  0x00,0x00,0x00,0x00,0x00,0x00,0x00,0x00,0x00,0x00,0x00,0x00,0x0a,0xc4,0x00,0x00,0x00,0x00,0x00,0x00,
  0x00,0x00,0x00,0x00,0x00,0x00,0x00,0x00,0x00,0x00,0x00,0x00,0x00,0x00,0x00,0x00,0x00,0x00,0x00,0x00,
  0x00,0x00,0x00,0x00,0x00,0x00,0x00,0x00,0x00,0x00,0x00,0x00,0x00,0x00,0x00,0x00,0x00,0x00,0x00,0x00,
  0x00,0x00,0x00,0x00,0x00,0x00,0x00,0x00,0x00,0x00,0x00,0x00,0x00,0x00,0x00,0x00,0x00,0x00,0x00,0x00,
  0x00,0x00,0x00,0x00,0x00,0x00,0x00,0x00,
};
const aa::Mask kMasks[M_COUNT] = {
  { kMask0, 16, 16 },   // SUN_16
  { kMask1, 16, 16 },   // PARTLY_16
  { kMask2, 16, 16 },   // CLOUD_16
  { kMask3, 16, 16 },   // RAIN_16
  { kMask4, 16, 16 },   // STORM_16
  { kMask5, 16, 16 },   // SNOW_16
  { kMask6, 16, 16 },   // FOG_16
  { kMask7, 16, 16 },   // MOON_16
  { kMask8, 16, 16 },   // CALENDAR_16
  { kMask9, 16, 16 },   // BELL_16
  { kMask10, 16, 16 },   // HEART_16
  { kMask11, 16, 16 },   // STAR_16
  { kMask12, 16, 16 },   // CHAT_16
  { kMask13, 16, 16 },   // CHECK_16
  { kMask14, 16, 16 },   // ALERT_16
  { kMask15, 34, 34 },   // SUN_34
  { kMask16, 34, 34 },   // PARTLY_34
  { kMask17, 34, 34 },   // CLOUD_34
  { kMask18, 34, 34 },   // RAIN_34
  { kMask19, 34, 34 },   // STORM_34
  { kMask20, 34, 34 },   // SNOW_34
  { kMask21, 34, 34 },   // FOG_34
  { kMask22, 34, 34 },   // MOON_34
  { kMask23, 34, 34 },   // CALENDAR_34
  { kMask24, 34, 34 },   // BELL_34
  { kMask25, 34, 34 },   // HEART_34
  { kMask26, 34, 34 },   // STAR_34
  { kMask27, 34, 34 },   // CHAT_34
  { kMask28, 34, 34 },   // CHECK_34
  { kMask29, 34, 34 },   // ALERT_34
  { kMask30, 16, 16 },   // BT_16
  { kMask31, 44, 44 },   // BT_44
  { kMask32, 22, 22 },   // WIFI0_22
  { kMask33, 22, 22 },   // WIFI1_22
  { kMask34, 22, 22 },   // WIFI2_22
  { kMask35, 22, 22 },   // WIFI3_22
  { kMask36, 20, 20 },   // POWER_20
  { kMask37, 36, 36 },   // LOCK_36
  { kMask38, 18, 18 },   // BACK_18
  { kMask39, 40, 40 },   // CHECK_40
  { kMask40, 36, 36 },   // EYEOFF_36
};

}  // namespace aa_assets
