// GENERATED by tools/bake_fonts.py -- do not edit by hand.
// Aileron Regular by Sora Sagano (dotcolon.net), CC0 1.0 public domain
// dedication, rasterised to 4-bit alpha. Semi-bold variants are synthesised.
#include "fr_font.h"

namespace fr {

// kFontXS: 12 px, line 17 px, cap height 9 px
static const uint8_t kFontXSBits[] = {
  0x2F,0x2F,0x2F,0x2F,0x2F,0x2F,0x2F,0x1A,0x1C,0x2F,0x2F,0x2F,0x2F,0x2F,0x2F,0x00,0x0A,0x38,0x00,0x02,
  0x85,0x50,0x00,0x55,0x82,0x00,0x9D,0xCE,0xB1,0x00,0xB1,0xA0,0x02,0xDE,0xDE,0xA0,0x03,0x86,0x40,0x00,
  0x65,0x92,0x00,0x08,0x2B,0x00,0x00,0x00,0x2F,0x00,0x05,0xDF,0xC2,0x0E,0x6F,0x79,0x2F,0x3F,0x26,0x0E,
  0x9F,0x00,0x03,0xCF,0xC2,0x00,0x2F,0x9B,0x56,0x2F,0x3E,0x7E,0x4F,0x5C,0x09,0xEF,0xC3,0x00,0x2F,0x00,
  0x09,0xD6,0x00,0x6C,0x01,0xF4,0xE0,0x1D,0x30,0x1F,0x5D,0x08,0x80,0x00,0x8D,0x62,0xD1,0x00,0x00,0x00,
  0xB4,0x00,0x00,0x00,0x4A,0x5B,0xB3,0x00,0x0C,0x2F,0x24,0xD0,0x07,0x51,0xF2,0x4D,0x01,0xA0,0x07,0xDD,
  0x50,0x03,0xBD,0xD1,0x00,0x0D,0x50,0x00,0x00,0x2F,0x00,0x15,0x00,0x0D,0x40,0x2F,0x00,0x03,0xEE,0xDF,
  0xD2,0x0C,0x70,0x2F,0x00,0x2F,0x00,0x2F,0x00,0x0F,0x40,0x2F,0x00,0x05,0xCD,0xDC,0x00,0x2F,0x2F,0x2F,
  0x00,0xA2,0x03,0xA0,0x0A,0x60,0x0E,0x20,0x1F,0x00,0x2F,0x00,0x1F,0x00,0x0E,0x20,0x0A,0x60,0x03,0xA0,
  0x00,0x92,0x57,0x00,0xD1,0x08,0x60,0x5B,0x03,0xD0,0x3E,0x03,0xD0,0x5B,0x08,0x60,0xD1,0x57,0x00,0x00,
  0x2F,0x00,0x04,0x2F,0x04,0x17,0xBF,0x96,0x00,0xB7,0x90,0x06,0x60,0x83,0x00,0x2F,0x00,0x00,0x02,0xF0,
  0x00,0x00,0x2F,0x00,0x04,0xDD,0xFD,0xD2,0x00,0x2F,0x00,0x00,0x02,0xF0,0x00,0x3B,0x98,0xD2,0x8D,0xB0,
  0x1A,0x1C,0x00,0x38,0x00,0x83,0x00,0xB0,0x02,0x90,0x07,0x40,0x0B,0x00,0x2A,0x00,0x65,0x00,0xB1,0x00,
  0x60,0x00,0x01,0xAD,0xD8,0x00,0x9A,0x01,0xC6,0x0E,0x30,0x06,0xB1,0xF1,0x00,0x4E,0x2F,0x00,0x03,0xE1,
  0xF1,0x00,0x4E,0x0E,0x30,0x06,0xB0,0x9A,0x01,0xC6,0x01,0xAD,0xD8,0x00,0x04,0xCE,0x7E,0x8F,0x51,0x2F,
  0x00,0x2F,0x00,0x2F,0x00,0x2F,0x00,0x2F,0x00,0x2F,0x00,0x2F,0x04,0xCD,0xC2,0x1E,0x20,0x8B,0x5A,0x00,
  0x3E,0x00,0x00,0x6B,0x00,0x02,0xE3,0x00,0x1D,0x60,0x01,0xC7,0x00,0x1C,0x70,0x00,0x9F,0xDD,0xDC,0x05,
  0xCD,0xC3,0x3D,0x10,0x7C,0x56,0x00,0x3E,0x00,0x01,0xA7,0x00,0x4F,0xD3,0x00,0x00,0x8C,0x93,0x00,0x3E,
  0x8A,0x00,0x8A,0x1A,0xDD,0x91,0x00,0x00,0x7F,0x00,0x00,0x2E,0xF0,0x00,0x0B,0x7F,0x00,0x05,0xB2,0xF0,
  0x01,0xD2,0x2F,0x00,0x97,0x02,0xF0,0x1E,0xDD,0xDF,0xD0,0x00,0x02,0xF0,0x00,0x00,0x2F,0x00,0x2E,0xDD,
  0xD8,0x3B,0x00,0x00,0x59,0x00,0x00,0x7A,0xBD,0x91,0x9C,0x11,0xA9,0x11,0x00,0x4D,0x73,0x00,0x3D,0x7B,
  0x00,0xA8,0x09,0xDD,0x80,0x00,0x6D,0xDA,0x10,0x5B,0x00,0xA9,0x0C,0x30,0x02,0x71,0xF5,0xCD,0x81,0x2F,
  0x80,0x1B,0x92,0xF1,0x00,0x4D,0x0F,0x10,0x03,0xD0,0xA8,0x00,0xA8,0x01,0xAD,0xD8,0x00,0xBD,0xDD,0xDE,
  0x00,0x00,0x98,0x00,0x01,0xE1,0x00,0x08,0x80,0x00,0x1E,0x10,0x00,0x89,0x00,0x01,0xE2,0x00,0x08,0x90,
  0x00,0x1E,0x20,0x00,0x03,0xBD,0xDA,0x20,0xE6,0x00,0x8B,0x2F,0x00,0x03,0xE0,0xD7,0x01,0x98,0x04,0xFE,
  0xFE,0x30,0xD7,0x00,0x9C,0x2F,0x00,0x03,0xE0,0xE5,0x00,0x8A,0x03,0xBD,0xDA,0x10,0x01,0xAD,0xD9,0x00,
  0xB8,0x00,0xA7,0x1F,0x10,0x03,0xC1,0xF1,0x00,0x4E,0x0B,0x80,0x1A,0xE0,0x1A,0xDB,0x7D,0x08,0x10,0x06,
  0x90,0xC7,0x01,0xC3,0x02,0xBD,0xC4,0x00,0x1C,0x19,0x00,0x00,0x00,0x1A,0x1C,0x1C,0x19,0x00,0x00,0x00,
  0x00,0x3A,0x86,0xC1,0x00,0x00,0x30,0x02,0xAA,0x29,0xA3,0x0E,0x40,0x00,0x4B,0x81,0x00,0x05,0xC8,0x00,
  0x00,0x50,0x1D,0xDD,0xDD,0x00,0x00,0x00,0x00,0x00,0x00,0x1D,0xDD,0xDD,0x30,0x00,0x0B,0xA2,0x00,0x03,
  0xB9,0x20,0x00,0x4E,0x01,0x8B,0x48,0xC5,0x00,0x50,0x00,0x00,0x03,0xCD,0xC3,0x0D,0x50,0x6C,0x18,0x00,
  0x3E,0x00,0x00,0x89,0x00,0x03,0xC1,0x00,0x0B,0x20,0x00,0x04,0x00,0x00,0x1A,0x00,0x00,0x1C,0x00,0x00,
  0x03,0xAD,0xD9,0x20,0x00,0x7D,0x40,0x17,0xD1,0x05,0xD2,0xAD,0x87,0xA9,0x0C,0x59,0x90,0xC8,0x5D,0x1F,
  0x1F,0x20,0xB5,0x3E,0x2F,0x2F,0x00,0xE2,0x4C,0x1F,0x2F,0x25,0xF0,0xA7,0x0C,0x76,0xB7,0x8B,0x70,0x03,
  0xE6,0x10,0x28,0x10,0x00,0x3A,0xDD,0xA3,0x00,0x00,0x0D,0xD0,0x00,0x00,0x3C,0xD3,0x00,0x00,0x88,0x88,
  0x00,0x00,0xD3,0x4C,0x00,0x02,0xD0,0x0E,0x20,0x07,0xED,0xDE,0x70,0x0C,0x40,0x05,0xC0,0x2E,0x00,0x01,
  0xF2,0x79,0x00,0x00,0xB6,0x2F,0xDD,0xC4,0x02,0xF0,0x06,0xD0,0x2F,0x00,0x3E,0x02,0xF0,0x07,0x80,0x2F,
  0xDD,0xE6,0x02,0xF0,0x00,0x9A,0x2F,0x00,0x03,0xE2,0xF0,0x00,0x7A,0x2F,0xDD,0xDA,0x10,0x00,0x4C,0xDD,
  0x81,0x04,0xD3,0x01,0xA9,0x0C,0x60,0x00,0x2E,0x1F,0x10,0x00,0x01,0x2F,0x00,0x00,0x00,0x0F,0x10,0x00,
  0x01,0x0C,0x60,0x00,0x2E,0x04,0xD3,0x01,0xB7,0x00,0x5C,0xDC,0x70,0x2F,0xDD,0xDA,0x20,0x2F,0x00,0x05,
  0xE2,0x2F,0x00,0x00,0x89,0x2F,0x00,0x00,0x4D,0x2F,0x00,0x00,0x3E,0x2F,0x00,0x00,0x4C,0x2F,0x00,0x00,
  0x98,0x2F,0x00,0x06,0xD1,0x2F,0xDD,0xD9,0x10,0x2F,0xDD,0xDD,0x42,0xF0,0x00,0x00,0x2F,0x00,0x00,0x02,
  0xF0,0x00,0x00,0x2F,0xDD,0xDC,0x02,0xF0,0x00,0x00,0x2F,0x00,0x00,0x02,0xF0,0x00,0x00,0x2F,0xDD,0xDD,
  0x60,0x2F,0xDD,0xDD,0x42,0xF0,0x00,0x00,0x2F,0x00,0x00,0x02,0xF0,0x00,0x00,0x2F,0xDD,0xDB,0x02,0xF0,
  0x00,0x00,0x2F,0x00,0x00,0x02,0xF0,0x00,0x00,0x2F,0x00,0x00,0x00,0x00,0x4C,0xDD,0x91,0x04,0xD2,0x01,
  0xBA,0x0C,0x60,0x00,0x3A,0x1F,0x10,0x00,0x00,0x2F,0x00,0x1D,0xDD,0x0F,0x10,0x00,0x3F,0x0C,0x60,0x00,
  0x7F,0x05,0xD2,0x03,0xCF,0x00,0x6D,0xDB,0x4F,0x2F,0x00,0x00,0x2F,0x2F,0x00,0x00,0x2F,0x2F,0x00,0x00,
  0x2F,0x2F,0x00,0x00,0x2F,0x2F,0xDD,0xDD,0xDF,0x2F,0x00,0x00,0x2F,0x2F,0x00,0x00,0x2F,0x2F,0x00,0x00,
  0x2F,0x2F,0x00,0x00,0x2F,0x2F,0x2F,0x2F,0x2F,0x2F,0x2F,0x2F,0x2F,0x2F,0x00,0x00,0x2F,0x00,0x00,0x2F,
  0x00,0x00,0x2F,0x00,0x00,0x2F,0x00,0x00,0x2F,0x02,0x00,0x2F,0x2F,0x00,0x3E,0x0E,0x40,0x7B,0x04,0xCD,
  0xB2,0x2F,0x00,0x06,0xC1,0x2F,0x00,0x4D,0x10,0x2F,0x02,0xD3,0x00,0x2F,0x1D,0x40,0x00,0x2F,0xBB,0x00,
  0x00,0x2F,0x8E,0x50,0x00,0x2F,0x04,0xE3,0x00,0x2F,0x00,0x8D,0x10,0x2F,0x00,0x0B,0xA0,0x2F,0x00,0x00,
  0x02,0xF0,0x00,0x00,0x2F,0x00,0x00,0x02,0xF0,0x00,0x00,0x2F,0x00,0x00,0x02,0xF0,0x00,0x00,0x2F,0x00,
  0x00,0x02,0xF0,0x00,0x00,0x2F,0xEE,0xEE,0x60,0x2F,0xB0,0x00,0x0E,0xF2,0xFD,0x10,0x03,0xDF,0x2F,0xA5,
  0x00,0x79,0xF2,0xF5,0x90,0x0C,0x4F,0x2F,0x1D,0x01,0xD2,0xF2,0xF0,0xB3,0x58,0x2F,0x2F,0x07,0x7A,0x42,
  0xF2,0xF0,0x2C,0xD0,0x2F,0x2F,0x00,0xDA,0x02,0xF0,0x2F,0xA0,0x02,0xF2,0xFD,0x20,0x2F,0x2F,0x68,0x02,
  0xF2,0xF1,0xD1,0x2F,0x2F,0x09,0x62,0xF2,0xF0,0x2C,0x2F,0x2F,0x00,0xB6,0xF2,0xF0,0x04,0xCF,0x2F,0x00,
  0x0D,0xF0,0x00,0x4C,0xDD,0xB3,0x00,0x4E,0x40,0x06,0xE2,0x0C,0x60,0x00,0x09,0x91,0xF1,0x00,0x00,0x4D,
  0x2F,0x00,0x00,0x03,0xE1,0xF1,0x00,0x00,0x4D,0x0C,0x60,0x00,0x09,0x90,0x4E,0x40,0x06,0xE2,0x00,0x4C,
  0xDE,0xB3,0x00,0x2F,0xDD,0xDB,0x22,0xF0,0x00,0x7B,0x2F,0x00,0x03,0xE2,0xF0,0x00,0x8A,0x2F,0xDD,0xD9,
  0x12,0xF0,0x00,0x00,0x2F,0x00,0x00,0x02,0xF0,0x00,0x00,0x2F,0x00,0x00,0x00,0x00,0x4C,0xDD,0xA2,0x00,
  0x4E,0x40,0x06,0xE2,0x0C,0x60,0x00,0x09,0x91,0xF1,0x00,0x00,0x4D,0x2F,0x00,0x00,0x03,0xE1,0xF1,0x00,
  0x00,0x4D,0x0C,0x60,0x00,0x09,0x90,0x4E,0x40,0x06,0xD2,0x00,0x4C,0xDE,0xFE,0x60,0x00,0x00,0x00,0x24,
  0x2F,0xDD,0xDB,0x22,0xF0,0x00,0x7C,0x2F,0x00,0x03,0xE2,0xF0,0x00,0x89,0x2F,0xDD,0xEC,0x02,0xF0,0x01,
  0xD4,0x2F,0x00,0x08,0x82,0xF0,0x00,0x6A,0x2F,0x00,0x03,0xD0,0x04,0xCD,0xA1,0x0E,0x30,0x99,0x2F,0x10,
  0x27,0x0D,0xA3,0x00,0x02,0x9E,0xC2,0x00,0x01,0xAB,0x46,0x00,0x3E,0x3E,0x20,0x7B,0x06,0xDD,0xB2,0x1D,
  0xDD,0xFD,0xDC,0x00,0x02,0xF0,0x00,0x00,0x02,0xF0,0x00,0x00,0x02,0xF0,0x00,0x00,0x02,0xF0,0x00,0x00,
  0x02,0xF0,0x00,0x00,0x02,0xF0,0x00,0x00,0x02,0xF0,0x00,0x00,0x02,0xF0,0x00,0x2F,0x00,0x02,0xF2,0xF0,
  0x00,0x2F,0x2F,0x00,0x02,0xF2,0xF0,0x00,0x2F,0x2F,0x00,0x02,0xF2,0xF0,0x00,0x2F,0x1F,0x10,0x04,0xD0,
  0xC8,0x00,0xA9,0x02,0xBD,0xD9,0x10,0x7A,0x00,0x00,0xA7,0x2E,0x00,0x00,0xE2,0x0C,0x40,0x04,0xC0,0x08,
  0x80,0x09,0x70,0x03,0xD0,0x0D,0x20,0x00,0xD2,0x3C,0x00,0x00,0x87,0x87,0x00,0x00,0x4B,0xD2,0x00,0x00,
  0x0E,0xC0,0x00,0x99,0x00,0x0E,0xA0,0x00,0xD3,0x5C,0x00,0x3D,0xD0,0x01,0xE0,0x1F,0x10,0x77,0xD2,0x05,
  0xB0,0x0D,0x40,0xA4,0xA5,0x08,0x70,0x09,0x70,0xD0,0x69,0x0C,0x30,0x05,0xA3,0xB0,0x2C,0x1E,0x00,0x02,
  0xE6,0x70,0x0E,0x5A,0x00,0x00,0xDC,0x40,0x0A,0xB6,0x00,0x00,0x9E,0x00,0x07,0xF2,0x00,0x3E,0x10,0x02,
  0xE1,0x08,0x90,0x0B,0x60,0x01,0xD3,0x6B,0x00,0x00,0x5C,0xD2,0x00,0x00,0x0E,0xA0,0x00,0x00,0x6A,0xD3,
  0x00,0x02,0xD1,0x5C,0x00,0x0B,0x60,0x0A,0x70,0x6C,0x00,0x02,0xE2,0xC6,0x00,0x08,0x94,0xD0,0x01,0xE2,
  0x0B,0x70,0x98,0x00,0x3E,0x3E,0x10,0x00,0xAE,0x70,0x00,0x03,0xF1,0x00,0x00,0x2F,0x00,0x00,0x02,0xF0,
  0x00,0x00,0x2F,0x00,0x00,0x9D,0xDD,0xDF,0x00,0x00,0x09,0x80,0x00,0x04,0xD1,0x00,0x01,0xD4,0x00,0x00,
  0x89,0x00,0x00,0x3D,0x10,0x00,0x0D,0x40,0x00,0x08,0x90,0x00,0x00,0xFD,0xDD,0xDD,0x10,0x2E,0xD3,0x2F,
  0x00,0x2F,0x00,0x2F,0x00,0x2F,0x00,0x2F,0x00,0x2F,0x00,0x2F,0x00,0x2F,0x00,0x2F,0x00,0x2E,0xD3,0xB0,
  0x00,0x92,0x00,0x47,0x00,0x0B,0x00,0x09,0x20,0x05,0x60,0x01,0xB0,0x00,0xA1,0x00,0x56,0x00,0x15,0x5D,
  0xD0,0x2F,0x02,0xF0,0x2F,0x02,0xF0,0x2F,0x02,0xF0,0x2F,0x02,0xF0,0x2F,0x5D,0xD0,0x02,0xE2,0x00,0x86,
  0x80,0x1B,0x0B,0x06,0x60,0x65,0xC1,0x01,0xB0,0x5D,0xDD,0xD5,0x34,0x00,0xB1,0x02,0xBD,0xD4,0x00,0xA7,
  0x05,0xD0,0x03,0x12,0x5E,0x00,0x6D,0xAA,0xF0,0x1F,0x20,0x3F,0x01,0xF2,0x08,0xF0,0x07,0xED,0x8F,0x10,
  0x2F,0x00,0x00,0x02,0xF0,0x00,0x00,0x2F,0x6D,0xD9,0x02,0xF9,0x01,0xC7,0x2F,0x10,0x05,0xD2,0xF0,0x00,
  0x3E,0x2F,0x10,0x04,0xC2,0xF8,0x01,0xB6,0x2F,0x8D,0xD7,0x00,0x01,0x9D,0xD6,0x00,0x99,0x01,0xD3,0x0F,
  0x10,0x04,0x32,0xF0,0x00,0x00,0x1F,0x20,0x03,0x20,0xB8,0x02,0xE2,0x02,0xBD,0xC5,0x00,0x00,0x00,0x02,
  0xF0,0x00,0x00,0x2F,0x01,0x9D,0xD8,0xF0,0x99,0x01,0xBF,0x0F,0x20,0x04,0xF2,0xF0,0x00,0x3F,0x1F,0x20,
  0x04,0xF0,0xA9,0x01,0xBF,0x01,0xAD,0xC7,0xF0,0x00,0x8C,0xD8,0x00,0x99,0x01,0xC6,0x0F,0x10,0x06,0xB2,
  0xFD,0xDD,0xDB,0x0F,0x10,0x02,0x30,0xA7,0x01,0xB7,0x01,0xAD,0xD8,0x00,0x03,0x73,0x1E,0x62,0x2F,0x00,
  0xBF,0xD4,0x2F,0x00,0x2F,0x00,0x2F,0x00,0x2F,0x00,0x2F,0x00,0x2F,0x00,0x01,0x9D,0xD8,0xF0,0x99,0x01,
  0xBF,0x0F,0x20,0x04,0xF2,0xF0,0x00,0x3F,0x1F,0x20,0x04,0xF0,0xA9,0x01,0xBF,0x01,0xAD,0xC7,0xF0,0xB2,
  0x00,0x4D,0x0A,0x90,0x0B,0x80,0x1A,0xDD,0x91,0x2F,0x00,0x00,0x2F,0x00,0x00,0x2F,0x7D,0xD4,0x2F,0x80,
  0x6C,0x2F,0x20,0x3E,0x2F,0x00,0x2F,0x2F,0x00,0x2F,0x2F,0x00,0x2F,0x2F,0x00,0x2F,0x19,0x00,0x2F,0x2F,
  0x2F,0x2F,0x2F,0x2F,0x2F,0x19,0x00,0x2F,0x2F,0x2F,0x2F,0x2F,0x2F,0x2F,0x2F,0x4E,0xF8,0x2F,0x00,0x00,
  0x02,0xF0,0x00,0x00,0x2F,0x00,0x7B,0x02,0xF0,0x5C,0x10,0x2F,0x3D,0x20,0x02,0xFD,0x80,0x00,0x2F,0x5E,
  0x40,0x02,0xF0,0x4E,0x20,0x2F,0x00,0x8C,0x10,0x2F,0x02,0xF0,0x2F,0x02,0xF0,0x2F,0x02,0xF0,0x2F,0x02,
  0xF0,0x1E,0x90,0x2F,0x8D,0xD4,0x9D,0xD4,0x2F,0x60,0x6E,0x60,0x6D,0x2F,0x10,0x3F,0x10,0x3E,0x2F,0x00,
  0x2F,0x00,0x2F,0x2F,0x00,0x2F,0x00,0x2F,0x2F,0x00,0x2F,0x00,0x2F,0x2F,0x00,0x2F,0x00,0x2F,0x2F,0x7D,
  0xD4,0x2F,0x80,0x6C,0x2F,0x20,0x3E,0x2F,0x00,0x2F,0x2F,0x00,0x2F,0x2F,0x00,0x2F,0x2F,0x00,0x2F,0x01,
  0x9D,0xD8,0x00,0xA9,0x01,0xC7,0x0F,0x20,0x05,0xC2,0xF0,0x00,0x3E,0x0F,0x20,0x05,0xC0,0xA9,0x01,0xC7,
  0x01,0x9D,0xD8,0x00,0x2F,0x6D,0xD9,0x02,0xF9,0x01,0xC7,0x2F,0x10,0x05,0xD2,0xF0,0x00,0x3E,0x2F,0x10,
  0x04,0xC2,0xF8,0x01,0xB6,0x2F,0x8D,0xD7,0x02,0xF0,0x00,0x00,0x2F,0x00,0x00,0x02,0xF0,0x00,0x00,0x01,
  0x9D,0xD8,0xF0,0x99,0x01,0xBF,0x0F,0x20,0x04,0xF2,0xF0,0x00,0x3F,0x1F,0x20,0x04,0xF0,0xA9,0x01,0xBF,
  0x01,0xAD,0xC7,0xF0,0x00,0x00,0x2F,0x00,0x00,0x02,0xF0,0x00,0x00,0x2F,0x2F,0x8B,0x2F,0x70,0x2F,0x10,
  0x2F,0x00,0x2F,0x00,0x2F,0x00,0x2F,0x00,0x06,0xDD,0xB2,0x1F,0x10,0x8B,0x1E,0x61,0x01,0x03,0xBE,0xA2,
  0x12,0x01,0x9C,0x3E,0x20,0x5D,0x06,0xDD,0xC4,0x17,0x00,0x2F,0x00,0xDF,0xD2,0x2F,0x00,0x2F,0x00,0x2F,
  0x00,0x2F,0x00,0x2F,0x10,0x0C,0xD1,0x2F,0x00,0x2F,0x2F,0x00,0x2F,0x2F,0x00,0x2F,0x2F,0x00,0x3F,0x2F,
  0x00,0x5F,0x1F,0x40,0xAF,0x06,0xEC,0x7F,0xC5,0x00,0x2E,0x79,0x00,0x79,0x2E,0x00,0xC3,0x0C,0x41,0xD0,
  0x07,0x96,0x80,0x02,0xDB,0x30,0x00,0xBD,0x00,0xD5,0x01,0xF7,0x00,0xD3,0x89,0x04,0xCB,0x02,0xE0,0x4C,
  0x08,0x6E,0x06,0x90,0x0E,0x1B,0x2B,0x3A,0x50,0x0A,0x5D,0x08,0x7D,0x10,0x06,0xC9,0x04,0xCB,0x00,0x02,
  0xF6,0x01,0xF7,0x00,0xA8,0x00,0xD4,0x1E,0x27,0xA0,0x06,0xBD,0x10,0x00,0xE8,0x00,0x07,0xAD,0x20,0x2D,
  0x17,0xA0,0xB6,0x00,0xD5,0xC5,0x00,0x3E,0x79,0x00,0x79,0x2E,0x00,0xC4,0x0C,0x31,0xD0,0x07,0x86,0x80,
  0x02,0xCA,0x30,0x00,0xCD,0x00,0x00,0x88,0x00,0x00,0xC2,0x00,0x4D,0x60,0x00,0x9D,0xDD,0xF0,0x00,0x0A,
  0x80,0x00,0x6C,0x00,0x02,0xE2,0x00,0x0C,0x60,0x00,0x8B,0x00,0x00,0xFD,0xDD,0xD1,0x0A,0xA2,0xF1,0x2F,
  0x02,0xF0,0x4E,0x0C,0x60,0x4E,0x02,0xF0,0x2F,0x02,0xF1,0x0A,0xA0,0x2F,0x2F,0x2F,0x2F,0x2F,0x2F,0x2F,
  0x2F,0x2F,0x2F,0x2F,0x2F,0x2F,0xC8,0x03,0xE0,0x2F,0x02,0xF0,0x1F,0x10,0x9A,0x1F,0x12,0xF0,0x2F,0x03,
  0xE0,0xC8,0x00,0x8D,0x81,0xA9,0x17,0xC7,0x1A,0x1C,0x1A,0x01,0xA0,0x1A,0x1C,0x01,0xC0,0x1C,0x09,0xD7,
  0x2F,0x4E,0x09,0xD7,
};
static const FontGlyph kFontXSGlyphs[] = {
  {    0,  0,  0,   0,    0,  3},  // 0x20 ' '
  {    0,  2,  9,   0,   -9,  3},  // 0x21 '!'
  {    9,  4,  3,   0,   -9,  4},  // 0x22 '"'
  {   15,  7,  9,   0,   -9,  7},  // 0x23 '#'
  {   47,  6, 11,   0,  -10,  7},  // 0x24 '$'
  {   80,  9,  9,   0,   -9,  9},  // 0x25 '%'
  {  121,  8,  9,   0,   -9,  8},  // 0x26 '&'
  {  157,  2,  3,   0,   -9,  3},  // 0x27 "'"
  {  160,  4, 11,   0,  -10,  4},  // 0x28 '('
  {  182,  3, 11,   0,  -10,  4},  // 0x29 ')'
  {  199,  6,  5,   0,   -6,  7},  // 0x2A '*'
  {  214,  7,  6,   0,   -7,  7},  // 0x2B '+'
  {  235,  2,  3,   0,   -1,  3},  // 0x2C ','
  {  238,  3,  1,   0,   -4,  3},  // 0x2D '-'
  {  240,  2,  2,   0,   -2,  3},  // 0x2E '.'
  {  242,  4, 10,   0,   -9,  4},  // 0x2F '/'
  {  262,  7,  9,   0,   -9,  7},  // 0x30 '0'
  {  294,  4,  9,   1,   -9,  7},  // 0x31 '1'
  {  312,  6,  9,   0,   -9,  7},  // 0x32 '2'
  {  339,  6,  9,   0,   -9,  7},  // 0x33 '3'
  {  366,  7,  9,   0,   -9,  7},  // 0x34 '4'
  {  398,  6,  9,   0,   -9,  7},  // 0x35 '5'
  {  425,  7,  9,   0,   -9,  7},  // 0x36 '6'
  {  457,  6,  9,   0,   -9,  7},  // 0x37 '7'
  {  484,  7,  9,   0,   -9,  7},  // 0x38 '8'
  {  516,  7,  9,   0,   -9,  7},  // 0x39 '9'
  {  548,  2,  7,   0,   -7,  3},  // 0x3A ':'
  {  555,  2,  9,   0,   -7,  3},  // 0x3B ';'
  {  564,  5,  7,   1,   -7,  7},  // 0x3C '<'
  {  582,  6,  4,   0,   -6,  7},  // 0x3D '='
  {  594,  5,  7,   1,   -7,  7},  // 0x3E '>'
  {  612,  6,  9,   0,   -9,  6},  // 0x3F '?'
  {  639, 10, 10,   0,   -9, 11},  // 0x40 '@'
  {  689,  8,  9,   0,   -9,  8},  // 0x41 'A'
  {  725,  7,  9,   0,   -9,  7},  // 0x42 'B'
  {  757,  8,  9,   0,   -9,  9},  // 0x43 'C'
  {  793,  8,  9,   0,   -9,  8},  // 0x44 'D'
  {  829,  7,  9,   0,   -9,  7},  // 0x45 'E'
  {  861,  7,  9,   0,   -9,  7},  // 0x46 'F'
  {  893,  8,  9,   0,   -9,  9},  // 0x47 'G'
  {  929,  8,  9,   0,   -9,  9},  // 0x48 'H'
  {  965,  2,  9,   0,   -9,  3},  // 0x49 'I'
  {  974,  6,  9,   0,   -9,  7},  // 0x4A 'J'
  { 1001,  8,  9,   0,   -9,  7},  // 0x4B 'K'
  { 1037,  7,  9,   0,   -9,  7},  // 0x4C 'L'
  { 1069,  9,  9,   0,   -9, 10},  // 0x4D 'M'
  { 1110,  7,  9,   0,   -9,  8},  // 0x4E 'N'
  { 1142,  9,  9,   0,   -9,  9},  // 0x4F 'O'
  { 1183,  7,  9,   0,   -9,  7},  // 0x50 'P'
  { 1215,  9, 10,   0,   -9,  9},  // 0x51 'Q'
  { 1260,  7,  9,   0,   -9,  7},  // 0x52 'R'
  { 1292,  6,  9,   0,   -9,  6},  // 0x53 'S'
  { 1319,  8,  9,   0,   -9,  8},  // 0x54 'T'
  { 1355,  7,  9,   0,   -9,  8},  // 0x55 'U'
  { 1387,  8,  9,   0,   -9,  7},  // 0x56 'V'
  { 1423, 12,  9,   0,   -9, 11},  // 0x57 'W'
  { 1477,  8,  9,   0,   -9,  8},  // 0x58 'X'
  { 1513,  7,  9,   0,   -9,  7},  // 0x59 'Y'
  { 1545,  7,  9,   1,   -9,  8},  // 0x5A 'Z'
  { 1577,  4, 11,   0,  -10,  4},  // 0x5B '['
  { 1599,  4, 10,   0,   -9,  4},  // 0x5C '//'
  { 1619,  3, 11,   0,  -10,  4},  // 0x5D ']'
  { 1636,  5,  5,   1,   -8,  7},  // 0x5E '^'
  { 1649,  6,  1,   0,    0,  6},  // 0x5F '_'
  { 1652,  3,  2,   0,   -9,  4},  // 0x60 '`'
  { 1655,  7,  7,   0,   -7,  7},  // 0x61 'a'
  { 1680,  7,  9,   0,   -9,  7},  // 0x62 'b'
  { 1712,  7,  7,   0,   -7,  7},  // 0x63 'c'
  { 1737,  7,  9,   0,   -9,  8},  // 0x64 'd'
  { 1769,  7,  7,   0,   -7,  7},  // 0x65 'e'
  { 1794,  4, 10,   0,  -10,  3},  // 0x66 'f'
  { 1814,  7, 10,   0,   -7,  8},  // 0x67 'g'
  { 1849,  6,  9,   0,   -9,  7},  // 0x68 'h'
  { 1876,  2,  9,   0,   -9,  3},  // 0x69 'i'
  { 1885,  2, 12,   0,   -9,  3},  // 0x6A 'j'
  { 1897,  7,  9,   0,   -9,  6},  // 0x6B 'k'
  { 1929,  3,  9,   0,   -9,  3},  // 0x6C 'l'
  { 1943, 10,  7,   0,   -7, 11},  // 0x6D 'm'
  { 1978,  6,  7,   0,   -7,  7},  // 0x6E 'n'
  { 1999,  7,  7,   0,   -7,  7},  // 0x6F 'o'
  { 2024,  7, 10,   0,   -7,  7},  // 0x70 'p'
  { 2059,  7, 10,   0,   -7,  8},  // 0x71 'q'
  { 2094,  4,  7,   0,   -7,  4},  // 0x72 'r'
  { 2108,  6,  7,   0,   -7,  6},  // 0x73 's'
  { 2129,  4,  9,   0,   -9,  4},  // 0x74 't'
  { 2147,  6,  7,   0,   -7,  7},  // 0x75 'u'
  { 2168,  6,  7,   0,   -7,  6},  // 0x76 'v'
  { 2189, 10,  7,   0,   -7,  9},  // 0x77 'w'
  { 2224,  6,  7,   0,   -7,  6},  // 0x78 'x'
  { 2245,  6, 10,   0,   -7,  6},  // 0x79 'y'
  { 2275,  6,  7,   1,   -7,  7},  // 0x7A 'z'
  { 2296,  3, 11,   1,  -10,  4},  // 0x7B '{'
  { 2313,  2, 13,   0,  -10,  3},  // 0x7C '|'
  { 2326,  3, 11,   0,  -10,  3},  // 0x7D '}'
  { 2343,  5,  2,   1,   -5,  7},  // 0x7E '~'
  { 2348,  2,  2,   0,   -5,  2},  // 0x7F '·'
  { 2350,  8,  2,   0,   -2,  9},  // 0x80 '…'
  { 2358,  4,  3,   0,   -9,  4},  // 0x81 '°'
};
const Font kFontXS = { kFontXSBits, kFontXSGlyphs, 0x20, 0x81, 17, 12, 9 };

// kFontS: 14 px, line 20 px, cap height 10 px
static const uint8_t kFontSBits[] = {
  0x4F,0x14,0xF1,0x4F,0x14,0xF1,0x4F,0x14,0xF1,0x4F,0x10,0x00,0x1B,0x02,0xD0,0x4F,0x5F,0x14,0xF5,0xF1,
  0x4F,0x5F,0x14,0xF5,0xF1,0x00,0x75,0x66,0x00,0x0A,0x29,0x30,0x00,0xC0,0xC0,0x07,0xCE,0xCE,0xC2,0x05,
  0x83,0x90,0x00,0x75,0x66,0x00,0xFF,0xFF,0xFA,0x00,0xC0,0xC1,0x00,0x1B,0x0C,0x00,0x05,0x73,0x90,0x00,
  0x00,0x28,0x00,0x00,0x06,0xF4,0x00,0x09,0xEF,0xCD,0x22,0xF7,0xF1,0xAA,0x3F,0x5F,0x13,0x71,0xFA,0xF1,
  0x00,0x07,0xFF,0xB4,0x00,0x05,0xF9,0xF7,0x00,0x4F,0x17,0xEA,0xC4,0xF1,0x4F,0x6F,0x7F,0x3B,0xA0,0x9E,
  0xFE,0x91,0x00,0x4F,0x10,0x00,0x08,0xED,0x50,0x06,0xC0,0x2F,0x46,0xE0,0x1E,0x30,0x2F,0x47,0xE0,0xA8,
  0x00,0x08,0xED,0x54,0xD1,0x00,0x00,0x00,0x0D,0x50,0x00,0x00,0x00,0x8B,0x5D,0xC3,0x00,0x02,0xE3,0xF4,
  0x7D,0x00,0x0B,0x73,0xF1,0x4F,0x00,0x5C,0x01,0xF4,0x7D,0x01,0xE4,0x00,0x6E,0xD4,0x02,0xAE,0xED,0x00,
  0x00,0xD9,0x10,0x10,0x00,0x3F,0x20,0x01,0x50,0x01,0xD7,0x10,0x4F,0x10,0x02,0xDF,0xFF,0xFF,0xB0,0xBB,
  0x30,0x4F,0x10,0x2F,0x20,0x04,0xF1,0x03,0xF2,0x00,0x4F,0x10,0x0E,0xA1,0x05,0xF1,0x00,0x3A,0xEF,0xEC,
  0x10,0x4F,0x14,0xF1,0x4F,0x14,0xF1,0x00,0x24,0x00,0xC3,0x05,0xC0,0x0B,0x70,0x0E,0x40,0x2F,0x20,0x3F,
  0x10,0x3F,0x20,0x1F,0x30,0x0D,0x60,0x08,0xA0,0x02,0xE1,0x00,0x77,0x61,0x00,0x69,0x00,0x1E,0x20,0x0A,
  0x80,0x07,0xC0,0x05,0xE0,0x04,0xF1,0x04,0xF0,0x06,0xD0,0x08,0xA0,0x0C,0x50,0x3D,0x00,0xA4,0x00,0x00,
  0x4F,0x10,0x01,0x04,0xF1,0x11,0x6C,0xAF,0x9C,0x30,0x0B,0xD8,0x00,0x06,0xA1,0xC3,0x00,0x81,0x02,0x60,
  0x00,0x4F,0x10,0x00,0x04,0xF1,0x00,0x00,0x4F,0x10,0x0B,0xFF,0xFF,0xF9,0x00,0x4F,0x10,0x00,0x04,0xF1,
  0x00,0x00,0x4F,0x10,0x00,0x07,0xD0,0xD6,0x3E,0x10,0x8F,0xF6,0x1B,0x2D,0x00,0x0B,0x20,0x01,0xC0,0x00,
  0x58,0x00,0x0A,0x30,0x01,0xC0,0x00,0x58,0x00,0x0A,0x40,0x00,0xD0,0x00,0x49,0x00,0x09,0x40,0x00,0xD0,
  0x00,0x00,0x00,0x7D,0xFD,0x50,0x00,0x7E,0x41,0x5F,0x40,0x0E,0x70,0x00,0xAB,0x02,0xF3,0x00,0x06,0xE0,
  0x3F,0x20,0x00,0x4F,0x13,0xF1,0x00,0x04,0xF1,0x2F,0x30,0x00,0x6E,0x00,0xE7,0x00,0x0A,0xB0,0x07,0xE4,
  0x15,0xF4,0x00,0x07,0xDF,0xD5,0x00,0x03,0xCF,0x17,0xEA,0xF1,0x82,0x4F,0x10,0x04,0xF1,0x00,0x4F,0x10,
  0x04,0xF1,0x00,0x4F,0x10,0x04,0xF1,0x00,0x4F,0x10,0x04,0xF1,0x06,0xDE,0xB2,0x04,0xD2,0x1B,0xC0,0x97,
  0x00,0x5F,0x03,0x10,0x06,0xE0,0x00,0x00,0xC8,0x00,0x00,0x9C,0x00,0x00,0x7D,0x10,0x00,0x6D,0x20,0x00,
  0x4E,0x30,0x00,0x0E,0xFF,0xFF,0xF1,0x02,0xAE,0xEB,0x21,0xD8,0x11,0xAC,0x3A,0x00,0x05,0xF0,0x00,0x02,
  0xCC,0x00,0x0B,0xFC,0x10,0x00,0x02,0xC8,0x32,0x00,0x05,0xE8,0xA0,0x00,0x5F,0x3F,0x61,0x3D,0xA0,0x5C,
  0xED,0x81,0x00,0x00,0x9F,0x10,0x00,0x5E,0xF1,0x00,0x2E,0x6F,0x10,0x0C,0x64,0xF1,0x09,0xA0,0x4F,0x15,
  0xD1,0x04,0xF1,0xEF,0xFF,0xFF,0xF0,0x00,0x04,0xF1,0x00,0x00,0x4F,0x10,0x00,0x04,0xF1,0x0D,0xFF,0xFF,
  0xA0,0x0F,0x20,0x00,0x00,0x2F,0x00,0x00,0x00,0x3D,0x9E,0xD8,0x10,0x5F,0x60,0x3D,0x90,0x36,0x00,0x06,
  0xE0,0x11,0x00,0x04,0xF1,0x8B,0x00,0x06,0xE0,0x3F,0x61,0x3D,0x80,0x05,0xCE,0xD6,0x00,0x00,0x3C,0xED,
  0x91,0x00,0x3D,0x40,0x2C,0x90,0x0B,0x60,0x00,0x37,0x01,0xF5,0xCE,0xC7,0x00,0x3F,0xB3,0x04,0xE7,0x04,
  0xF4,0x00,0x07,0xE0,0x3F,0x10,0x00,0x4F,0x00,0xE4,0x00,0x07,0xD0,0x08,0xD3,0x04,0xE6,0x00,0x08,0xDE,
  0xC5,0x00,0xFF,0xFF,0xFF,0xE0,0x00,0x00,0xC8,0x00,0x00,0x5E,0x10,0x00,0x0C,0x70,0x00,0x05,0xD1,0x00,
  0x00,0xD6,0x00,0x00,0x6D,0x00,0x00,0x1E,0x60,0x00,0x07,0xD0,0x00,0x01,0xE5,0x00,0x00,0x03,0xBE,0xEA,
  0x21,0xE8,0x01,0xAB,0x3F,0x20,0x05,0xF0,0xD8,0x11,0xAC,0x03,0xEF,0xFD,0x20,0xCA,0x12,0xC7,0x3F,0x20,
  0x05,0xE2,0xF2,0x00,0x5F,0x0D,0xA1,0x1C,0xA0,0x2B,0xEE,0x91,0x01,0xAE,0xE8,0x00,0x0C,0xA1,0x2C,0x70,
  0x2F,0x20,0x05,0xC0,0x3F,0x20,0x05,0xF0,0x0D,0xA1,0x2B,0xF1,0x03,0xBE,0xC7,0xF0,0x14,0x00,0x06,0xD0,
  0x1F,0x40,0x09,0xA0,0x0A,0xB1,0x3E,0x30,0x01,0xBE,0xD4,0x00,0x2D,0x1B,0x00,0x00,0x00,0x00,0x1B,0x2D,
  0x02,0xD0,0x1B,0x00,0x00,0x00,0x00,0x00,0x00,0x00,0x00,0x5A,0x0A,0x61,0xE1,0x00,0x00,0x02,0x00,0x04,
  0xC6,0x03,0xBA,0x30,0xAB,0x30,0x00,0xC8,0x10,0x00,0x06,0xD8,0x10,0x00,0x17,0xD4,0x00,0x00,0x13,0xDF,
  0xFF,0xFF,0x00,0x00,0x00,0x00,0x00,0x00,0xDF,0xFF,0xFF,0x20,0x00,0x00,0xD8,0x10,0x00,0x17,0xD7,0x10,
  0x00,0x17,0xD4,0x00,0x04,0xC5,0x03,0xBA,0x20,0xAB,0x30,0x00,0x40,0x00,0x00,0x02,0xAE,0xEA,0x20,0xCA,
  0x11,0xAC,0x2E,0x20,0x04,0xF0,0x00,0x00,0x8C,0x00,0x00,0x4E,0x20,0x00,0x3C,0x20,0x00,0x0C,0x20,0x00,
  0x00,0x30,0x00,0x00,0x1B,0x00,0x00,0x02,0xD0,0x00,0x00,0x02,0x9D,0xED,0x91,0x00,0x00,0x5E,0x82,0x03,
  0xBD,0x20,0x03,0xE5,0xAE,0xC8,0x4C,0xA0,0x0B,0x99,0xC1,0x6F,0x36,0xE0,0x1F,0x5F,0x40,0x4E,0x04,0xF0,
  0x3F,0x5F,0x10,0x7B,0x06,0xE0,0x3F,0x4F,0x42,0xD9,0x1C,0x70,0x1F,0x47,0xDB,0x5D,0xC7,0x00,0x0B,0xC0,
  0x00,0x00,0x20,0x00,0x02,0xEA,0x20,0x28,0xB0,0x00,0x00,0x29,0xEE,0xC7,0x00,0x00,0x00,0x05,0xFA,0x00,
  0x00,0x00,0xA9,0xE1,0x00,0x00,0x1E,0x1C,0x50,0x00,0x05,0xB0,0x7A,0x00,0x00,0xA5,0x02,0xE1,0x00,0x1F,
  0xEE,0xEF,0x50,0x06,0xB2,0x22,0x8A,0x00,0xB6,0x00,0x03,0xE1,0x1F,0x20,0x00,0x0E,0x56,0xD0,0x00,0x00,
  0x9A,0x4F,0xFF,0xEB,0x20,0x4F,0x10,0x19,0xD0,0x4F,0x10,0x04,0xF0,0x4F,0x10,0x1A,0xC0,0x4F,0xFF,0xFD,
  0x20,0x4F,0x10,0x03,0xB4,0x4F,0x10,0x00,0x5E,0x4F,0x10,0x00,0x5F,0x4F,0x10,0x02,0xCA,0x4F,0xFF,0xFD,
  0x81,0x00,0x29,0xEE,0xC6,0x00,0x02,0xE8,0x10,0x4D,0x80,0x0A,0xB0,0x00,0x04,0xF1,0x1F,0x40,0x00,0x00,
  0x61,0x3F,0x20,0x00,0x00,0x00,0x3F,0x20,0x00,0x00,0x00,0x1F,0x40,0x00,0x01,0x61,0x0B,0xB0,0x00,0x05,
  0xE0,0x03,0xE8,0x10,0x4E,0x60,0x00,0x3B,0xEE,0xC5,0x00,0x4F,0xFF,0xEC,0x81,0x00,0x4F,0x10,0x03,0xBC,
  0x10,0x4F,0x10,0x00,0x0D,0x90,0x4F,0x10,0x00,0x07,0xE0,0x4F,0x10,0x00,0x04,0xF0,0x4F,0x10,0x00,0x05,
  0xF0,0x4F,0x10,0x00,0x07,0xD0,0x4F,0x10,0x00,0x1D,0x70,0x4F,0x10,0x04,0xCB,0x00,0x4F,0xFF,0xED,0x70,
  0x00,0x4F,0xFF,0xFF,0xF2,0x4F,0x10,0x00,0x00,0x4F,0x10,0x00,0x00,0x4F,0x10,0x00,0x00,0x4F,0xFF,0xFF,
  0xA0,0x4F,0x10,0x00,0x00,0x4F,0x10,0x00,0x00,0x4F,0x10,0x00,0x00,0x4F,0x10,0x00,0x00,0x4F,0xFF,0xFF,
  0xF4,0x4F,0xFF,0xFF,0xF2,0x4F,0x10,0x00,0x00,0x4F,0x10,0x00,0x00,0x4F,0x10,0x00,0x00,0x4F,0xFF,0xFF,
  0x80,0x4F,0x10,0x00,0x00,0x4F,0x10,0x00,0x00,0x4F,0x10,0x00,0x00,0x4F,0x10,0x00,0x00,0x4F,0x10,0x00,
  0x00,0x00,0x2A,0xEE,0xC6,0x00,0x02,0xE8,0x10,0x5F,0x80,0x0A,0xA0,0x00,0x08,0xE0,0x1F,0x40,0x00,0x01,
  0x51,0x3F,0x20,0x00,0x00,0x00,0x3F,0x20,0x08,0xFF,0xF1,0x1F,0x40,0x00,0x05,0xF1,0x0C,0xA0,0x00,0x09,
  0xF1,0x03,0xF8,0x11,0x7C,0xF1,0x00,0x3B,0xEE,0x94,0xF1,0x4F,0x10,0x00,0x4F,0x14,0xF1,0x00,0x04,0xF1,
  0x4F,0x10,0x00,0x4F,0x14,0xF1,0x00,0x04,0xF1,0x4F,0x10,0x00,0x4F,0x14,0xFF,0xFF,0xFF,0xF1,0x4F,0x10,
  0x00,0x4F,0x14,0xF1,0x00,0x04,0xF1,0x4F,0x10,0x00,0x4F,0x14,0xF1,0x00,0x04,0xF1,0x4F,0x14,0xF1,0x4F,
  0x14,0xF1,0x4F,0x14,0xF1,0x4F,0x14,0xF1,0x4F,0x14,0xF1,0x00,0x00,0x04,0xF1,0x00,0x00,0x04,0xF1,0x00,
  0x00,0x04,0xF1,0x00,0x00,0x04,0xF1,0x00,0x00,0x04,0xF1,0x00,0x00,0x04,0xF1,0x28,0x00,0x04,0xF1,0x3F,
  0x20,0x05,0xF0,0x0D,0x91,0x1C,0xB0,0x03,0xBE,0xEA,0x10,0x4F,0x10,0x00,0x9B,0x04,0xF1,0x00,0x8C,0x10,
  0x4F,0x10,0x6D,0x20,0x04,0xF1,0x5E,0x20,0x00,0x4F,0x5E,0x30,0x00,0x04,0xFE,0xF5,0x00,0x00,0x4F,0x56,
  0xF3,0x00,0x04,0xF1,0x0A,0xD1,0x00,0x4F,0x10,0x1C,0xB0,0x04,0xF1,0x00,0x2E,0x90,0x4F,0x10,0x00,0x00,
  0x4F,0x10,0x00,0x00,0x4F,0x10,0x00,0x00,0x4F,0x10,0x00,0x00,0x4F,0x10,0x00,0x00,0x4F,0x10,0x00,0x00,
  0x4F,0x10,0x00,0x00,0x4F,0x10,0x00,0x00,0x4F,0x10,0x00,0x00,0x4F,0xFF,0xFF,0xF4,0x4F,0xE0,0x00,0x02,
  0xFF,0x14,0xFE,0x40,0x00,0x6D,0xF1,0x4F,0x98,0x00,0x0A,0x9F,0x14,0xF5,0xC0,0x00,0xE5,0xF1,0x4F,0x1E,
  0x20,0x4C,0x4F,0x14,0xF1,0xA6,0x08,0x74,0xF1,0x4F,0x16,0xB0,0xD3,0x4F,0x14,0xF1,0x1E,0x3D,0x04,0xF1,
  0x4F,0x10,0xBB,0x80,0x4F,0x14,0xF1,0x07,0xF4,0x04,0xF1,0x4F,0xD0,0x00,0x4F,0x14,0xFD,0x50,0x04,0xF1,
  0x4F,0x6C,0x00,0x4F,0x14,0xF1,0xD4,0x04,0xF1,0x4F,0x16,0xB0,0x4F,0x14,0xF1,0x0E,0x34,0xF1,0x4F,0x10,
  0x7A,0x4F,0x14,0xF1,0x01,0xE6,0xF1,0x4F,0x10,0x08,0xDF,0x14,0xF1,0x00,0x2F,0xF1,0x00,0x2A,0xEF,0xD8,
  0x10,0x02,0xE9,0x10,0x2B,0xD1,0x0B,0xB0,0x00,0x00,0xD8,0x1F,0x40,0x00,0x00,0x7D,0x3F,0x20,0x00,0x00,
  0x5F,0x3F,0x20,0x00,0x00,0x5F,0x1F,0x40,0x00,0x00,0x7D,0x0B,0xB0,0x00,0x00,0xD8,0x02,0xE8,0x10,0x2B,
  0xD1,0x00,0x2A,0xEF,0xD8,0x10,0x4F,0xFF,0xEA,0x14,0xF1,0x01,0xBB,0x4F,0x10,0x05,0xF4,0xF1,0x00,0x5F,
  0x4F,0x10,0x1B,0xA4,0xFF,0xFE,0xA1,0x4F,0x10,0x00,0x04,0xF1,0x00,0x00,0x4F,0x10,0x00,0x04,0xF1,0x00,
  0x00,0x00,0x2A,0xEF,0xD8,0x10,0x02,0xE9,0x10,0x2B,0xC1,0x0B,0xB0,0x00,0x00,0xD8,0x1F,0x40,0x00,0x00,
  0x7D,0x3F,0x20,0x00,0x00,0x5F,0x3F,0x20,0x00,0x00,0x5F,0x1F,0x40,0x00,0x00,0x7D,0x0B,0xB0,0x00,0x00,
  0xD8,0x02,0xE8,0x10,0x2B,0xB1,0x00,0x2A,0xEF,0xFF,0xE7,0x00,0x00,0x00,0x00,0x35,0x4F,0xFF,0xFE,0x91,
  0x04,0xF1,0x00,0x2C,0xB0,0x4F,0x10,0x00,0x5F,0x04,0xF1,0x00,0x05,0xE0,0x4F,0x10,0x02,0xC7,0x04,0xFF,
  0xFF,0xFA,0x00,0x4F,0x10,0x04,0xF4,0x04,0xF1,0x00,0x0B,0x80,0x4F,0x10,0x00,0x8A,0x04,0xF1,0x00,0x04,
  0xE1,0x02,0xBE,0xD8,0x00,0xD7,0x02,0xD8,0x3F,0x20,0x06,0xB1,0xF7,0x00,0x00,0x06,0xED,0x93,0x00,0x01,
  0x5B,0xF6,0x00,0x00,0x08,0xE8,0xB0,0x00,0x4F,0x3F,0x71,0x1B,0xA0,0x4C,0xEE,0x91,0xFF,0xFF,0xFF,0xFF,
  0x00,0x04,0xF1,0x00,0x00,0x04,0xF1,0x00,0x00,0x04,0xF1,0x00,0x00,0x04,0xF1,0x00,0x00,0x04,0xF1,0x00,
  0x00,0x04,0xF1,0x00,0x00,0x04,0xF1,0x00,0x00,0x04,0xF1,0x00,0x00,0x04,0xF1,0x00,0x4F,0x10,0x00,0x4F,
  0x14,0xF1,0x00,0x04,0xF1,0x4F,0x10,0x00,0x4F,0x14,0xF1,0x00,0x04,0xF1,0x4F,0x10,0x00,0x4F,0x14,0xF1,
  0x00,0x04,0xF1,0x4F,0x10,0x00,0x4F,0x12,0xF4,0x00,0x06,0xE0,0x0B,0xC2,0x03,0xE8,0x00,0x19,0xDE,0xD7,
  0x00,0x6E,0x00,0x00,0x09,0xB1,0xF3,0x00,0x00,0xD5,0x0B,0x80,0x00,0x3E,0x10,0x6D,0x00,0x08,0xA0,0x01,
  0xF3,0x00,0xD5,0x00,0x0B,0x70,0x3E,0x00,0x00,0x6C,0x08,0x90,0x00,0x01,0xF2,0xD4,0x00,0x00,0x0B,0xAE,
  0x00,0x00,0x00,0x6F,0x90,0x00,0x8D,0x00,0x02,0xFB,0x00,0x03,0xF1,0x4F,0x10,0x06,0xEF,0x00,0x06,0xC0,
  0x0F,0x50,0x09,0x7E,0x40,0x0A,0x80,0x0B,0x80,0x0D,0x3A,0x70,0x0D,0x40,0x07,0xB0,0x2E,0x07,0xB0,0x2F,
  0x10,0x04,0xF0,0x6A,0x03,0xE0,0x6B,0x00,0x00,0xE3,0xA6,0x00,0xE3,0x97,0x00,0x00,0xB7,0xD3,0x00,0xA7,
  0xD3,0x00,0x00,0x7C,0xE0,0x00,0x6C,0xE0,0x00,0x00,0x3F,0xA0,0x00,0x3F,0xA0,0x00,0x2E,0x40,0x00,0x2E,
  0x40,0x6D,0x10,0x0C,0x80,0x00,0xC8,0x06,0xD0,0x00,0x02,0xE5,0xE3,0x00,0x00,0x07,0xF8,0x00,0x00,0x00,
  0x9E,0x90,0x00,0x00,0x4E,0x3E,0x50,0x00,0x1D,0x50,0x5E,0x10,0x09,0xB0,0x00,0xAA,0x05,0xE2,0x00,0x01,
  0xE6,0x6E,0x10,0x00,0x3F,0x30,0xC8,0x00,0x0B,0x90,0x04,0xF2,0x04,0xE2,0x00,0x0B,0xA0,0xC8,0x00,0x00,
  0x2F,0x9D,0x10,0x00,0x00,0x9F,0x60,0x00,0x00,0x04,0xF1,0x00,0x00,0x00,0x4F,0x10,0x00,0x00,0x04,0xF1,
  0x00,0x00,0x00,0x4F,0x10,0x00,0xFF,0xFF,0xFF,0xF0,0x00,0x00,0xC9,0x00,0x00,0x8C,0x10,0x00,0x3E,0x20,
  0x00,0x1D,0x60,0x00,0x09,0xA0,0x00,0x04,0xD1,0x00,0x01,0xD3,0x00,0x00,0x97,0x00,0x00,0x0F,0xFF,0xFF,
  0xFF,0x4F,0xF8,0x4F,0x10,0x4F,0x10,0x4F,0x10,0x4F,0x10,0x4F,0x10,0x4F,0x10,0x4F,0x10,0x4F,0x10,0x4F,
  0x10,0x4F,0x10,0x4F,0x10,0x4F,0xF8,0xD0,0x00,0x09,0x40,0x00,0x49,0x00,0x00,0xD0,0x00,0x0A,0x40,0x00,
  0x58,0x00,0x01,0xC0,0x00,0x0A,0x30,0x00,0x58,0x00,0x01,0xC0,0x00,0x0B,0x20,0xBF,0xF1,0x04,0xF1,0x04,
  0xF1,0x04,0xF1,0x04,0xF1,0x04,0xF1,0x04,0xF1,0x04,0xF1,0x04,0xF1,0x04,0xF1,0x04,0xF1,0x04,0xF1,0xBF,
  0xF1,0x00,0x9B,0x00,0x01,0xCA,0x20,0x07,0x74,0x80,0x0C,0x10,0xC1,0x4A,0x00,0x86,0xA4,0x00,0x2C,0x4F,
  0xFF,0xFF,0x40,0x26,0x00,0x94,0x01,0x9E,0xEC,0x30,0x09,0xC1,0x09,0xD0,0x07,0x30,0x04,0xF1,0x00,0x69,
  0xBC,0xF1,0x0C,0xB4,0x25,0xF1,0x3F,0x20,0x05,0xF1,0x2F,0x60,0x2C,0xF1,0x06,0xDE,0xC6,0xF2,0x4F,0x10,
  0x00,0x00,0x4F,0x10,0x00,0x00,0x4F,0x10,0x00,0x00,0x4F,0x4C,0xED,0x70,0x4F,0xC3,0x05,0xE6,0x4F,0x50,
  0x00,0x8D,0x4F,0x20,0x00,0x5F,0x4F,0x10,0x00,0x5F,0x4F,0x40,0x00,0x8C,0x4F,0xC3,0x05,0xE5,0x4F,0x6D,
  0xFC,0x50,0x00,0x7D,0xEB,0x20,0x07,0xD2,0x08,0xD1,0x0E,0x50,0x00,0xB3,0x3F,0x20,0x00,0x00,0x3F,0x20,
  0x00,0x00,0x1F,0x50,0x01,0x92,0x09,0xD2,0x19,0xC0,0x01,0x9D,0xEA,0x20,0x00,0x00,0x00,0x4F,0x10,0x00,
  0x00,0x04,0xF1,0x00,0x00,0x00,0x4F,0x10,0x07,0xDE,0xC7,0xF1,0x08,0xD3,0x04,0xEF,0x11,0xF5,0x00,0x07,
  0xF1,0x3F,0x20,0x00,0x4F,0x13,0xF2,0x00,0x05,0xF1,0x1F,0x50,0x00,0x8F,0x10,0x9D,0x30,0x5D,0xF1,0x00,
  0x9E,0xEB,0x6F,0x10,0x00,0x8E,0xEA,0x10,0x08,0xB2,0x19,0xB0,0x1E,0x20,0x01,0xF2,0x3F,0xFF,0xFF,0xF3,
  0x3F,0x20,0x00,0x00,0x1F,0x40,0x03,0xD1,0x09,0xC2,0x1B,0x90,0x01,0x9E,0xE9,0x10,0x00,0x8E,0xA0,0x2F,
  0x30,0x04,0xF1,0x01,0xFF,0xF9,0x04,0xF1,0x00,0x4F,0x10,0x04,0xF1,0x00,0x4F,0x10,0x04,0xF1,0x00,0x4F,
  0x10,0x04,0xF1,0x00,0x00,0x7D,0xFC,0x7F,0x10,0x8D,0x30,0x4E,0xF1,0x1E,0x50,0x00,0x7F,0x13,0xF2,0x00,
  0x04,0xF1,0x3F,0x20,0x00,0x5F,0x11,0xF5,0x00,0x08,0xF1,0x09,0xD3,0x05,0xDF,0x10,0x09,0xEE,0xB6,0xF1,
  0x0B,0x30,0x00,0x6D,0x00,0xAC,0x20,0x4E,0x70,0x01,0x9D,0xED,0x70,0x00,0x4F,0x10,0x00,0x00,0x4F,0x10,
  0x00,0x00,0x4F,0x10,0x00,0x00,0x4F,0x5C,0xEC,0x30,0x4F,0xC2,0x1B,0xC0,0x4F,0x50,0x05,0xF0,0x4F,0x20,
  0x04,0xF1,0x4F,0x10,0x04,0xF1,0x4F,0x10,0x04,0xF1,0x4F,0x10,0x04,0xF1,0x4F,0x10,0x04,0xF1,0x1B,0x02,
  0xD0,0x00,0x04,0xF1,0x4F,0x14,0xF1,0x4F,0x14,0xF1,0x4F,0x14,0xF1,0x4F,0x10,0x01,0xB0,0x02,0xD0,0x00,
  0x00,0x04,0xF1,0x04,0xF1,0x04,0xF1,0x04,0xF1,0x04,0xF1,0x04,0xF1,0x04,0xF1,0x04,0xF1,0x04,0xF1,0x07,
  0xF0,0x4F,0x80,0x4F,0x10,0x00,0x04,0xF1,0x00,0x00,0x4F,0x10,0x00,0x04,0xF1,0x01,0xD9,0x4F,0x10,0xBA,
  0x04,0xF1,0x9B,0x00,0x4F,0x8D,0x10,0x04,0xFD,0xF3,0x00,0x4F,0x28,0xE2,0x04,0xF1,0x0B,0xC1,0x4F,0x10,
  0x1D,0xA0,0x4F,0x14,0xF1,0x4F,0x14,0xF1,0x4F,0x14,0xF1,0x4F,0x14,0xF1,0x4F,0x14,0xF2,0x1D,0xE0,0x4F,
  0x7E,0xD4,0x7E,0xD4,0x04,0xF9,0x09,0xE9,0x09,0xD0,0x4F,0x30,0x4F,0x30,0x4F,0x14,0xF1,0x04,0xF1,0x04,
  0xF1,0x4F,0x10,0x4F,0x10,0x4F,0x14,0xF1,0x04,0xF1,0x04,0xF1,0x4F,0x10,0x4F,0x10,0x4F,0x14,0xF1,0x04,
  0xF1,0x04,0xF1,0x4F,0x5C,0xEC,0x30,0x4F,0xC2,0x1A,0xC0,0x4F,0x50,0x05,0xF0,0x4F,0x20,0x04,0xF1,0x4F,
  0x10,0x04,0xF1,0x4F,0x10,0x04,0xF1,0x4F,0x10,0x04,0xF1,0x4F,0x10,0x04,0xF1,0x00,0x8D,0xFD,0x60,0x08,
  0xD3,0x05,0xE5,0x1E,0x50,0x00,0x8C,0x3F,0x20,0x00,0x5F,0x3F,0x20,0x00,0x5F,0x0E,0x50,0x00,0x8C,0x08,
  0xD3,0x05,0xE5,0x00,0x8D,0xFD,0x60,0x4F,0x4C,0xED,0x70,0x4F,0xC3,0x05,0xE6,0x4F,0x50,0x00,0x8D,0x4F,
  0x20,0x00,0x5F,0x4F,0x10,0x00,0x5F,0x4F,0x40,0x00,0x8C,0x4F,0xC3,0x05,0xE5,0x4F,0x6D,0xFC,0x50,0x4F,
  0x10,0x00,0x00,0x4F,0x10,0x00,0x00,0x4F,0x10,0x00,0x00,0x00,0x7D,0xEC,0x7F,0x10,0x8D,0x30,0x4E,0xF1,
  0x1F,0x50,0x00,0x7F,0x13,0xF2,0x00,0x04,0xF1,0x3F,0x20,0x00,0x5F,0x11,0xF5,0x00,0x08,0xF1,0x09,0xD3,
  0x05,0xDF,0x10,0x09,0xEE,0xB6,0xF1,0x00,0x00,0x00,0x4F,0x10,0x00,0x00,0x04,0xF1,0x00,0x00,0x00,0x4F,
  0x10,0x4F,0x6E,0x44,0xFB,0x20,0x4F,0x40,0x04,0xF1,0x00,0x4F,0x10,0x04,0xF1,0x00,0x4F,0x10,0x04,0xF1,
  0x00,0x06,0xDE,0xB2,0x2F,0x41,0xBA,0x3F,0x30,0x25,0x0A,0xE9,0x30,0x00,0x49,0xF8,0x36,0x00,0x6F,0x3F,
  0x40,0x8E,0x06,0xDE,0xC4,0x02,0x80,0x00,0x4F,0x10,0x4F,0xFF,0x60,0x4F,0x10,0x04,0xF1,0x00,0x4F,0x10,
  0x04,0xF1,0x00,0x4F,0x10,0x03,0xF3,0x00,0x1C,0xF5,0x4F,0x10,0x04,0xF1,0x4F,0x10,0x04,0xF1,0x4F,0x10,
  0x04,0xF1,0x4F,0x10,0x04,0xF1,0x4F,0x10,0x05,0xF1,0x3F,0x20,0x08,0xF1,0x1E,0x90,0x3D,0xF1,0x04,0xDE,
  0xC7,0xF1,0xC8,0x00,0x05,0xE7,0xC0,0x00,0xA9,0x2F,0x20,0x0E,0x30,0xB7,0x04,0xD0,0x06,0xC0,0x98,0x00,
  0x1F,0x2D,0x30,0x00,0xBA,0xC0,0x00,0x05,0xF7,0x00,0xD8,0x00,0x6F,0x60,0x08,0xB8,0xC0,0x09,0xD9,0x00,
  0xC7,0x4F,0x10,0xD6,0xD0,0x1F,0x20,0xE4,0x1E,0x0F,0x24,0xD0,0x0A,0x85,0xA0,0xB5,0x89,0x00,0x5C,0x96,
  0x08,0x9C,0x40,0x01,0xFD,0x30,0x4D,0xE0,0x00,0x0C,0xE0,0x01,0xFA,0x00,0xAB,0x00,0x2F,0x31,0xE5,0x0B,
  0x80,0x06,0xD6,0xD1,0x00,0x0B,0xF4,0x00,0x00,0xCF,0x50,0x00,0x7C,0x5E,0x10,0x2E,0x30,0xB9,0x0B,0x90,
  0x02,0xF4,0xAB,0x00,0x03,0xF1,0x4F,0x10,0x08,0xB0,0x0E,0x50,0x0D,0x60,0x09,0xA0,0x2E,0x10,0x03,0xE0,
  0x7A,0x00,0x00,0xD4,0xC4,0x00,0x00,0x8A,0xE0,0x00,0x00,0x2F,0x90,0x00,0x00,0x0E,0x30,0x00,0x00,0x7B,
  0x00,0x00,0x0E,0xC2,0x00,0x00,0x0F,0xFF,0xFF,0x00,0x00,0xBA,0x00,0x08,0xE1,0x00,0x4F,0x50,0x02,0xEA,
  0x00,0x0C,0xE1,0x00,0x9F,0x50,0x00,0xFF,0xFF,0xFF,0x00,0xAE,0x03,0xF3,0x04,0xF1,0x04,0xF1,0x04,0xF1,
  0x07,0xE0,0x1F,0x50,0x07,0xE0,0x04,0xF1,0x04,0xF1,0x04,0xF1,0x03,0xF3,0x00,0xBE,0x28,0x04,0xF1,0x4F,
  0x14,0xF1,0x4F,0x14,0xF1,0x4F,0x14,0xF1,0x4F,0x14,0xF1,0x4F,0x14,0xF1,0x4F,0x14,0xF1,0x4F,0x10,0x2E,
  0x80,0x05,0xF0,0x04,0xF1,0x04,0xF1,0x04,0xF1,0x02,0xF4,0x00,0x8D,0x02,0xF4,0x04,0xF1,0x04,0xF1,0x04,
  0xF1,0x05,0xF1,0x2E,0x80,0x0B,0xE9,0x37,0xF3,0xE3,0x39,0xD8,0x2D,0x2D,0x1B,0x01,0xB0,0x1B,0x2D,0x02,
  0xD0,0x2D,0x09,0xE7,0x3F,0x7F,0x3F,0x7F,0x09,0xE7,
};
static const FontGlyph kFontSGlyphs[] = {
  {    0,  0,  0,   0,    0,  3},  // 0x20 ' '
  {    0,  3, 10,   0,  -10,  3},  // 0x21 '!'
  {   15,  5,  4,   1,  -11,  6},  // 0x22 '"'
  {   25,  7, 10,   1,  -10,  8},  // 0x23 '#'
  {   60,  7, 13,   1,  -12,  9},  // 0x24 '$'
  {  106, 10, 10,   0,  -10, 11},  // 0x25 '%'
  {  156,  9, 10,   0,  -10,  9},  // 0x26 '&'
  {  201,  3,  4,   0,  -11,  3},  // 0x27 "'"
  {  207,  4, 13,   1,  -12,  5},  // 0x28 '('
  {  233,  4, 13,   0,  -12,  5},  // 0x29 ')'
  {  259,  7,  6,   1,   -7,  9},  // 0x2A '*'
  {  280,  7,  7,   1,   -8,  9},  // 0x2B '+'
  {  305,  3,  3,  -1,   -1,  3},  // 0x2C ','
  {  310,  4,  1,   0,   -5,  4},  // 0x2D '-'
  {  312,  2,  2,   0,   -2,  3},  // 0x2E '.'
  {  314,  5, 11,   0,  -11,  4},  // 0x2F '/'
  {  342,  9, 10,   0,  -10,  8},  // 0x30 '0'
  {  387,  5, 10,   2,  -10,  8},  // 0x31 '1'
  {  412,  7, 10,   1,  -10,  8},  // 0x32 '2'
  {  447,  7, 10,   0,  -10,  8},  // 0x33 '3'
  {  482,  7, 10,   1,  -10,  8},  // 0x34 '4'
  {  517,  8, 10,   0,  -10,  8},  // 0x35 '5'
  {  557,  9, 10,   0,  -10,  8},  // 0x36 '6'
  {  602,  7, 10,   1,  -10,  8},  // 0x37 '7'
  {  637,  7, 10,   0,  -10,  8},  // 0x38 '8'
  {  672,  8, 10,   0,  -10,  8},  // 0x39 '9'
  {  712,  2,  8,   0,   -8,  3},  // 0x3A ':'
  {  720,  3, 10,  -1,   -8,  3},  // 0x3B ';'
  {  735,  6,  8,   1,   -8,  8},  // 0x3C '<'
  {  759,  6,  4,   1,   -7,  8},  // 0x3D '='
  {  771,  6,  8,   1,   -8,  8},  // 0x3E '>'
  {  795,  7, 10,   0,  -10,  8},  // 0x3F '?'
  {  830, 12, 11,   0,   -9, 12},  // 0x40 '@'
  {  896,  9, 10,   0,  -10,  9},  // 0x41 'A'
  {  941,  8, 10,   1,  -10, 10},  // 0x42 'B'
  {  981, 10, 10,   0,  -10, 10},  // 0x43 'C'
  { 1031, 10, 10,   1,  -10, 11},  // 0x44 'D'
  { 1081,  8, 10,   1,  -10,  9},  // 0x45 'E'
  { 1121,  8, 10,   1,  -10,  8},  // 0x46 'F'
  { 1161, 10, 10,   0,  -10, 10},  // 0x47 'G'
  { 1211,  9, 10,   1,  -10, 10},  // 0x48 'H'
  { 1256,  3, 10,   1,  -10,  4},  // 0x49 'I'
  { 1271,  8, 10,   0,  -10,  8},  // 0x4A 'J'
  { 1311,  9, 10,   1,  -10,  9},  // 0x4B 'K'
  { 1356,  8, 10,   1,  -10,  9},  // 0x4C 'L'
  { 1396, 11, 10,   1,  -10, 12},  // 0x4D 'M'
  { 1451,  9, 10,   1,  -10, 10},  // 0x4E 'N'
  { 1496, 10, 10,   0,  -10, 11},  // 0x4F 'O'
  { 1546,  7, 10,   1,  -10,  9},  // 0x50 'P'
  { 1581, 10, 11,   0,  -10, 11},  // 0x51 'Q'
  { 1636,  9, 10,   1,  -10, 10},  // 0x52 'R'
  { 1681,  7, 10,   0,  -10,  8},  // 0x53 'S'
  { 1716,  8, 10,   1,  -10,  9},  // 0x54 'T'
  { 1756,  9, 10,   1,  -10, 10},  // 0x55 'U'
  { 1801,  9, 10,   0,  -10,  9},  // 0x56 'V'
  { 1846, 14, 10,   0,  -10, 13},  // 0x57 'W'
  { 1916,  9, 10,   0,  -10,  9},  // 0x58 'X'
  { 1961,  9, 10,   0,  -10,  8},  // 0x59 'Y'
  { 2006,  7, 10,   1,  -10,  9},  // 0x5A 'Z'
  { 2041,  4, 13,   1,  -12,  5},  // 0x5B '['
  { 2067,  5, 11,   0,  -11,  4},  // 0x5C '//'
  { 2095,  4, 13,   0,  -12,  4},  // 0x5D ']'
  { 2121,  6,  6,   1,   -9,  8},  // 0x5E '^'
  { 2139,  7,  1,   0,    0,  7},  // 0x5F '_'
  { 2143,  3,  2,   0,  -11,  4},  // 0x60 '`'
  { 2146,  8,  8,   0,   -8,  8},  // 0x61 'a'
  { 2178,  8, 11,   0,  -11,  9},  // 0x62 'b'
  { 2222,  8,  8,   0,   -8,  8},  // 0x63 'c'
  { 2254,  9, 11,   0,  -11,  9},  // 0x64 'd'
  { 2304,  8,  8,   0,   -8,  8},  // 0x65 'e'
  { 2336,  5, 11,  -1,  -11,  4},  // 0x66 'f'
  { 2364,  9, 11,   0,   -8,  9},  // 0x67 'g'
  { 2414,  8, 11,   0,  -11,  8},  // 0x68 'h'
  { 2458,  3, 11,   0,  -11,  3},  // 0x69 'i'
  { 2475,  4, 14,  -1,  -11,  3},  // 0x6A 'j'
  { 2503,  7, 11,   0,  -11,  7},  // 0x6B 'k'
  { 2542,  3, 11,   0,  -11,  3},  // 0x6C 'l'
  { 2559, 11,  8,   0,   -8, 11},  // 0x6D 'm'
  { 2603,  8,  8,   0,   -8,  8},  // 0x6E 'n'
  { 2635,  8,  8,   0,   -8,  9},  // 0x6F 'o'
  { 2667,  8, 11,   0,   -8,  9},  // 0x70 'p'
  { 2711,  9, 11,   0,   -8,  9},  // 0x71 'q'
  { 2761,  5,  8,   0,   -8,  4},  // 0x72 'r'
  { 2781,  6,  8,   0,   -8,  7},  // 0x73 's'
  { 2805,  5, 10,   0,  -10,  5},  // 0x74 't'
  { 2830,  8,  8,   0,   -8,  8},  // 0x75 'u'
  { 2862,  7,  8,   0,   -8,  7},  // 0x76 'v'
  { 2890, 11,  8,   0,   -8, 11},  // 0x77 'w'
  { 2934,  7,  8,   0,   -8,  7},  // 0x78 'x'
  { 2962,  8, 11,   0,   -8,  7},  // 0x79 'y'
  { 3006,  6,  8,   1,   -8,  8},  // 0x7A 'z'
  { 3030,  4, 13,   0,  -12,  4},  // 0x7B '{'
  { 3056,  3, 15,   1,  -12,  4},  // 0x7C '|'
  { 3079,  4, 13,   0,  -12,  5},  // 0x7D '}'
  { 3105,  7,  2,   0,   -5,  8},  // 0x7E '~'
  { 3112,  2,  2,   0,   -5,  3},  // 0x7F '·'
  { 3114,  8,  2,   0,   -2,  9},  // 0x80 '…'
  { 3122,  4,  4,   0,  -11,  5},  // 0x81 '°'
};
const Font kFontS = { kFontSBits, kFontSGlyphs, 0x20, 0x81, 20, 14, 10 };

// kFontM: 17 px, line 23 px, cap height 11 px
static const uint8_t kFontMBits[] = {
  0x9F,0x9F,0x9F,0x9F,0x9F,0x9F,0x9F,0x9F,0x11,0xDD,0xCC,0xF9,0x9F,0xF9,0x9F,0xF9,0x9F,0xF9,0x9F,0x00,
  0x0B,0x43,0xC0,0x00,0x0E,0x17,0x80,0x00,0x4B,0x0B,0x40,0x4E,0xFF,0xEF,0xE9,0x00,0xB4,0x2C,0x00,0x00,
  0xE1,0x69,0x00,0xCE,0xFE,0xFF,0xE2,0x27,0xA2,0xD4,0x20,0x08,0x61,0xE0,0x00,0x0C,0x34,0xB0,0x00,0x0E,
  0x07,0x80,0x00,0x00,0x00,0xF9,0x00,0x00,0x03,0x9F,0xD7,0x00,0x05,0xFA,0xFC,0xDA,0x00,0xDB,0x0F,0x95,
  0xF3,0x0E,0xA0,0xF9,0x18,0x30,0xBE,0x2F,0x90,0x00,0x03,0xDF,0xFD,0x50,0x00,0x01,0x5F,0xEF,0xA0,0x00,
  0x00,0xF9,0x7F,0x53,0x82,0x0F,0x91,0xF8,0x5F,0x60,0xF9,0x1F,0x71,0xDE,0x6F,0xAA,0xE2,0x02,0xAE,0xFF,
  0xC3,0x00,0x00,0x0F,0x90,0x00,0x00,0x00,0x84,0x00,0x00,0x4C,0xFC,0x40,0x00,0xC8,0x0D,0xC3,0xCD,0x00,
  0x8C,0x00,0xEB,0x1B,0xE0,0x3E,0x30,0x05,0xEF,0xE5,0x0C,0x80,0x00,0x00,0x20,0x08,0xC0,0x00,0x00,0x00,
  0x03,0xE3,0x00,0x00,0x00,0x00,0xC8,0x3C,0xEC,0x30,0x00,0x7C,0x0C,0xC1,0xCC,0x00,0x3E,0x30,0xE9,0x09,
  0xE0,0x0C,0x80,0x0C,0xD3,0xDC,0x07,0xC0,0x00,0x3C,0xEC,0x30,0x03,0xAD,0xFE,0x90,0x00,0x4F,0xA3,0x22,
  0x20,0x00,0x8F,0x10,0x00,0x24,0x00,0x4F,0x70,0x00,0x9F,0x00,0x04,0xDF,0xEE,0xFF,0xE7,0x2D,0xC5,0x32,
  0xAF,0x21,0xBD,0x00,0x00,0x9F,0x00,0xEA,0x00,0x00,0x9F,0x00,0xEC,0x00,0x00,0x9F,0x00,0x8F,0x93,0x23,
  0xAF,0x00,0x06,0xBE,0xFE,0xDB,0x00,0xF9,0xF9,0xF9,0xF9,0x00,0xB5,0x07,0xC0,0x1E,0x60,0x6F,0x10,0xAD,
  0x00,0xDA,0x00,0xE9,0x00,0xE9,0x00,0xDA,0x00,0xAD,0x00,0x6F,0x10,0x1E,0x60,0x07,0xC0,0x00,0xB5,0xB5,
  0x00,0x3E,0x20,0x0C,0x80,0x07,0xE0,0x04,0xF4,0x02,0xF7,0x01,0xF8,0x00,0xF8,0x02,0xF7,0x04,0xF4,0x07,
  0xE0,0x0C,0x80,0x3E,0x20,0xB5,0x00,0x00,0x0D,0x00,0x00,0x00,0xD0,0x00,0x9A,0x4D,0x4A,0xA1,0x49,0xF9,
  0x41,0x01,0xC5,0xC1,0x00,0xA7,0x07,0xB0,0x04,0x00,0x04,0x00,0x00,0x00,0xF9,0x00,0x00,0x00,0x0F,0x90,
  0x00,0x00,0x00,0xF9,0x00,0x00,0x00,0x0F,0x90,0x00,0x1E,0xEE,0xFF,0xEE,0xA0,0x22,0x2F,0xA2,0x21,0x00,
  0x00,0xF9,0x00,0x00,0x00,0x0F,0x90,0x00,0x0B,0xD1,0xF7,0x6F,0x1B,0xA0,0x6E,0xEE,0x21,0x22,0x20,0x10,
  0xD7,0xC6,0x00,0x00,0xE1,0x00,0x05,0xB0,0x00,0x0A,0x60,0x00,0x1E,0x10,0x00,0x5A,0x00,0x00,0xA5,0x00,
  0x01,0xE1,0x00,0x06,0xA0,0x00,0x0B,0x50,0x00,0x1E,0x10,0x00,0x6A,0x00,0x00,0xB5,0x00,0x00,0x70,0x00,
  0x00,0x02,0xAE,0xFD,0x70,0x01,0xDC,0x42,0x6F,0x80,0x8F,0x20,0x00,0x8F,0x2C,0xC0,0x00,0x03,0xF6,0xEA,
  0x00,0x00,0x1F,0x8F,0x90,0x00,0x00,0xF9,0xEA,0x00,0x00,0x1F,0x8C,0xC0,0x00,0x03,0xF6,0x8F,0x20,0x00,
  0x8F,0x21,0xDC,0x42,0x6F,0x80,0x02,0xAE,0xFD,0x70,0x00,0x02,0xAF,0x98,0xFB,0xF9,0xD5,0x0F,0x91,0x00,
  0xF9,0x00,0x0F,0x90,0x00,0xF9,0x00,0x0F,0x90,0x00,0xF9,0x00,0x0F,0x90,0x00,0xF9,0x00,0x0F,0x90,0x02,
  0x9D,0xED,0x70,0x1D,0xC3,0x27,0xF8,0x7F,0x10,0x00,0xBE,0x68,0x00,0x00,0xAE,0x00,0x00,0x02,0xE9,0x00,
  0x00,0x1C,0xC1,0x00,0x02,0xCC,0x10,0x00,0x2D,0xC1,0x00,0x03,0xEA,0x10,0x00,0x4E,0xA2,0x11,0x11,0xFF,
  0xFF,0xFF,0xFF,0x00,0x7C,0xEE,0xB4,0x00,0x9E,0x52,0x39,0xF3,0x1C,0x50,0x00,0x1F,0x80,0x00,0x00,0x29,
  0xF6,0x00,0x00,0xFF,0xFA,0x00,0x00,0x02,0x49,0x60,0x00,0x00,0x00,0x0C,0x87,0xC0,0x00,0x00,0xAE,0x5F,
  0x40,0x00,0x0D,0xD0,0xCE,0x63,0x4B,0xF6,0x01,0x8D,0xFD,0xA3,0x00,0x00,0x00,0x06,0xF9,0x00,0x00,0x03,
  0xEF,0x90,0x00,0x02,0xE8,0xF9,0x00,0x00,0xCB,0x0F,0x90,0x00,0x9D,0x10,0xF9,0x00,0x6E,0x30,0x0F,0x90,
  0x4F,0x50,0x00,0xF9,0x0E,0xFE,0xEE,0xEF,0xFE,0x22,0x22,0x22,0xFA,0x20,0x00,0x00,0x0F,0x90,0x00,0x00,
  0x00,0xF9,0x00,0x09,0xFF,0xFF,0xFF,0x20,0xB9,0x11,0x11,0x10,0x0D,0x60,0x00,0x00,0x00,0xF7,0xBE,0xD9,
  0x10,0x2F,0xD5,0x36,0xEC,0x04,0xC4,0x00,0x06,0xF5,0x00,0x00,0x00,0x1F,0x84,0x80,0x00,0x01,0xF8,0x4F,
  0x40,0x00,0x5F,0x50,0xCD,0x52,0x6E,0xB0,0x01,0x9D,0xFD,0x70,0x00,0x00,0x8D,0xFD,0x70,0x0B,0xC4,0x27,
  0xF7,0x5E,0x10,0x00,0x67,0xBB,0x6C,0xEC,0x40,0xDD,0xB4,0x4B,0xF4,0xFE,0x10,0x00,0xEB,0xFA,0x00,0x00,
  0xAE,0xDA,0x00,0x00,0xAE,0xAE,0x10,0x01,0xDB,0x3F,0xB3,0x3B,0xE3,0x03,0xBE,0xEB,0x30,0xFF,0xFF,0xFF,
  0xFE,0x11,0x11,0x12,0xE8,0x00,0x00,0x07,0xE1,0x00,0x00,0x1E,0x70,0x00,0x00,0x9D,0x00,0x00,0x02,0xF5,
  0x00,0x00,0x0A,0xC0,0x00,0x00,0x3F,0x40,0x00,0x00,0xCB,0x00,0x00,0x05,0xF3,0x00,0x00,0x0D,0x90,0x00,
  0x00,0x05,0xBE,0xEC,0x70,0x05,0xFA,0x32,0x6E,0x90,0x8F,0x10,0x00,0xAE,0x03,0xF8,0x10,0x4E,0xD0,0x05,
  0xFF,0xFF,0xE4,0x04,0xEB,0x43,0x69,0x20,0xCD,0x00,0x00,0x4E,0x2F,0xA0,0x00,0x01,0xF8,0xDC,0x00,0x00,
  0x4F,0x76,0xFA,0x32,0x5D,0xE2,0x04,0xBE,0xFD,0x92,0x00,0x04,0xBE,0xEB,0x30,0x4F,0xA3,0x3A,0xF3,0xCC,
  0x00,0x00,0xD9,0xFA,0x00,0x00,0xAD,0xDC,0x00,0x00,0xCF,0x7F,0x71,0x17,0xEF,0x07,0xEF,0xF9,0xAD,0x22,
  0x01,0x00,0xCB,0xBD,0x00,0x02,0xF5,0x5F,0x92,0x3C,0xB0,0x05,0xCE,0xD8,0x00,0xC6,0xD7,0x10,0x00,0x00,
  0x00,0x10,0xD7,0xC6,0x00,0xC6,0x00,0xD7,0x00,0x10,0x00,0x00,0x00,0x00,0x00,0x00,0x00,0x00,0x01,0xF3,
  0x05,0xD0,0x0A,0x90,0x1E,0x50,0x00,0x00,0x00,0x10,0x00,0x02,0x8E,0x00,0x29,0xE8,0x23,0xAD,0x71,0x00,
  0xF9,0x00,0x00,0x06,0xDB,0x40,0x00,0x00,0x5C,0xC5,0x00,0x00,0x05,0xCD,0x00,0x00,0x00,0x40,0x9E,0xEE,
  0xEE,0xE7,0x12,0x22,0x22,0x21,0x00,0x00,0x00,0x00,0x9E,0xEE,0xEE,0xE7,0x12,0x22,0x22,0x21,0x10,0x00,
  0x00,0x0E,0x82,0x00,0x00,0x29,0xE9,0x20,0x00,0x01,0x8E,0xA3,0x00,0x00,0x19,0xF0,0x00,0x3A,0xD6,0x05,
  0xCC,0x50,0x0D,0xC5,0x00,0x00,0x40,0x00,0x00,0x00,0x05,0xCE,0xEB,0x40,0x7F,0x82,0x3A,0xF3,0xEB,0x00,
  0x01,0xF8,0x32,0x00,0x03,0xF6,0x00,0x00,0x1C,0xB0,0x00,0x02,0xD9,0x00,0x00,0x2D,0x40,0x00,0x00,0x76,
  0x00,0x00,0x00,0x10,0x00,0x00,0x00,0xD7,0x00,0x00,0x00,0xC6,0x00,0x00,0x00,0x01,0x6B,0xDE,0xC7,0x10,
  0x00,0x04,0xED,0x63,0x37,0xEC,0x10,0x04,0xF9,0x00,0x00,0x02,0xEB,0x01,0xEA,0x03,0xCE,0x98,0x47,0xF3,
  0x7F,0x22,0xEB,0x37,0xF4,0x2F,0x7C,0xC0,0xAE,0x10,0x2F,0x10,0xF9,0xEA,0x0D,0xA0,0x03,0xC0,0x1F,0x8F,
  0x90,0xE9,0x00,0x88,0x04,0xF5,0xDB,0x0C,0xD1,0x4E,0x72,0xCC,0x0A,0xE1,0x3C,0xE9,0x6E,0xE9,0x10,0x3F,
  0x90,0x00,0x00,0x01,0x00,0x00,0x6F,0xA3,0x00,0x38,0xD0,0x00,0x00,0x4B,0xFF,0xFD,0x71,0x00,0x00,0x00,
  0x01,0x21,0x00,0x00,0x00,0x00,0x00,0x7F,0xD0,0x00,0x00,0x00,0x0D,0xBF,0x40,0x00,0x00,0x04,0xF2,0xD9,
  0x00,0x00,0x00,0xAC,0x08,0xE0,0x00,0x00,0x1E,0x60,0x2F,0x50,0x00,0x06,0xF1,0x00,0xCB,0x00,0x00,0xCF,
  0xFF,0xFF,0xF1,0x00,0x2F,0x63,0x33,0x4F,0x70,0x08,0xE0,0x00,0x00,0xCC,0x00,0xE9,0x00,0x00,0x06,0xF3,
  0x5F,0x40,0x00,0x00,0x1F,0x80,0xFF,0xFF,0xFD,0x81,0x0F,0x91,0x12,0x5E,0xA0,0xF9,0x00,0x00,0xAE,0x0F,
  0x90,0x00,0x3E,0xD0,0xFF,0xEE,0xFF,0xD3,0x0F,0xA2,0x23,0x59,0x40,0xF9,0x00,0x00,0x3F,0x3F,0x90,0x00,
  0x01,0xF8,0xF9,0x00,0x00,0x3F,0x7F,0x91,0x12,0x4C,0xE1,0xFF,0xFF,0xFD,0x92,0x00,0x00,0x3A,0xEF,0xDA,
  0x30,0x00,0x6F,0x93,0x24,0xAF,0x50,0x3F,0x80,0x00,0x00,0xAE,0x1A,0xE0,0x00,0x00,0x03,0xB3,0xEA,0x00,
  0x00,0x00,0x00,0x0F,0x90,0x00,0x00,0x00,0x00,0xEA,0x00,0x00,0x00,0x00,0x0A,0xE0,0x00,0x00,0x05,0xB1,
  0x4F,0x80,0x00,0x00,0xCD,0x00,0x8F,0x93,0x24,0xBE,0x40,0x00,0x5B,0xEF,0xDA,0x20,0x00,0xFF,0xFF,0xFD,
  0x81,0x00,0xF9,0x11,0x26,0xCE,0x30,0xF9,0x00,0x00,0x1C,0xD0,0xF9,0x00,0x00,0x05,0xF5,0xF9,0x00,0x00,
  0x02,0xF8,0xF9,0x00,0x00,0x00,0xF9,0xF9,0x00,0x00,0x02,0xF7,0xF9,0x00,0x00,0x06,0xF4,0xF9,0x00,0x00,
  0x1D,0xC0,0xF9,0x11,0x26,0xDD,0x20,0xFF,0xFF,0xFC,0x81,0x00,0xFF,0xFF,0xFF,0xFC,0xF9,0x11,0x11,0x11,
  0xF9,0x00,0x00,0x00,0xF9,0x00,0x00,0x00,0xF9,0x00,0x00,0x00,0xFF,0xEE,0xEE,0xE4,0xFA,0x22,0x22,0x21,
  0xF9,0x00,0x00,0x00,0xF9,0x00,0x00,0x00,0xF9,0x11,0x11,0x11,0xFF,0xFF,0xFF,0xFE,0xFF,0xFF,0xFF,0xFC,
  0xF9,0x11,0x11,0x11,0xF9,0x00,0x00,0x00,0xF9,0x00,0x00,0x00,0xF9,0x00,0x00,0x00,0xFF,0xEE,0xEE,0xE1,
  0xFA,0x22,0x22,0x20,0xF9,0x00,0x00,0x00,0xF9,0x00,0x00,0x00,0xF9,0x00,0x00,0x00,0xF9,0x00,0x00,0x00,
  0x00,0x29,0xDF,0xEC,0x71,0x00,0x5E,0xA4,0x23,0x8F,0xD1,0x3F,0x80,0x00,0x00,0x6F,0x8A,0xE1,0x00,0x00,
  0x00,0x64,0xDA,0x00,0x00,0x00,0x00,0x0F,0x90,0x00,0x0E,0xEE,0xE8,0xEA,0x00,0x00,0x22,0x3F,0x9A,0xE1,
  0x00,0x00,0x04,0xF9,0x4F,0x80,0x00,0x00,0xBF,0x90,0x7F,0xA3,0x24,0xB9,0xF9,0x00,0x4B,0xEF,0xD8,0x0F,
  0x90,0xF9,0x00,0x00,0x00,0xF9,0xF9,0x00,0x00,0x00,0xF9,0xF9,0x00,0x00,0x00,0xF9,0xF9,0x00,0x00,0x00,
  0xF9,0xF9,0x00,0x00,0x00,0xF9,0xFF,0xEE,0xEE,0xEE,0xF9,0xFA,0x22,0x22,0x22,0xF9,0xF9,0x00,0x00,0x00,
  0xF9,0xF9,0x00,0x00,0x00,0xF9,0xF9,0x00,0x00,0x00,0xF9,0xF9,0x00,0x00,0x00,0xF9,0xF9,0xF9,0xF9,0xF9,
  0xF9,0xF9,0xF9,0xF9,0xF9,0xF9,0xF9,0x00,0x00,0x00,0xF9,0x00,0x00,0x00,0xF9,0x00,0x00,0x00,0xF9,0x00,
  0x00,0x00,0xF9,0x00,0x00,0x00,0xF9,0x00,0x00,0x00,0xF9,0x00,0x00,0x00,0xF9,0xE8,0x00,0x00,0xF9,0xDB,
  0x00,0x02,0xF8,0x7F,0x72,0x3C,0xF3,0x06,0xCE,0xEB,0x30,0xF9,0x00,0x00,0x3E,0x9F,0x90,0x00,0x3E,0x90,
  0xF9,0x00,0x3E,0x90,0x0F,0x90,0x2E,0x90,0x00,0xF9,0x2E,0xA0,0x00,0x0F,0xBE,0xE1,0x00,0x00,0xFF,0x9E,
  0xC1,0x00,0x0F,0xA0,0x4F,0xA0,0x00,0xF9,0x00,0x6F,0x90,0x0F,0x90,0x00,0x8F,0x70,0xF9,0x00,0x00,0xAF,
  0x60,0xF9,0x00,0x00,0x00,0xF9,0x00,0x00,0x00,0xF9,0x00,0x00,0x00,0xF9,0x00,0x00,0x00,0xF9,0x00,0x00,
  0x00,0xF9,0x00,0x00,0x00,0xF9,0x00,0x00,0x00,0xF9,0x00,0x00,0x00,0xF9,0x00,0x00,0x00,0xFA,0x22,0x22,
  0x22,0xFF,0xFF,0xFF,0xFE,0xFF,0xA0,0x00,0x00,0x1F,0xF9,0xFE,0xF1,0x00,0x00,0x6E,0xF9,0xFA,0xF5,0x00,
  0x00,0xB9,0xF9,0xF9,0xAA,0x00,0x01,0xF4,0xF9,0xF9,0x5F,0x10,0x06,0xE0,0xF9,0xF9,0x1E,0x50,0x0B,0x90,
  0xF9,0xF9,0x0A,0xB0,0x1F,0x30,0xF9,0xF9,0x05,0xF1,0x6D,0x00,0xF9,0xF9,0x00,0xE6,0xB8,0x00,0xF9,0xF9,
  0x00,0x9C,0xF3,0x00,0xF9,0xF9,0x00,0x4F,0xD0,0x00,0xF9,0xFF,0x90,0x00,0x09,0xFF,0xDF,0x20,0x00,0x9F,
  0xF9,0xCA,0x00,0x09,0xFF,0x94,0xF3,0x00,0x9F,0xF9,0x0B,0xB0,0x09,0xFF,0x90,0x3F,0x30,0x9F,0xF9,0x00,
  0xAB,0x09,0xFF,0x90,0x03,0xF4,0x9F,0xF9,0x00,0x0A,0xC9,0xFF,0x90,0x00,0x2F,0xDF,0xF9,0x00,0x00,0x9F,
  0xF0,0x00,0x4B,0xEF,0xEA,0x40,0x00,0x7F,0x93,0x23,0x9F,0x70,0x4F,0x70,0x00,0x00,0x7F,0x4A,0xE0,0x00,
  0x00,0x00,0xEA,0xEA,0x00,0x00,0x00,0x0A,0xEF,0x90,0x00,0x00,0x00,0x9F,0xEA,0x00,0x00,0x00,0x0A,0xEA,
  0xE0,0x00,0x00,0x00,0xEA,0x4F,0x70,0x00,0x00,0x7F,0x40,0x7F,0x93,0x23,0x9F,0x70,0x00,0x4B,0xEF,0xEA,
  0x40,0x00,0xFF,0xFF,0xFC,0x70,0xF9,0x11,0x26,0xF8,0xF9,0x00,0x00,0xAE,0xF9,0x00,0x00,0xAE,0xF9,0x00,
  0x04,0xE9,0xFF,0xEE,0xFE,0x91,0xFA,0x22,0x20,0x00,0xF9,0x00,0x00,0x00,0xF9,0x00,0x00,0x00,0xF9,0x00,
  0x00,0x00,0xF9,0x00,0x00,0x00,0x00,0x4B,0xEF,0xEA,0x40,0x00,0x7F,0x93,0x23,0x9F,0x70,0x4F,0x70,0x00,
  0x00,0x7F,0x3A,0xE0,0x00,0x00,0x00,0xEA,0xEA,0x00,0x00,0x00,0x0A,0xEF,0x90,0x00,0x00,0x00,0x9F,0xEA,
  0x00,0x00,0x00,0x0A,0xEA,0xE0,0x00,0x00,0x00,0xEA,0x4F,0x70,0x00,0x00,0x7F,0x30,0x7F,0x93,0x23,0x9F,
  0x50,0x00,0x4A,0xEF,0xFF,0xFE,0x70,0x00,0x00,0x00,0x01,0x55,0xFF,0xFF,0xFE,0xB4,0x0F,0x91,0x12,0x4B,
  0xF3,0xF9,0x00,0x00,0x2F,0x8F,0x90,0x00,0x01,0xF7,0xF9,0x00,0x01,0xAD,0x1F,0xFE,0xEE,0xFD,0x10,0xFA,
  0x22,0x26,0xF8,0x0F,0x90,0x00,0x0A,0xD0,0xF9,0x00,0x00,0x6F,0x1F,0x90,0x00,0x04,0xF3,0xF9,0x00,0x00,
  0x1E,0x80,0x00,0x5C,0xEE,0xB3,0x00,0x8F,0x62,0x3A,0xF3,0x0E,0xA0,0x00,0x0E,0xA0,0xDC,0x00,0x00,0x22,
  0x06,0xFC,0x73,0x00,0x00,0x03,0x9D,0xFE,0x70,0x00,0x00,0x02,0x9F,0x82,0x40,0x00,0x00,0xBE,0x4F,0x60,
  0x00,0x0A,0xE0,0xBE,0x72,0x27,0xF7,0x01,0x7C,0xEE,0xB5,0x00,0xFF,0xFF,0xFF,0xFF,0xFF,0x11,0x11,0xF9,
  0x11,0x11,0x00,0x00,0xF9,0x00,0x00,0x00,0x00,0xF9,0x00,0x00,0x00,0x00,0xF9,0x00,0x00,0x00,0x00,0xF9,
  0x00,0x00,0x00,0x00,0xF9,0x00,0x00,0x00,0x00,0xF9,0x00,0x00,0x00,0x00,0xF9,0x00,0x00,0x00,0x00,0xF9,
  0x00,0x00,0x00,0x00,0xF9,0x00,0x00,0xF9,0x00,0x00,0x09,0xFF,0x90,0x00,0x00,0x9F,0xF9,0x00,0x00,0x09,
  0xFF,0x90,0x00,0x00,0x9F,0xF9,0x00,0x00,0x09,0xFF,0x90,0x00,0x00,0x9F,0xF9,0x00,0x00,0x09,0xFF,0xA0,
  0x00,0x00,0xAF,0xBD,0x10,0x00,0x1D,0xB4,0xFB,0x42,0x4B,0xF4,0x03,0xAD,0xFD,0xA3,0x00,0x4F,0x40,0x00,
  0x00,0x0E,0x90,0xDA,0x00,0x00,0x05,0xF3,0x08,0xE1,0x00,0x00,0xAC,0x00,0x2F,0x50,0x00,0x1F,0x70,0x00,
  0xCA,0x00,0x06,0xF1,0x00,0x06,0xF1,0x00,0xCA,0x00,0x00,0x1F,0x60,0x2F,0x40,0x00,0x00,0xAB,0x07,0xD0,
  0x00,0x00,0x05,0xF2,0xD8,0x00,0x00,0x00,0x0E,0xAF,0x20,0x00,0x00,0x00,0x9F,0xB0,0x00,0x00,0x6F,0x30,
  0x00,0x0D,0xF6,0x00,0x00,0x9E,0x2F,0x70,0x00,0x2F,0xEA,0x00,0x00,0xD9,0x0D,0xB0,0x00,0x6E,0x8E,0x00,
  0x02,0xF5,0x09,0xF0,0x00,0xAA,0x3F,0x30,0x06,0xF1,0x05,0xF4,0x00,0xE5,0x0E,0x70,0x0A,0xB0,0x01,0xF7,
  0x04,0xF1,0x0A,0xB0,0x0E,0x60,0x00,0xBB,0x08,0xC0,0x06,0xF1,0x3F,0x20,0x00,0x7F,0x0C,0x70,0x02,0xF5,
  0x7D,0x00,0x00,0x3F,0x5F,0x30,0x00,0xC9,0xB8,0x00,0x00,0x0D,0xDE,0x00,0x00,0x8D,0xF4,0x00,0x00,0x09,
  0xF9,0x00,0x00,0x4F,0xE0,0x00,0x1D,0xB0,0x00,0x00,0x9E,0x20,0x3F,0x60,0x00,0x5F,0x40,0x00,0x7E,0x20,
  0x2E,0x80,0x00,0x00,0xCC,0x0B,0xB0,0x00,0x00,0x02,0xEC,0xE2,0x00,0x00,0x00,0x09,0xF8,0x00,0x00,0x00,
  0x03,0xFA,0xF3,0x00,0x00,0x01,0xD9,0x0B,0xD1,0x00,0x00,0xAD,0x10,0x1D,0xA0,0x00,0x7F,0x30,0x00,0x4F,
  0x70,0x3F,0x70,0x00,0x00,0x7F,0x30,0xCC,0x00,0x00,0x03,0xF6,0x3F,0x70,0x00,0x0C,0xC0,0x09,0xE2,0x00,
  0x6F,0x30,0x01,0xEB,0x01,0xE8,0x00,0x00,0x5F,0x59,0xD1,0x00,0x00,0x0B,0xEF,0x50,0x00,0x00,0x02,0xFB,
  0x00,0x00,0x00,0x00,0xF9,0x00,0x00,0x00,0x00,0xF9,0x00,0x00,0x00,0x00,0xF9,0x00,0x00,0x00,0x00,0xF9,
  0x00,0x00,0x0F,0xFF,0xFF,0xFF,0xF0,0x11,0x11,0x13,0xEA,0x00,0x00,0x01,0xCD,0x10,0x00,0x00,0xAE,0x30,
  0x00,0x00,0x8F,0x50,0x00,0x00,0x5F,0x90,0x00,0x00,0x3E,0xC0,0x00,0x00,0x1D,0xE2,0x00,0x00,0x0C,0xF4,
  0x00,0x00,0x09,0xF9,0x11,0x11,0x11,0xFF,0xFF,0xFF,0xFF,0xF0,0xEE,0xE5,0xFA,0x21,0xF9,0x00,0xF9,0x00,
  0xF9,0x00,0xF9,0x00,0xF9,0x00,0xF9,0x00,0xF9,0x00,0xF9,0x00,0xF9,0x00,0xF9,0x00,0xF9,0x00,0xFF,0xE5,
  0x22,0x21,0xD2,0x00,0x00,0x97,0x00,0x00,0x3C,0x00,0x00,0x0D,0x20,0x00,0x08,0x80,0x00,0x03,0xD0,0x00,
  0x00,0xD3,0x00,0x00,0x88,0x00,0x00,0x3D,0x00,0x00,0x0D,0x30,0x00,0x07,0x80,0x00,0x02,0xD0,0x00,0x00,
  0x71,0xBE,0xE8,0x22,0xF9,0x00,0xF9,0x00,0xF9,0x00,0xF9,0x00,0xF9,0x00,0xF9,0x00,0xF9,0x00,0xF9,0x00,
  0xF9,0x00,0xF9,0x00,0xF9,0x00,0xF9,0xBE,0xF9,0x22,0x21,0x00,0x06,0x50,0x00,0x00,0x2D,0xD1,0x00,0x00,
  0x97,0x96,0x00,0x01,0xE1,0x2D,0x00,0x07,0x90,0x0B,0x50,0x0E,0x30,0x04,0xC0,0x6B,0x00,0x00,0xD4,0x2E,
  0xEE,0xEE,0xE9,0x02,0x22,0x22,0x21,0x1D,0x50,0x3C,0x04,0xCE,0xEA,0x10,0x2F,0x82,0x4E,0xA0,0x7D,0x00,
  0x0A,0xE0,0x00,0x24,0x5B,0xF0,0x2C,0xEB,0xAD,0xF0,0xCD,0x10,0x09,0xF0,0xFA,0x00,0x0C,0xF0,0xCE,0x42,
  0x8E,0xF1,0x2B,0xEE,0xA7,0xF2,0xF9,0x00,0x00,0x00,0x0F,0x90,0x00,0x00,0x00,0xF9,0x00,0x00,0x00,0x0F,
  0x96,0xDF,0xD8,0x10,0xFD,0xC4,0x26,0xFB,0x0F,0xE1,0x00,0x07,0xF4,0xFB,0x00,0x00,0x2F,0x8F,0x90,0x00,
  0x00,0xF9,0xFA,0x00,0x00,0x2F,0x7F,0xE1,0x00,0x07,0xF3,0xFE,0xC4,0x27,0xF9,0x0F,0x99,0xDF,0xC6,0x00,
  0x02,0x9E,0xEC,0x50,0x2D,0xC4,0x28,0xF5,0x9E,0x10,0x00,0xBD,0xEB,0x00,0x00,0x12,0xF9,0x00,0x00,0x00,
  0xEB,0x00,0x00,0x00,0xAE,0x10,0x00,0xBB,0x3F,0xC3,0x29,0xF4,0x03,0xBE,0xEB,0x40,0x00,0x00,0x00,0x0F,
  0x90,0x00,0x00,0x00,0xF9,0x00,0x00,0x00,0x0F,0x90,0x29,0xEE,0xC4,0xF9,0x2D,0xC4,0x26,0xDF,0x99,0xE1,
  0x00,0x06,0xF9,0xDB,0x00,0x00,0x1F,0x9F,0x90,0x00,0x00,0xF9,0xEB,0x00,0x00,0x2F,0x9A,0xF1,0x00,0x07,
  0xF9,0x3E,0xC4,0x26,0xCF,0x90,0x3B,0xEE,0xB2,0xF9,0x02,0xAE,0xFC,0x40,0x2E,0xC4,0x29,0xF3,0x9E,0x10,
  0x00,0xCA,0xDA,0x00,0x00,0x8E,0xFF,0xEE,0xEE,0xFF,0xEB,0x22,0x22,0x22,0xAD,0x00,0x00,0xA9,0x3F,0x93,
  0x28,0xF4,0x03,0xBE,0xEB,0x40,0x00,0x67,0x0A,0xEA,0x0E,0xA0,0x0F,0x90,0xFF,0xFF,0x1F,0x91,0x0F,0x90,
  0x0F,0x90,0x0F,0x90,0x0F,0x90,0x0F,0x90,0x0F,0x90,0x0F,0x90,0x01,0x9E,0xEC,0x5F,0x92,0xDC,0x42,0x6E,
  0xF9,0x9E,0x10,0x00,0x6F,0x9D,0xB0,0x00,0x01,0xF9,0xF9,0x00,0x00,0x0F,0x9E,0xB0,0x00,0x02,0xF9,0xAF,
  0x10,0x00,0x7F,0x93,0xEC,0x42,0x6C,0xF9,0x03,0xBE,0xEB,0x3F,0x88,0xB0,0x00,0x04,0xF6,0x4F,0x93,0x25,
  0xDD,0x10,0x4B,0xEF,0xD8,0x10,0xF9,0x00,0x00,0x00,0xF9,0x00,0x00,0x00,0xF9,0x00,0x00,0x00,0xF9,0x7D,
  0xEC,0x50,0xFD,0xC3,0x3B,0xF3,0xFE,0x10,0x02,0xF8,0xFB,0x00,0x00,0xF9,0xF9,0x00,0x00,0xF9,0xF9,0x00,
  0x00,0xF9,0xF9,0x00,0x00,0xF9,0xF9,0x00,0x00,0xF9,0xF9,0x00,0x00,0xF9,0xA5,0xC6,0x00,0xF9,0xF9,0xF9,
  0xF9,0xF9,0xF9,0xF9,0xF9,0xF9,0x0A,0x50,0xC6,0x00,0x00,0xF9,0x0F,0x90,0xF9,0x0F,0x90,0xF9,0x0F,0x90,
  0xF9,0x0F,0x90,0xF9,0x0F,0x95,0xF7,0xFC,0x20,0xF9,0x00,0x00,0x00,0xF9,0x00,0x00,0x00,0xF9,0x00,0x00,
  0x00,0xF9,0x00,0x0A,0xE3,0xF9,0x00,0x9E,0x30,0xF9,0x08,0xE4,0x00,0xF9,0x7E,0x40,0x00,0xFD,0xFB,0x00,
  0x00,0xFE,0x7F,0x90,0x00,0xF9,0x07,0xF7,0x00,0xF9,0x00,0x9F,0x60,0xF9,0x00,0x0B,0xF4,0xF9,0x0F,0x90,
  0xF9,0x0F,0x90,0xF9,0x0F,0x90,0xF9,0x0F,0x90,0xF9,0x0F,0x90,0xFB,0x1A,0xFA,0xF9,0x9E,0xEA,0x15,0xDF,
  0xC4,0x0F,0xE8,0x25,0xFC,0xC3,0x3C,0xF2,0xFE,0x00,0x0A,0xF5,0x00,0x4F,0x5F,0xA0,0x00,0x9F,0x10,0x03,
  0xF6,0xF9,0x00,0x09,0xF0,0x00,0x3F,0x6F,0x90,0x00,0x9F,0x00,0x03,0xF6,0xF9,0x00,0x09,0xF0,0x00,0x3F,
  0x6F,0x90,0x00,0x9F,0x00,0x03,0xF6,0xF9,0x00,0x09,0xF0,0x00,0x3F,0x60,0xF9,0x7D,0xEC,0x50,0xFD,0xC3,
  0x2A,0xF3,0xFE,0x10,0x02,0xF8,0xFB,0x00,0x00,0xF9,0xF9,0x00,0x00,0xF9,0xF9,0x00,0x00,0xF9,0xF9,0x00,
  0x00,0xF9,0xF9,0x00,0x00,0xF9,0xF9,0x00,0x00,0xF9,0x02,0x9E,0xFE,0x92,0x01,0xDD,0x52,0x5D,0xD1,0x9F,
  0x20,0x00,0x2F,0x9D,0xB0,0x00,0x00,0xBD,0xF9,0x00,0x00,0x09,0xFD,0xB0,0x00,0x00,0xBD,0x9F,0x20,0x00,
  0x2F,0x91,0xDD,0x52,0x5D,0xD1,0x02,0x9E,0xFE,0x92,0x00,0xF9,0x6D,0xFD,0x81,0x0F,0xDC,0x42,0x6F,0xB0,
  0xFE,0x10,0x00,0x7F,0x4F,0xB0,0x00,0x02,0xF8,0xF9,0x00,0x00,0x0F,0x9F,0xA0,0x00,0x02,0xF7,0xFE,0x10,
  0x00,0x7F,0x3F,0xEC,0x42,0x7F,0x90,0xF9,0x9D,0xFC,0x60,0x0F,0x90,0x00,0x00,0x00,0xF9,0x00,0x00,0x00,
  0x0F,0x90,0x00,0x00,0x00,0x02,0x9E,0xEC,0x4F,0x92,0xDC,0x42,0x6D,0xF9,0x9E,0x10,0x00,0x6F,0x9D,0xB0,
  0x00,0x01,0xF9,0xF9,0x00,0x00,0x0F,0x9E,0xB0,0x00,0x02,0xF9,0xAF,0x10,0x00,0x7F,0x93,0xEC,0x42,0x6C,
  0xF9,0x03,0xBE,0xEB,0x2F,0x90,0x00,0x00,0x00,0xF9,0x00,0x00,0x00,0x0F,0x90,0x00,0x00,0x00,0xF9,0xF9,
  0x9E,0x4F,0xEB,0x30,0xFD,0x10,0x0F,0xA0,0x00,0xF9,0x00,0x0F,0x90,0x00,0xF9,0x00,0x0F,0x90,0x00,0xF9,
  0x00,0x00,0x01,0xAE,0xEB,0x30,0x0B,0xD3,0x3B,0xE2,0x0E,0xA0,0x02,0xA4,0x0A,0xF8,0x20,0x00,0x01,0x8D,
  0xFC,0x50,0x00,0x00,0x3B,0xF4,0x3B,0x40,0x01,0xF8,0x0D,0xD4,0x27,0xF5,0x02,0xAE,0xEC,0x60,0x0F,0x90,
  0x0F,0x90,0xFF,0xFF,0x1F,0x91,0x0F,0x90,0x0F,0x90,0x0F,0x90,0x0F,0x90,0x0F,0x90,0x0E,0xC2,0x08,0xEE,
  0xF9,0x00,0x00,0xF9,0xF9,0x00,0x00,0xF9,0xF9,0x00,0x00,0xF9,0xF9,0x00,0x00,0xF9,0xF9,0x00,0x00,0xF9,
  0xF9,0x00,0x02,0xF9,0xEB,0x00,0x06,0xF9,0x9F,0x72,0x5C,0xF9,0x19,0xEE,0xB3,0xF9,0xCC,0x00,0x00,0x1F,
  0x76,0xF2,0x00,0x06,0xF1,0x1F,0x70,0x00,0xBA,0x00,0xAD,0x00,0x2F,0x50,0x04,0xF3,0x07,0xE0,0x00,0x0D,
  0x80,0xC8,0x00,0x00,0x8D,0x2F,0x30,0x00,0x02,0xFA,0xC0,0x00,0x00,0x0B,0xF6,0x00,0x00,0xCD,0x00,0x06,
  0xFB,0x00,0x07,0xF1,0x8F,0x20,0x09,0xEE,0x00,0x0B,0xC0,0x3F,0x60,0x0D,0x6F,0x40,0x1F,0x70,0x0D,0xA0,
  0x2F,0x1C,0x80,0x4F,0x20,0x08,0xE0,0x6C,0x08,0xC0,0x9C,0x00,0x03,0xF3,0xA8,0x04,0xF1,0xD7,0x00,0x00,
  0xE7,0xE4,0x01,0xF6,0xF3,0x00,0x00,0x9E,0xF1,0x00,0xBE,0xD0,0x00,0x00,0x4F,0xB0,0x00,0x7F,0x80,0x00,
  0xAE,0x20,0x02,0xE9,0x1D,0xB0,0x0B,0xD1,0x04,0xF6,0x5F,0x30,0x00,0x8E,0xE7,0x00,0x00,0x1F,0xE1,0x00,
  0x00,0x9D,0xE8,0x00,0x05,0xF3,0x5F,0x40,0x2E,0x80,0x0A,0xD1,0xBD,0x10,0x01,0xEA,0xCD,0x00,0x00,0x2F,
  0x66,0xF3,0x00,0x08,0xE1,0x1E,0x80,0x00,0xD9,0x00,0x9D,0x00,0x3F,0x30,0x03,0xF4,0x08,0xC0,0x00,0x0C,
  0x90,0xD6,0x00,0x00,0x6E,0x4F,0x10,0x00,0x01,0xED,0xA0,0x00,0x00,0x09,0xF4,0x00,0x00,0x00,0x9C,0x00,
  0x00,0x02,0x6F,0x40,0x00,0x00,0xFD,0x60,0x00,0x00,0xFF,0xFF,0xFF,0xF1,0x11,0x14,0xFA,0x00,0x01,0xDC,
  0x10,0x00,0xAE,0x20,0x00,0x6F,0x40,0x00,0x3F,0x60,0x00,0x1D,0x90,0x00,0x0A,0xC2,0x11,0x11,0xFF,0xFF,
  0xFF,0xF0,0x06,0xDA,0x0E,0xC2,0x0F,0x90,0x0F,0x90,0x0F,0x90,0x1F,0x90,0xAE,0x30,0xCB,0x20,0x1F,0x80,
  0x0F,0x90,0x0F,0x90,0x0F,0x90,0x0F,0xB0,0x08,0xFA,0x00,0x11,0x84,0xF9,0xF9,0xF9,0xF9,0xF9,0xF9,0xF9,
  0xF9,0xF9,0xF9,0xF9,0xF9,0xF9,0xF9,0xF9,0xF9,0x2E,0xB2,0x00,0x4F,0x80,0x00,0xF9,0x00,0x0F,0x90,0x00,
  0xF9,0x00,0x0F,0xA0,0x00,0x8E,0x40,0x06,0xD5,0x00,0xEA,0x00,0x0F,0x90,0x00,0xF9,0x00,0x0F,0x90,0x02,
  0xF8,0x02,0xFE,0x30,0x02,0x00,0x00,0x6E,0xC9,0x44,0xE8,0xEA,0x03,0xAE,0xC2,0x11,0x0D,0xE1,0xBD,0x10,
  0x10,0x01,0x00,0x10,0xD7,0x0D,0x70,0xD7,0xC6,0x0C,0x60,0xC6,0x3C,0xE9,0x1D,0xC5,0xF7,0xEB,0x2F,0x85,
  0xEF,0xC1,0x00,0x10,0x00,
};
static const FontGlyph kFontMGlyphs[] = {
  {    0,  0,  0,   0,    0,  4},  // 0x20 ' '
  {    0,  2, 11,   1,  -11,  4},  // 0x21 '!'
  {   11,  4,  4,   2,  -12,  7},  // 0x22 '"'
  {   19,  8, 11,   1,  -11, 10},  // 0x23 '#'
  {   63,  9, 15,   0,  -13, 10},  // 0x24 '$'
  {  131, 11, 11,   1,  -11, 13},  // 0x25 '%'
  {  192, 10, 11,   1,  -11, 11},  // 0x26 '&'
  {  247,  2,  4,   1,  -12,  3},  // 0x27 "'"
  {  251,  4, 14,   2,  -13,  6},  // 0x28 '('
  {  279,  4, 14,   0,  -13,  5},  // 0x29 ')'
  {  307,  7,  7,   1,   -8,  9},  // 0x2A '*'
  {  332,  9,  8,   0,   -9, 10},  // 0x2B '+'
  {  368,  3,  4,  -1,   -2,  4},  // 0x2C ','
  {  374,  5,  2,   0,   -5,  5},  // 0x2D '-'
  {  379,  2,  3,   1,   -3,  4},  // 0x2E '.'
  {  382,  6, 13,   0,  -12,  5},  // 0x2F '/'
  {  421,  9, 11,   1,  -11, 10},  // 0x30 '0'
  {  471,  5, 11,   2,  -11, 10},  // 0x31 '1'
  {  499,  8, 11,   1,  -11, 10},  // 0x32 '2'
  {  543,  9, 11,   0,  -11, 10},  // 0x33 '3'
  {  593,  9, 11,   1,  -11, 10},  // 0x34 '4'
  {  643,  9, 11,   0,  -11, 10},  // 0x35 '5'
  {  693,  8, 11,   1,  -11, 10},  // 0x36 '6'
  {  737,  8, 11,   1,  -11, 10},  // 0x37 '7'
  {  781,  9, 11,   1,  -11, 10},  // 0x38 '8'
  {  831,  8, 11,   1,  -11, 10},  // 0x39 '9'
  {  875,  2,  9,   1,   -9,  4},  // 0x3A ':'
  {  884,  4, 11,  -1,   -9,  4},  // 0x3B ';'
  {  906,  7,  9,   2,   -9, 10},  // 0x3C '<'
  {  938,  8,  5,   1,   -7, 10},  // 0x3D '='
  {  958,  7,  9,   1,   -9, 10},  // 0x3E '>'
  {  990,  8, 11,   1,  -11,  9},  // 0x3F '?'
  { 1034, 13, 14,   1,  -11, 15},  // 0x40 '@'
  { 1125, 11, 11,   0,  -11, 11},  // 0x41 'A'
  { 1186,  9, 11,   2,  -11, 11},  // 0x42 'B'
  { 1236, 11, 11,   1,  -11, 12},  // 0x43 'C'
  { 1297, 10, 11,   2,  -11, 12},  // 0x44 'D'
  { 1352,  8, 11,   2,  -11, 10},  // 0x45 'E'
  { 1396,  8, 11,   2,  -11, 10},  // 0x46 'F'
  { 1440, 11, 11,   1,  -11, 13},  // 0x47 'G'
  { 1501, 10, 11,   2,  -11, 13},  // 0x48 'H'
  { 1556,  2, 11,   2,  -11,  5},  // 0x49 'I'
  { 1567,  8, 11,   1,  -11, 10},  // 0x4A 'J'
  { 1611,  9, 11,   2,  -11, 11},  // 0x4B 'K'
  { 1661,  8, 11,   2,  -11, 10},  // 0x4C 'L'
  { 1705, 12, 11,   2,  -11, 15},  // 0x4D 'M'
  { 1771,  9, 11,   2,  -11, 12},  // 0x4E 'N'
  { 1821, 11, 11,   1,  -11, 13},  // 0x4F 'O'
  { 1882,  8, 11,   2,  -11, 11},  // 0x50 'P'
  { 1926, 11, 12,   1,  -11, 13},  // 0x51 'Q'
  { 1992,  9, 11,   2,  -11, 11},  // 0x52 'R'
  { 2042,  9, 11,   0,  -11, 10},  // 0x53 'S'
  { 2092, 10, 11,   1,  -11, 11},  // 0x54 'T'
  { 2147,  9, 11,   2,  -11, 12},  // 0x55 'U'
  { 2197, 11, 11,   0,  -11, 11},  // 0x56 'V'
  { 2258, 16, 11,   0,  -11, 16},  // 0x57 'W'
  { 2346, 11, 11,   0,  -11, 11},  // 0x58 'X'
  { 2407, 10, 11,   0,  -11, 10},  // 0x59 'Y'
  { 2462,  9, 11,   1,  -11, 11},  // 0x5A 'Z'
  { 2512,  4, 15,   2,  -13,  6},  // 0x5B '['
  { 2542,  6, 13,   0,  -12,  5},  // 0x5C '//'
  { 2581,  4, 15,   0,  -13,  5},  // 0x5D ']'
  { 2611,  8,  7,   1,  -11, 10},  // 0x5E '^'
  { 2639,  8,  2,   0,    0,  9},  // 0x5F '_'
  { 2647,  3,  2,   0,  -12,  5},  // 0x60 '`'
  { 2650,  8,  9,   1,   -9,  9},  // 0x61 'a'
  { 2686,  9, 12,   1,  -12, 10},  // 0x62 'b'
  { 2740,  8,  9,   1,   -9,  9},  // 0x63 'c'
  { 2776,  9, 12,   1,  -12, 11},  // 0x64 'd'
  { 2830,  8,  9,   1,   -9, 10},  // 0x65 'e'
  { 2866,  4, 13,   1,  -13,  6},  // 0x66 'f'
  { 2892,  9, 12,   1,   -9, 11},  // 0x67 'g'
  { 2946,  8, 12,   1,  -12, 10},  // 0x68 'h'
  { 2994,  2, 12,   1,  -12,  4},  // 0x69 'i'
  { 3006,  3, 15,   0,  -12,  4},  // 0x6A 'j'
  { 3029,  8, 12,   1,  -12,  9},  // 0x6B 'k'
  { 3077,  3, 12,   1,  -12,  4},  // 0x6C 'l'
  { 3095, 13,  9,   1,   -9, 15},  // 0x6D 'm'
  { 3154,  8,  9,   1,   -9, 10},  // 0x6E 'n'
  { 3190,  9,  9,   1,   -9, 11},  // 0x6F 'o'
  { 3231,  9, 12,   1,   -9, 10},  // 0x70 'p'
  { 3285,  9, 12,   1,   -9, 11},  // 0x71 'q'
  { 3339,  5,  9,   1,   -9,  5},  // 0x72 'r'
  { 3362,  8,  9,   0,   -9,  8},  // 0x73 's'
  { 3398,  4, 11,   1,  -11,  6},  // 0x74 't'
  { 3420,  8,  9,   1,   -9, 10},  // 0x75 'u'
  { 3456,  9,  9,   0,   -9,  9},  // 0x76 'v'
  { 3497, 14,  9,   0,   -9, 13},  // 0x77 'w'
  { 3560,  8,  9,   0,   -9,  8},  // 0x78 'x'
  { 3596,  9, 12,   0,   -9,  9},  // 0x79 'y'
  { 3650,  7,  9,   1,   -9,  9},  // 0x7A 'z'
  { 3682,  4, 15,   1,  -13,  5},  // 0x7B '{'
  { 3712,  2, 17,   2,  -14,  5},  // 0x7C '|'
  { 3729,  5, 15,   0,  -13,  6},  // 0x7D '}'
  { 3767,  8,  2,   1,   -6, 10},  // 0x7E '~'
  { 3775,  3,  3,   1,   -7,  4},  // 0x7F '·'
  { 3780,  8,  3,   1,   -3, 10},  // 0x80 '…'
  { 3792,  5,  5,   1,  -12,  6},  // 0x81 '°'
};
const Font kFontM = { kFontMBits, kFontMGlyphs, 0x20, 0x81, 23, 17, 11 };

// kFontMB: 17 px semi-bold, line 23 px, cap height 11 px
static const uint8_t kFontMBBits[] = {
  0x2B,0xB3,0x4F,0xF5,0x4F,0xF5,0x4F,0xF5,0x4F,0xF5,0x4F,0xF5,0x4F,0xF5,0x4F,0xF5,0x4F,0xF5,0x3F,0xF4,
  0x2D,0xE4,0x7F,0xFB,0x3F,0xF7,0x02,0x30,0x77,0x48,0x5F,0xFB,0xFB,0xFF,0xBF,0xBF,0xFB,0xFB,0xFF,0xBF,
  0xBA,0xB7,0xB8,0x00,0x00,0xAA,0x4B,0x50,0x00,0x03,0xFC,0xAF,0x60,0x00,0x06,0xF9,0xDF,0x20,0x00,0x09,
  0xF7,0xFE,0x00,0x0A,0xFF,0xFF,0xFF,0xF3,0x0A,0xFF,0xFF,0xFF,0xF3,0x00,0x4F,0xCA,0xF5,0x00,0x2B,0xDF,
  0xEE,0xFC,0x80,0x4F,0xFF,0xFF,0xFF,0xB0,0x04,0xEF,0x9F,0xB4,0x20,0x02,0xFE,0x8F,0x70,0x00,0x05,0xFA,
  0xCF,0x40,0x00,0x07,0xF6,0xDE,0x10,0x00,0x00,0x00,0x33,0x00,0x00,0x00,0x00,0xFF,0x00,0x00,0x00,0x5B,
  0xFF,0xC4,0x00,0x07,0xFF,0xFF,0xFF,0x50,0x1F,0xFB,0xFF,0xDF,0xD0,0x3F,0xF6,0xFF,0x6F,0xF3,0x3F,0xFA,
  0xFF,0x14,0x40,0x0C,0xFF,0xFF,0x71,0x00,0x02,0xCF,0xFF,0xFE,0x30,0x00,0x04,0xFF,0xFF,0xD0,0x24,0x30,
  0xFF,0x9F,0xF4,0x9F,0xE0,0xFF,0x4F,0xF5,0x7F,0xF8,0xFF,0x9F,0xF3,0x1D,0xFF,0xFF,0xFF,0xA0,0x02,0xBF,
  0xFF,0xE8,0x00,0x00,0x01,0xFF,0x00,0x00,0x00,0x00,0x77,0x00,0x00,0x06,0xDF,0xB2,0x00,0x2C,0xC4,0x05,
  0xFF,0xFF,0xC0,0x0B,0xFE,0x10,0xAF,0xD7,0xFF,0x26,0xFF,0x50,0x0B,0xFC,0x4F,0xF5,0xEF,0xA0,0x00,0x9F,
  0xEB,0xFF,0xBF,0xE2,0x00,0x02,0xEF,0xFF,0xDF,0xF6,0x00,0x00,0x02,0x89,0x6D,0xFB,0x23,0x10,0x00,0x00,
  0x08,0xFF,0xCF,0xFF,0x70,0x00,0x03,0xFF,0xDF,0xFE,0xFF,0x30,0x00,0xCF,0xCB,0xFC,0x1F,0xF7,0x00,0x7F,
  0xF3,0xBF,0xC1,0xFF,0x70,0x2E,0xF8,0x07,0xFF,0xEF,0xF3,0x08,0xFC,0x00,0x0A,0xFF,0xF7,0x00,0x00,0x00,
  0x00,0x02,0x31,0x00,0x00,0x2A,0xEF,0xEB,0x00,0x00,0x3E,0xFF,0xFF,0xE0,0x00,0x0B,0xFE,0x52,0x33,0x00,
  0x00,0xFF,0xA0,0x01,0x66,0x10,0x0E,0xFA,0x00,0x5F,0xF4,0x00,0x9F,0xF9,0x8A,0xFF,0x97,0x01,0xEF,0xFF,
  0xFF,0xFF,0xF0,0xBF,0xFC,0xAB,0xFF,0xB8,0x5F,0xF6,0x00,0x5F,0xF4,0x07,0xFF,0x20,0x05,0xFF,0x40,0x6F,
  0xF7,0x00,0x5F,0xF4,0x01,0xEF,0xFE,0xDE,0xFF,0x40,0x03,0xBF,0xFF,0xFF,0xE3,0x00,0x00,0x13,0x43,0x20,
  0x00,0x58,0x3B,0xF8,0xBF,0x8B,0xF8,0xBF,0x88,0xB5,0x00,0x35,0x10,0x1E,0xF2,0x08,0xF9,0x00,0xEF,0x20,
  0x3F,0xC0,0x07,0xF8,0x00,0x9F,0x60,0x0B,0xF4,0x00,0xBF,0x40,0x0B,0xF4,0x00,0x9F,0x60,0x07,0xF9,0x00,
  0x3F,0xD0,0x00,0xDF,0x30,0x07,0xFA,0x00,0x1E,0xF2,0x00,0x24,0x00,0x55,0x00,0xCF,0x40,0x5F,0xC0,0x0D,
  0xF3,0x09,0xF7,0x05,0xFB,0x02,0xFD,0x01,0xFE,0x00,0xFF,0x01,0xFE,0x02,0xFD,0x05,0xFA,0x09,0xF7,0x0E,
  0xF2,0x6F,0xB0,0xDF,0x30,0x33,0x00,0x00,0x03,0xFA,0x00,0x00,0x00,0x4F,0xB0,0x00,0x0C,0xB8,0xFC,0x8D,
  0x41,0xFF,0xFF,0xFF,0xF8,0x01,0x5F,0xFF,0xA3,0x00,0x09,0xFC,0xFE,0x30,0x04,0xFE,0x29,0xFB,0x00,0x06,
  0x50,0x19,0x20,0x00,0x01,0x75,0x00,0x00,0x00,0x4F,0xB0,0x00,0x00,0x04,0xFB,0x00,0x00,0x00,0x4F,0xB0,
  0x00,0x3F,0xFF,0xFF,0xFF,0xE3,0xFF,0xFF,0xFF,0xFE,0x00,0x04,0xFB,0x00,0x00,0x00,0x4F,0xB0,0x00,0x00,
  0x04,0xFB,0x00,0x00,0x00,0x17,0x50,0x00,0x06,0xBA,0x0D,0xFC,0x3F,0xF6,0x9F,0xE0,0xCF,0x70,0x34,0x44,
  0x1F,0xFF,0xF7,0xAB,0xBB,0x50,0x4E,0xD2,0xBF,0xF7,0x7F,0xF4,0x03,0x20,0x00,0x00,0x04,0x20,0x00,0x06,
  0xFA,0x00,0x00,0xBF,0x50,0x00,0x2F,0xE1,0x00,0x06,0xFA,0x00,0x00,0xCF,0x50,0x00,0x2F,0xE1,0x00,0x07,
  0xFA,0x00,0x00,0xCF,0x50,0x00,0x2F,0xE1,0x00,0x07,0xFA,0x00,0x00,0xCF,0x50,0x00,0x2F,0xE1,0x00,0x07,
  0xFA,0x00,0x00,0x38,0x30,0x00,0x00,0x00,0x5C,0xFF,0xC5,0x00,0x06,0xFF,0xFF,0xFF,0x60,0x1E,0xFD,0x33,
  0xDF,0xE1,0x6F,0xF4,0x00,0x4F,0xF6,0x9F,0xF0,0x00,0x0F,0xF9,0xBF,0xD0,0x00,0x0D,0xFB,0xBF,0xD0,0x00,
  0x0D,0xFB,0xBF,0xD0,0x00,0x0D,0xFB,0x9F,0xE0,0x00,0x0F,0xF9,0x7F,0xF3,0x00,0x3F,0xF7,0x2F,0xFB,0x00,
  0xBF,0xF2,0x09,0xFF,0xEE,0xFF,0x90,0x00,0x8F,0xFF,0xF8,0x00,0x00,0x01,0x33,0x10,0x00,0x00,0x04,0xAB,
  0x60,0x2A,0xFF,0xF9,0x2E,0xFF,0xFF,0x94,0xFE,0x7F,0xF9,0x29,0x20,0xFF,0x90,0x00,0x0F,0xF9,0x00,0x00,
  0xFF,0x90,0x00,0x0F,0xF9,0x00,0x00,0xFF,0x90,0x00,0x0F,0xF9,0x00,0x00,0xFF,0x90,0x00,0x0F,0xF9,0x00,
  0x00,0xEF,0x80,0x00,0x3A,0xEF,0xD7,0x00,0x03,0xEF,0xFF,0xFF,0x90,0x0C,0xFD,0x43,0xCF,0xF2,0x1F,0xF6,
  0x00,0x5F,0xF5,0x2E,0xE3,0x00,0x5F,0xF4,0x00,0x00,0x01,0xDF,0xE1,0x00,0x00,0x0A,0xFF,0x60,0x00,0x00,
  0x9F,0xF9,0x00,0x00,0x09,0xFF,0xA0,0x00,0x00,0x8F,0xFA,0x00,0x00,0x08,0xFF,0xB2,0x22,0x20,0x6F,0xFF,
  0xFF,0xFF,0xF5,0x7F,0xFF,0xFF,0xFF,0xF4,0x00,0x5B,0xEF,0xC6,0x00,0x06,0xFF,0xFF,0xFF,0x70,0x1E,0xFB,
  0x34,0xDF,0xE0,0x4F,0xF3,0x00,0x8F,0xF1,0x3A,0x90,0x00,0xBF,0xE0,0x00,0x01,0x8B,0xFF,0x60,0x00,0x04,
  0xFF,0xFE,0x30,0x00,0x02,0x9B,0xFF,0xD0,0x57,0x30,0x00,0x7F,0xF4,0xCF,0xA0,0x00,0x4F,0xF5,0x9F,0xF4,
  0x00,0xAF,0xF2,0x2E,0xFF,0xEE,0xFF,0x90,0x04,0xDF,0xFF,0xE7,0x00,0x00,0x02,0x43,0x00,0x00,0x00,0x00,
  0x03,0xBB,0x30,0x00,0x00,0x1D,0xFF,0x50,0x00,0x00,0x9F,0xFF,0x50,0x00,0x05,0xFF,0xFF,0x50,0x00,0x2E,
  0xFD,0xFF,0x50,0x00,0xBF,0xE5,0xFF,0x50,0x07,0xFF,0x44,0xFF,0x50,0x3F,0xFA,0x25,0xFF,0x61,0xDF,0xFF,
  0xFF,0xFF,0xFB,0xEF,0xFF,0xFF,0xFF,0xFA,0x00,0x00,0x04,0xFF,0x50,0x00,0x00,0x04,0xFF,0x50,0x00,0x00,
  0x03,0xFF,0x40,0x05,0xBB,0xBB,0xBB,0xB1,0x09,0xFF,0xFF,0xFF,0xF2,0x0B,0xFB,0x66,0x66,0x50,0x0D,0xF7,
  0x00,0x00,0x00,0x0F,0xFA,0xAB,0x93,0x00,0x1F,0xFF,0xFF,0xFF,0x60,0x3F,0xFD,0x77,0xEF,0xF2,0x4F,0xF3,
  0x00,0x4F,0xF7,0x15,0x40,0x00,0x0F,0xF9,0x7F,0xF1,0x00,0x1F,0xF8,0x4F,0xF8,0x00,0x9F,0xF4,0x0C,0xFF,
  0xEE,0xFF,0xA0,0x02,0xBF,0xFF,0xE8,0x00,0x00,0x01,0x33,0x10,0x00,0x00,0x29,0xEF,0xC6,0x00,0x02,0xEF,
  0xFF,0xFF,0x80,0x0C,0xFD,0x43,0xCF,0xF1,0x3F,0xF4,0x00,0x4F,0xF5,0x7F,0xF8,0xCD,0xB9,0x61,0xAF,0xFF,
  0xFF,0xFF,0x60,0xBF,0xFC,0x55,0xDF,0xF1,0xBF,0xF1,0x00,0x5F,0xF6,0xAF,0xD0,0x00,0x2F,0xF7,0x8F,0xE0,
  0x00,0x3F,0xF6,0x3F,0xF7,0x01,0xBF,0xF2,0x0B,0xFF,0xEE,0xFF,0x80,0x01,0xAF,0xFF,0xE7,0x00,0x00,0x01,
  0x33,0x10,0x00,0x69,0x99,0x99,0x99,0x94,0xBF,0xFF,0xFF,0xFF,0xF7,0x58,0x88,0x88,0xDF,0xE1,0x00,0x00,
  0x02,0xFF,0x80,0x00,0x00,0x0A,0xFE,0x10,0x00,0x00,0x3F,0xF7,0x00,0x00,0x00,0xBF,0xD1,0x00,0x00,0x04,
  0xFF,0x60,0x00,0x00,0x0C,0xFD,0x00,0x00,0x00,0x5F,0xF5,0x00,0x00,0x00,0xDF,0xC0,0x00,0x00,0x06,0xFF,
  0x40,0x00,0x00,0x0C,0xFB,0x00,0x00,0x00,0x00,0x6C,0xEF,0xC6,0x00,0x08,0xFF,0xFF,0xFF,0x90,0x1F,0xFC,
  0x33,0xBF,0xF2,0x3F,0xF6,0x00,0x4F,0xF5,0x2F,0xF8,0x00,0x7F,0xF3,0x0B,0xFF,0xBA,0xFF,0xB0,0x06,0xFF,
  0xFF,0xFF,0x60,0x3F,0xFD,0x88,0xEF,0xF2,0xAF,0xE1,0x00,0x3F,0xF8,0xBF,0xD0,0x00,0x0F,0xF9,0x9F,0xF5,
  0x00,0x7F,0xF6,0x2E,0xFF,0xEE,0xFF,0xD1,0x03,0xCF,0xFF,0xFA,0x20,0x00,0x01,0x33,0x10,0x00,0x00,0x6C,
  0xFE,0xB4,0x00,0x09,0xFF,0xFF,0xFF,0x40,0x4F,0xFB,0x34,0xDF,0xD0,0x9F,0xF1,0x00,0x4F,0xF3,0xBF,0xD0,
  0x00,0x2F,0xF6,0xAF,0xE0,0x00,0x4F,0xF7,0x6F,0xF8,0x12,0xCF,0xF7,0x1C,0xFF,0xFF,0xFF,0xF6,0x13,0xBF,
  0xFF,0xCF,0xF4,0x9F,0xE1,0x21,0x7F,0xF1,0x6F,0xF6,0x02,0xDF,0xA0,0x1D,0xFF,0xEF,0xFE,0x20,0x02,0xCF,
  0xFF,0xB2,0x00,0x00,0x02,0x42,0x00,0x00,0x03,0x20,0x7F,0xF3,0xBF,0xF7,0x4E,0xD2,0x00,0x00,0x00,0x00,
  0x00,0x00,0x00,0x00,0x4E,0xD2,0xBF,0xF7,0x7F,0xF4,0x03,0x20,0x00,0x32,0x00,0x7F,0xF3,0x0B,0xFF,0x70,
  0x4E,0xD2,0x00,0x00,0x00,0x00,0x00,0x00,0x00,0x00,0x00,0x00,0x08,0xFF,0x10,0xEF,0xC0,0x4F,0xF6,0x09,
  0xFE,0x00,0xCF,0x80,0x00,0x00,0x00,0x00,0x16,0x00,0x00,0x01,0x8E,0xF2,0x00,0x18,0xEF,0xFB,0x11,0x8E,
  0xFF,0xB4,0x00,0xBF,0xFA,0x30,0x00,0x0B,0xFF,0xB4,0x00,0x00,0x18,0xEF,0xFC,0x40,0x00,0x01,0x7E,0xFF,
  0xC1,0x00,0x00,0x17,0xEF,0x20,0x00,0x00,0x01,0x60,0x2B,0xBB,0xBB,0xBB,0xA4,0xFF,0xFF,0xFF,0xFF,0x04,
  0x44,0x44,0x44,0x30,0x44,0x44,0x44,0x43,0x4F,0xFF,0xFF,0xFF,0xF2,0xBB,0xBB,0xBB,0xBA,0x16,0x10,0x00,
  0x00,0x04,0xFE,0x71,0x00,0x00,0x2D,0xFF,0xE7,0x10,0x00,0x05,0xCF,0xFE,0x71,0x00,0x00,0x5C,0xFF,0x90,
  0x00,0x04,0xCF,0xF9,0x00,0x5C,0xFF,0xE7,0x12,0xDF,0xFE,0x71,0x00,0x4F,0xD6,0x10,0x00,0x01,0x60,0x00,
  0x00,0x00,0x03,0xAE,0xFD,0x80,0x03,0xEF,0xFF,0xFF,0xA0,0xBF,0xE5,0x2A,0xFF,0x3E,0xFA,0x00,0x4F,0xF5,
  0x78,0x40,0x07,0xFF,0x30,0x00,0x02,0xEF,0xC0,0x00,0x01,0xDF,0xF3,0x00,0x00,0xBF,0xF4,0x00,0x00,0x3F,
  0xF6,0x00,0x00,0x04,0xDD,0x10,0x00,0x00,0x4E,0xD2,0x00,0x00,0x0B,0xFF,0x70,0x00,0x00,0x7F,0xF4,0x00,
  0x00,0x00,0x32,0x00,0x00,0x00,0x00,0x00,0x35,0x53,0x00,0x00,0x00,0x00,0x7D,0xFF,0xFF,0xD5,0x00,0x00,
  0x2C,0xFF,0xEC,0xCE,0xFF,0x60,0x01,0xDF,0xE6,0x24,0x21,0x8F,0xF3,0x08,0xFD,0x29,0xFF,0xFE,0xEE,0xF9,
  0x1E,0xF3,0x9F,0xFE,0xFF,0xF6,0xFD,0x4F,0xC3,0xFF,0x90,0xBF,0xE1,0xFF,0x7F,0x87,0xFF,0x20,0xCF,0xB1,
  0xFF,0x7F,0x89,0xFF,0x01,0xFF,0x74,0xFD,0x6F,0x98,0xFF,0x6B,0xFF,0x8C,0xF8,0x3F,0xE3,0xFF,0xFF,0xFF,
  0xFF,0xC1,0x0C,0xFA,0x5B,0xD9,0x6C,0xFC,0x10,0x03,0xEF,0xD8,0x66,0x8D,0xFE,0x00,0x00,0x3D,0xFF,0xFF,
  0xFF,0xD5,0x00,0x00,0x00,0x59,0xBB,0x94,0x00,0x00,0x00,0x00,0xAD,0xD2,0x00,0x00,0x00,0x02,0xFF,0xF8,
  0x00,0x00,0x00,0x07,0xFF,0xFD,0x00,0x00,0x00,0x0D,0xFD,0xFF,0x30,0x00,0x00,0x3F,0xF5,0xEF,0x80,0x00,
  0x00,0x9F,0xE0,0xAF,0xD0,0x00,0x00,0xEF,0xC6,0xAF,0xF3,0x00,0x04,0xFF,0xFF,0xFF,0xF9,0x00,0x0A,0xFE,
  0xBB,0xBD,0xFE,0x00,0x1E,0xF8,0x00,0x05,0xFF,0x40,0x5F,0xF3,0x00,0x01,0xEF,0x90,0xBF,0xD0,0x00,0x00,
  0xAF,0xE0,0xCD,0x70,0x00,0x00,0x4D,0xD2,0x8B,0xBB,0xBB,0x82,0x00,0xBF,0xFF,0xFF,0xFF,0x50,0xBF,0xE6,
  0x67,0xEF,0xD0,0xBF,0xD0,0x00,0x8F,0xF1,0xBF,0xD0,0x00,0xAF,0xE0,0xBF,0xE9,0x9B,0xFF,0x80,0xBF,0xFF,
  0xFF,0xFF,0x60,0xBF,0xE8,0x88,0xDF,0xF4,0xBF,0xD0,0x00,0x2F,0xF8,0xBF,0xD0,0x00,0x1F,0xF8,0xBF,0xD2,
  0x22,0x9F,0xF5,0xBF,0xFF,0xFF,0xFF,0xB0,0xAF,0xFF,0xFF,0xC7,0x00,0x00,0x05,0xBE,0xFD,0xA2,0x00,0x00,
  0xAF,0xFF,0xFF,0xFE,0x40,0x08,0xFF,0xA3,0x26,0xEF,0xE1,0x2F,0xFB,0x00,0x00,0x5F,0xF5,0x7F,0xF3,0x00,
  0x00,0x0E,0xF8,0xAF,0xE0,0x00,0x00,0x01,0x21,0xBF,0xD0,0x00,0x00,0x00,0x00,0xBF,0xE0,0x00,0x00,0x00,
  0x00,0x8F,0xF2,0x00,0x00,0x0D,0xD5,0x4F,0xF8,0x00,0x00,0x5F,0xF5,0x0C,0xFF,0x60,0x03,0xDF,0xE1,0x02,
  0xEF,0xFE,0xEF,0xFF,0x50,0x00,0x2B,0xFF,0xFF,0xC4,0x00,0x00,0x00,0x13,0x32,0x00,0x00,0x8B,0xBB,0xBB,
  0x94,0x00,0x0B,0xFF,0xFF,0xFF,0xFB,0x10,0xBF,0xE6,0x67,0xBF,0xFC,0x0B,0xFD,0x00,0x00,0x8F,0xF6,0xBF,
  0xD0,0x00,0x00,0xEF,0xCB,0xFD,0x00,0x00,0x0A,0xFE,0xBF,0xD0,0x00,0x00,0x9F,0xFB,0xFD,0x00,0x00,0x0A,
  0xFE,0xBF,0xD0,0x00,0x00,0xDF,0xBB,0xFD,0x00,0x00,0x6F,0xF6,0xBF,0xD2,0x23,0x8F,0xFD,0x0B,0xFF,0xFF,
  0xFF,0xFD,0x20,0xAF,0xFF,0xFE,0xC7,0x10,0x00,0x8B,0xBB,0xBB,0xBB,0x9B,0xFF,0xFF,0xFF,0xFD,0xBF,0xE6,
  0x66,0x66,0x4B,0xFD,0x00,0x00,0x00,0xBF,0xD0,0x00,0x00,0x0B,0xFE,0x66,0x66,0x61,0xBF,0xFF,0xFF,0xFF,
  0x6B,0xFE,0xBB,0xBB,0xB3,0xBF,0xD0,0x00,0x00,0x0B,0xFD,0x00,0x00,0x00,0xBF,0xD2,0x22,0x22,0x1B,0xFF,
  0xFF,0xFF,0xFF,0xAF,0xFF,0xFF,0xFF,0xE0,0x69,0x99,0x99,0x99,0x7B,0xFF,0xFF,0xFF,0xFD,0xBF,0xE8,0x88,
  0x88,0x6B,0xFD,0x00,0x00,0x00,0xBF,0xD0,0x00,0x00,0x0B,0xFE,0x66,0x66,0x51,0xBF,0xFF,0xFF,0xFF,0x4B,
  0xFE,0xBB,0xBB,0xB2,0xBF,0xD0,0x00,0x00,0x0B,0xFD,0x00,0x00,0x00,0xBF,0xD0,0x00,0x00,0x0B,0xFD,0x00,
  0x00,0x00,0xAF,0xC0,0x00,0x00,0x00,0x00,0x05,0xBE,0xFE,0xA3,0x00,0x00,0xAF,0xFF,0xFF,0xFF,0x50,0x08,
  0xFF,0xA3,0x25,0xDF,0xE1,0x2F,0xFB,0x00,0x00,0x3F,0xF7,0x7F,0xF3,0x00,0x00,0x0C,0xF9,0xAF,0xE0,0x00,
  0x00,0x01,0x31,0xBF,0xD0,0x00,0x69,0x99,0x94,0xBF,0xE0,0x00,0xBF,0xFF,0xF8,0x8F,0xF2,0x00,0x48,0x8F,
  0xF8,0x4F,0xF8,0x00,0x00,0x4F,0xF8,0x0C,0xFF,0x60,0x03,0xDF,0xF8,0x02,0xEF,0xFE,0xEF,0xFF,0xF8,0x00,
  0x2A,0xFF,0xFF,0xBC,0xF7,0x00,0x00,0x13,0x31,0x00,0x00,0x8B,0x90,0x00,0x00,0x9B,0x8B,0xFD,0x00,0x00,
  0x0D,0xFB,0xBF,0xD0,0x00,0x00,0xDF,0xBB,0xFD,0x00,0x00,0x0D,0xFB,0xBF,0xD0,0x00,0x00,0xDF,0xBB,0xFD,
  0x44,0x44,0x4D,0xFB,0xBF,0xFF,0xFF,0xFF,0xFF,0xBB,0xFF,0xDD,0xDD,0xDF,0xFB,0xBF,0xD0,0x00,0x00,0xDF,
  0xBB,0xFD,0x00,0x00,0x0D,0xFB,0xBF,0xD0,0x00,0x00,0xDF,0xBB,0xFD,0x00,0x00,0x0D,0xFB,0xAF,0xC0,0x00,
  0x00,0xCF,0xA0,0x8B,0x9B,0xFD,0xBF,0xDB,0xFD,0xBF,0xDB,0xFD,0xBF,0xDB,0xFD,0xBF,0xDB,0xFD,0xBF,0xDB,
  0xFD,0xAF,0xC0,0x00,0x00,0x00,0x8B,0x80,0x00,0x00,0x0B,0xFB,0x00,0x00,0x00,0xBF,0xB0,0x00,0x00,0x0B,
  0xFB,0x00,0x00,0x00,0xBF,0xB0,0x00,0x00,0x0B,0xFB,0x00,0x00,0x00,0xBF,0xB0,0x00,0x00,0x0B,0xFB,0x7F,
  0xF1,0x00,0xBF,0xB7,0xFF,0x20,0x0C,0xFB,0x5F,0xF6,0x02,0xFF,0x91,0xDF,0xFD,0xFF,0xF3,0x02,0xCF,0xFF,
  0xD5,0x00,0x00,0x24,0x20,0x00,0x8B,0x90,0x00,0x05,0xBB,0x3B,0xFD,0x00,0x04,0xFF,0xC1,0xBF,0xD0,0x03,
  0xEF,0xD1,0x0B,0xFD,0x02,0xEF,0xD2,0x00,0xBF,0xD2,0xDF,0xE2,0x00,0x0B,0xFE,0xDF,0xE3,0x00,0x00,0xBF,
  0xFF,0xF6,0x00,0x00,0x0B,0xFF,0xFF,0xE2,0x00,0x00,0xBF,0xF8,0xFF,0xC1,0x00,0x0B,0xFD,0x08,0xFF,0xA0,
  0x00,0xBF,0xD0,0x0B,0xFF,0x80,0x0B,0xFD,0x00,0x1D,0xFF,0x60,0xAF,0xC0,0x00,0x3E,0xFE,0x00,0x8B,0x90,
  0x00,0x00,0x0B,0xFD,0x00,0x00,0x00,0xBF,0xD0,0x00,0x00,0x0B,0xFD,0x00,0x00,0x00,0xBF,0xD0,0x00,0x00,
  0x0B,0xFD,0x00,0x00,0x00,0xBF,0xD0,0x00,0x00,0x0B,0xFD,0x00,0x00,0x00,0xBF,0xD0,0x00,0x00,0x0B,0xFD,
  0x00,0x00,0x00,0xBF,0xD2,0x22,0x22,0x1B,0xFF,0xFF,0xFF,0xFF,0xAF,0xFF,0xFF,0xFF,0xE0,0x8B,0xB8,0x00,
  0x00,0x05,0xBB,0xAB,0xFF,0xF1,0x00,0x00,0xBF,0xFF,0xBF,0xFF,0x60,0x00,0x1F,0xFF,0xFB,0xFF,0xFA,0x00,
  0x06,0xFF,0xFF,0xBF,0xFF,0xF1,0x00,0xBF,0xFF,0xFB,0xFE,0xFF,0x50,0x1F,0xFE,0xFF,0xBF,0xDC,0xFA,0x05,
  0xFF,0xAF,0xFB,0xFD,0x7F,0xE0,0xAF,0xA9,0xFF,0xBF,0xD2,0xFF,0x5E,0xF5,0x9F,0xFB,0xFD,0x0C,0xFD,0xFF,
  0x19,0xFF,0xBF,0xD0,0x7F,0xFF,0xB0,0x9F,0xFB,0xFD,0x02,0xFF,0xF6,0x09,0xFF,0xAF,0xC0,0x0B,0xFE,0x10,
  0x8F,0xE0,0x8B,0xB6,0x00,0x00,0xAB,0x5B,0xFF,0xE1,0x00,0x0F,0xF8,0xBF,0xFF,0x80,0x00,0xFF,0x8B,0xFF,
  0xFE,0x20,0x0F,0xF8,0xBF,0xDF,0xF9,0x00,0xFF,0x8B,0xFB,0x8F,0xF2,0x0F,0xF8,0xBF,0xB1,0xEF,0xA0,0xFF,
  0x8B,0xFB,0x08,0xFF,0x3F,0xF8,0xBF,0xB0,0x1E,0xFB,0xFF,0x8B,0xFB,0x00,0x7F,0xFF,0xF8,0xBF,0xB0,0x00,
  0xDF,0xFF,0x8B,0xFB,0x00,0x06,0xFF,0xF8,0xAF,0xA0,0x00,0x0C,0xFF,0x70,0x00,0x06,0xCE,0xFD,0xA3,0x00,
  0x00,0x1B,0xFF,0xFF,0xFF,0xF6,0x00,0x0A,0xFF,0xA3,0x25,0xDF,0xF4,0x03,0xFF,0xA0,0x00,0x02,0xEF,0xB0,
  0x8F,0xF2,0x00,0x00,0x09,0xFF,0x1A,0xFE,0x00,0x00,0x00,0x5F,0xF4,0xBF,0xD0,0x00,0x00,0x04,0xFF,0x5B,
  0xFE,0x00,0x00,0x00,0x5F,0xF5,0x8F,0xF1,0x00,0x00,0x08,0xFF,0x24,0xFF,0x80,0x00,0x01,0xDF,0xD0,0x0C,
  0xFF,0x60,0x01,0xAF,0xF6,0x00,0x2E,0xFF,0xED,0xFF,0xFA,0x00,0x00,0x2A,0xFF,0xFF,0xD6,0x00,0x00,0x00,
  0x01,0x34,0x20,0x00,0x00,0x69,0x99,0x99,0x72,0x00,0xBF,0xFF,0xFF,0xFF,0x60,0xBF,0xE8,0x88,0xDF,0xF2,
  0xBF,0xD0,0x00,0x4F,0xF6,0xBF,0xD0,0x00,0x2F,0xF7,0xBF,0xD0,0x00,0x7F,0xF5,0xBF,0xFD,0xDE,0xFF,0xD0,
  0xBF,0xFF,0xFF,0xFB,0x20,0xBF,0xD4,0x43,0x10,0x00,0xBF,0xD0,0x00,0x00,0x00,0xBF,0xD0,0x00,0x00,0x00,
  0xBF,0xD0,0x00,0x00,0x00,0xAF,0xC0,0x00,0x00,0x00,0x00,0x06,0xCE,0xFD,0xA3,0x00,0x00,0x1B,0xFF,0xFF,
  0xFF,0xF6,0x00,0x0A,0xFF,0xA3,0x25,0xDF,0xF4,0x03,0xFF,0xA0,0x00,0x02,0xEF,0xB0,0x8F,0xF2,0x00,0x00,
  0x09,0xFF,0x1A,0xFE,0x00,0x00,0x00,0x5F,0xF4,0xBF,0xD0,0x00,0x00,0x04,0xFF,0x5B,0xFE,0x00,0x00,0x00,
  0x5F,0xF4,0x8F,0xF1,0x00,0x00,0x08,0xFF,0x24,0xFF,0x80,0x00,0x01,0xDF,0xC0,0x0C,0xFF,0x60,0x01,0xAF,
  0xF3,0x00,0x2E,0xFF,0xED,0xFF,0xFE,0x70,0x00,0x2A,0xFF,0xFF,0xFF,0xFF,0x40,0x00,0x01,0x34,0x20,0x2A,
  0x90,0x69,0x99,0x99,0x73,0x00,0xBF,0xFF,0xFF,0xFF,0x90,0xBF,0xE8,0x88,0xDF,0xF4,0xBF,0xD0,0x00,0x2F,
  0xF8,0xBF,0xD0,0x00,0x1F,0xF8,0xBF,0xD2,0x22,0x9F,0xF4,0xBF,0xFF,0xFF,0xFF,0x80,0xBF,0xFF,0xFF,0xFF,
  0x60,0xBF,0xD0,0x01,0xCF,0xD0,0xBF,0xD0,0x00,0x7F,0xF0,0xBF,0xD0,0x00,0x5F,0xF2,0xBF,0xD0,0x00,0x2F,
  0xF6,0xAF,0xC0,0x00,0x0D,0xFA,0x00,0x2A,0xEF,0xD9,0x10,0x03,0xEF,0xFF,0xFF,0xD1,0x0B,0xFD,0x42,0x7F,
  0xF7,0x0F,0xF9,0x00,0x0C,0xFC,0x0E,0xFE,0x30,0x04,0x75,0x09,0xFF,0xFD,0x93,0x00,0x01,0x9F,0xFF,0xFF,
  0xA0,0x00,0x02,0x7B,0xFF,0xF8,0x25,0x40,0x00,0x2E,0xFE,0x7F,0xF2,0x00,0x09,0xFF,0x3F,0xFB,0x10,0x2D,
  0xFC,0x0A,0xFF,0xFD,0xFF,0xF5,0x00,0x8E,0xFF,0xFD,0x50,0x00,0x00,0x34,0x20,0x00,0x89,0x99,0x99,0x99,
  0x99,0x6F,0xFF,0xFF,0xFF,0xFF,0xFB,0x78,0x88,0xEF,0xD8,0x88,0x50,0x00,0x0D,0xFB,0x00,0x00,0x00,0x00,
  0xDF,0xB0,0x00,0x00,0x00,0x0D,0xFB,0x00,0x00,0x00,0x00,0xDF,0xB0,0x00,0x00,0x00,0x0D,0xFB,0x00,0x00,
  0x00,0x00,0xDF,0xB0,0x00,0x00,0x00,0x0D,0xFB,0x00,0x00,0x00,0x00,0xDF,0xB0,0x00,0x00,0x00,0x0D,0xFB,
  0x00,0x00,0x00,0x00,0xCF,0xA0,0x00,0x00,0xAB,0x60,0x00,0x08,0xB9,0xFF,0x90,0x00,0x0B,0xFD,0xFF,0x90,
  0x00,0x0B,0xFD,0xFF,0x90,0x00,0x0B,0xFD,0xFF,0x90,0x00,0x0B,0xFD,0xFF,0x90,0x00,0x0B,0xFD,0xFF,0x90,
  0x00,0x0B,0xFD,0xFF,0x90,0x00,0x0B,0xFD,0xFF,0x90,0x00,0x0B,0xFD,0xEF,0xB0,0x00,0x0D,0xFC,0xAF,0xF4,
  0x00,0x7F,0xF8,0x3E,0xFF,0xEE,0xFF,0xD1,0x03,0xCF,0xFF,0xFB,0x20,0x00,0x02,0x33,0x10,0x00,0xAB,0x60,
  0x00,0x00,0x3B,0xB2,0xBF,0xD0,0x00,0x00,0x9F,0xF1,0x6F,0xF3,0x00,0x00,0xDF,0xA0,0x1F,0xF8,0x00,0x04,
  0xFF,0x50,0x0A,0xFD,0x00,0x09,0xFE,0x00,0x05,0xFF,0x30,0x0E,0xF9,0x00,0x01,0xEF,0x80,0x4F,0xF4,0x00,
  0x00,0xAF,0xD0,0x9F,0xD0,0x00,0x00,0x5F,0xF3,0xEF,0x80,0x00,0x00,0x0E,0xFC,0xFF,0x30,0x00,0x00,0x09,
  0xFF,0xFC,0x00,0x00,0x00,0x04,0xFF,0xF7,0x00,0x00,0x00,0x00,0xDF,0xE2,0x00,0x00,0xBB,0x60,0x00,0x19,
  0x96,0x00,0x00,0xAB,0x5D,0xFC,0x00,0x06,0xFF,0xE0,0x00,0x3F,0xF6,0x9F,0xF1,0x00,0xAF,0xFF,0x30,0x06,
  0xFF,0x25,0xFF,0x40,0x0E,0xFF,0xF7,0x00,0xAF,0xC0,0x1F,0xF8,0x03,0xFF,0xDF,0xB0,0x0E,0xF8,0x00,0xCF,
  0xB0,0x7F,0xD7,0xFE,0x03,0xFF,0x40,0x08,0xFE,0x0B,0xF9,0x3F,0xF3,0x6F,0xE0,0x00,0x5F,0xF4,0xEF,0x50,
  0xEF,0x7A,0xFB,0x00,0x01,0xFF,0xAF,0xF1,0x0A,0xFB,0xEF,0x60,0x00,0x0C,0xFF,0xFC,0x00,0x6F,0xFF,0xF2,
  0x00,0x00,0x8F,0xFF,0x80,0x02,0xFF,0xFD,0x00,0x00,0x04,0xFF,0xF4,0x00,0x0D,0xFF,0x90,0x00,0x00,0x0E,
  0xFE,0x00,0x00,0x9F,0xF4,0x00,0x00,0x8B,0xA0,0x00,0x00,0x9B,0x96,0xFF,0x70,0x00,0x6F,0xF8,0x0B,0xFF,
  0x20,0x2E,0xFC,0x00,0x2E,0xFC,0x0B,0xFE,0x20,0x00,0x6F,0xFB,0xFF,0x60,0x00,0x00,0xBF,0xFF,0xA0,0x00,
  0x00,0x03,0xFF,0xF2,0x00,0x00,0x00,0xAF,0xFF,0xA0,0x00,0x00,0x5F,0xFC,0xFF,0x50,0x00,0x2E,0xFB,0x0C,
  0xFE,0x20,0x0C,0xFE,0x20,0x2E,0xFC,0x07,0xFF,0x60,0x00,0x6F,0xF7,0xEF,0xA0,0x00,0x00,0xBF,0xE0,0x1B,
  0xB6,0x00,0x00,0x0A,0xB7,0x0C,0xFE,0x20,0x00,0x6F,0xF6,0x03,0xFF,0xA0,0x01,0xEF,0xC0,0x00,0x9F,0xF3,
  0x08,0xFF,0x30,0x00,0x1E,0xFC,0x2F,0xFA,0x00,0x00,0x07,0xFF,0xDF,0xE2,0x00,0x00,0x00,0xDF,0xFF,0x70,
  0x00,0x00,0x00,0x4F,0xFD,0x00,0x00,0x00,0x00,0x0F,0xF9,0x00,0x00,0x00,0x00,0x0F,0xF9,0x00,0x00,0x00,
  0x00,0x0F,0xF9,0x00,0x00,0x00,0x00,0x0F,0xF9,0x00,0x00,0x00,0x00,0x0E,0xF8,0x00,0x00,0x2B,0xBB,0xBB,
  0xBB,0xBA,0x04,0xFF,0xFF,0xFF,0xFF,0xF0,0x15,0x66,0x66,0x9F,0xFA,0x00,0x00,0x00,0x1E,0xFD,0x10,0x00,
  0x00,0x0B,0xFF,0x30,0x00,0x00,0x07,0xFF,0x70,0x00,0x00,0x04,0xFF,0xB0,0x00,0x00,0x01,0xDF,0xD1,0x00,
  0x00,0x00,0xAF,0xF4,0x00,0x00,0x00,0x7F,0xF8,0x00,0x00,0x00,0x3F,0xFC,0x22,0x22,0x22,0x0B,0xFF,0xFF,
  0xFF,0xFF,0xF3,0xAF,0xFF,0xFF,0xFF,0xFF,0x30,0x58,0x87,0xBF,0xFF,0xBF,0x97,0xBF,0x40,0xBF,0x40,0xBF,
  0x40,0xBF,0x40,0xBF,0x40,0xBF,0x40,0xBF,0x40,0xBF,0x40,0xBF,0x40,0xBF,0x40,0xBF,0x40,0xBF,0xCA,0xBF,
  0xFF,0x24,0x43,0x14,0x10,0x00,0x08,0xF9,0x00,0x00,0x3F,0xE0,0x00,0x00,0xDF,0x40,0x00,0x08,0xF9,0x00,
  0x00,0x3F,0xE0,0x00,0x00,0xDF,0x40,0x00,0x08,0xF9,0x00,0x00,0x3F,0xE0,0x00,0x00,0xDF,0x40,0x00,0x08,
  0xF9,0x00,0x00,0x3F,0xE0,0x00,0x00,0xDF,0x40,0x00,0x08,0xF9,0x00,0x00,0x27,0x50,0x78,0x85,0xFF,0xFB,
  0x79,0xFB,0x04,0xFB,0x04,0xFB,0x04,0xFB,0x04,0xFB,0x04,0xFB,0x04,0xFB,0x04,0xFB,0x04,0xFB,0x04,0xFB,
  0x04,0xFB,0x04,0xFB,0xAC,0xFB,0xFF,0xFB,0x34,0x42,0x00,0x01,0x99,0x00,0x00,0x00,0x7F,0xF5,0x00,0x00,
  0x0D,0xFF,0xB0,0x00,0x05,0xFC,0xEF,0x30,0x00,0xCF,0x68,0xF9,0x00,0x3F,0xE1,0x2F,0xF1,0x0A,0xF9,0x00,
  0xBF,0x81,0xFF,0x30,0x04,0xFD,0x03,0x30,0x00,0x03,0x30,0x58,0x88,0x88,0x87,0xBF,0xFF,0xFF,0xFF,0x58,
  0x88,0x88,0x87,0x79,0x50,0x7F,0xE1,0x0A,0xF7,0x01,0x41,0x00,0x02,0x42,0x00,0x00,0x3D,0xFF,0xFD,0x40,
  0x2E,0xFF,0xDF,0xFE,0x17,0xFF,0x30,0x6F,0xF4,0x6C,0xB4,0x69,0xFF,0x50,0x8F,0xFF,0xFF,0xF5,0x8F,0xFD,
  0xAB,0xFF,0x5E,0xFC,0x00,0x4F,0xF5,0xFF,0xB0,0x0A,0xFF,0x5B,0xFF,0xEE,0xFF,0xF6,0x2B,0xFF,0xFD,0xEF,
  0x70,0x02,0x42,0x00,0x00,0x17,0x72,0x00,0x00,0x00,0x04,0xFF,0x50,0x00,0x00,0x00,0x4F,0xF5,0x00,0x00,
  0x00,0x04,0xFF,0x51,0x33,0x00,0x00,0x4F,0xFC,0xFF,0xFE,0x60,0x04,0xFF,0xFF,0xDF,0xFF,0x50,0x4F,0xFE,
  0x30,0x2E,0xFD,0x04,0xFF,0x80,0x00,0x7F,0xF3,0x4F,0xF6,0x00,0x04,0xFF,0x54,0xFF,0x50,0x00,0x4F,0xF5,
  0x4F,0xF7,0x00,0x07,0xFF,0x34,0xFF,0xE3,0x02,0xEF,0xD0,0x4F,0xFF,0xFD,0xFF,0xF4,0x03,0xFF,0xDF,0xFF,
  0xD4,0x00,0x00,0x00,0x24,0x20,0x00,0x00,0x00,0x01,0x33,0x00,0x00,0x1A,0xFF,0xFE,0x50,0x1D,0xFF,0xEF,
  0xFF,0x48,0xFF,0x50,0x2E,0xFC,0xCF,0xC0,0x00,0x7F,0xEF,0xF9,0x00,0x00,0x00,0xFF,0x90,0x00,0x00,0x0D,
  0xFC,0x00,0x07,0xDB,0x9F,0xF5,0x02,0xEF,0xB2,0xEF,0xFE,0xFF,0xF3,0x03,0xCF,0xFF,0xD4,0x00,0x00,0x24,
  0x20,0x00,0x00,0x00,0x00,0x05,0x85,0x00,0x00,0x00,0x0B,0xFD,0x00,0x00,0x00,0x0B,0xFD,0x00,0x01,0x33,
  0x1B,0xFD,0x01,0x9F,0xFF,0xEE,0xFD,0x1C,0xFF,0xEE,0xFF,0xFD,0x7F,0xF7,0x00,0x8F,0xFD,0xCF,0xC0,0x00,
  0x0E,0xFD,0xFF,0x90,0x00,0x0B,0xFD,0xFF,0xA0,0x00,0x0C,0xFD,0xDF,0xD0,0x00,0x0E,0xFD,0x8F,0xF7,0x00,
  0x8F,0xFD,0x1E,0xFF,0xEE,0xFF,0xFD,0x02,0xCF,0xFF,0xED,0xFC,0x00,0x02,0x43,0x00,0x00,0x00,0x01,0x33,
  0x00,0x00,0x01,0xAF,0xFF,0xD5,0x00,0x1C,0xFF,0xEF,0xFF,0x30,0x7F,0xF5,0x01,0xDF,0xB0,0xCF,0xC2,0x22,
  0x9F,0xF0,0xFF,0xFF,0xFF,0xFF,0xF2,0xFF,0xFF,0xFF,0xFF,0xF1,0xDF,0xB0,0x00,0x6D,0xC0,0x9F,0xF3,0x02,
  0xDF,0xC0,0x2E,0xFF,0xDF,0xFF,0x40,0x03,0xCF,0xFF,0xD5,0x00,0x00,0x02,0x42,0x00,0x00,0x00,0x18,0xBA,
  0x20,0x0C,0xFF,0xF4,0x03,0xFF,0xA8,0x10,0x5F,0xF4,0x00,0x3E,0xFF,0xEC,0x04,0xFF,0xFF,0xF0,0x08,0xFF,
  0x73,0x00,0x5F,0xF4,0x00,0x05,0xFF,0x40,0x00,0x5F,0xF4,0x00,0x05,0xFF,0x40,0x00,0x5F,0xF4,0x00,0x05,
  0xFF,0x40,0x00,0x5F,0xF3,0x00,0x00,0x22,0x00,0x00,0x00,0x03,0x55,0x11,0x21,0x02,0xCF,0xFF,0xFF,0xF9,
  0x1E,0xFF,0xCD,0xFF,0xF9,0x8F,0xF5,0x00,0x9F,0xF9,0xDF,0xC0,0x00,0x2F,0xF9,0xFF,0x90,0x00,0x0F,0xF9,
  0xFF,0xA0,0x00,0x1F,0xF9,0xDF,0xD0,0x00,0x3F,0xF9,0x8F,0xF8,0x12,0xCF,0xF9,0x1D,0xFF,0xFF,0xFF,0xF9,
  0x7C,0xEF,0xFF,0xBF,0xF8,0x9F,0xE1,0x21,0x6F,0xF6,0x4F,0xFD,0xAB,0xFF,0xE1,0x07,0xFF,0xFF,0xFD,0x30,
  0x00,0x26,0x77,0x40,0x00,0x17,0x72,0x00,0x00,0x00,0x4F,0xF5,0x00,0x00,0x00,0x4F,0xF5,0x00,0x00,0x00,
  0x4F,0xF5,0x01,0x10,0x00,0x4F,0xFB,0xEF,0xFC,0x30,0x4F,0xFF,0xFF,0xFF,0xE2,0x4F,0xFF,0x50,0x6F,0xF7,
  0x4F,0xF9,0x00,0x1F,0xF9,0x4F,0xF6,0x00,0x0F,0xF9,0x4F,0xF5,0x00,0x0F,0xF9,0x4F,0xF5,0x00,0x0F,0xF9,
  0x4F,0xF5,0x00,0x0F,0xF9,0x4F,0xF5,0x00,0x0F,0xF9,0x3F,0xF5,0x00,0x0F,0xF9,0x02,0x20,0x00,0x01,0x21,
  0x3E,0xC1,0x7F,0xF3,0x1A,0x80,0x4F,0xF3,0x5F,0xF4,0x5F,0xF4,0x5F,0xF4,0x5F,0xF4,0x5F,0xF4,0x5F,0xF4,
  0x5F,0xF4,0x5F,0xF4,0x4F,0xF3,0x01,0xA8,0x00,0x7F,0xF3,0x03,0xEC,0x10,0x4E,0xE3,0x05,0xFF,0x40,0x5F,
  0xF4,0x05,0xFF,0x40,0x5F,0xF4,0x05,0xFF,0x40,0x5F,0xF4,0x05,0xFF,0x40,0x5F,0xF4,0x05,0xFF,0x40,0x5F,
  0xF4,0x6C,0xFF,0x3B,0xFF,0xC0,0x69,0x71,0x00,0x17,0x72,0x00,0x00,0x00,0x4F,0xF5,0x00,0x00,0x00,0x4F,
  0xF5,0x00,0x00,0x00,0x4F,0xF5,0x00,0x00,0x00,0x4F,0xF5,0x00,0x9F,0xF4,0x4F,0xF5,0x08,0xFF,0x90,0x4F,
  0xF5,0x7F,0xFA,0x00,0x4F,0xFB,0xFF,0xA0,0x00,0x4F,0xFF,0xFB,0x00,0x00,0x4F,0xFF,0xFE,0x20,0x00,0x4F,
  0xFB,0xFF,0xD1,0x00,0x4F,0xF5,0x6F,0xFC,0x10,0x4F,0xF5,0x08,0xFF,0xB0,0x3F,0xF4,0x00,0xAF,0xF5,0x29,
  0x92,0x04,0xFF,0x50,0x4F,0xF5,0x04,0xFF,0x50,0x4F,0xF5,0x04,0xFF,0x50,0x4F,0xF5,0x04,0xFF,0x50,0x4F,
  0xF5,0x04,0xFF,0x50,0x4F,0xF5,0x04,0xFF,0x60,0x3F,0xFF,0x50,0xAF,0xF4,0x00,0x00,0x33,0x10,0x02,0x42,
  0x00,0x3F,0xFE,0xFF,0xF7,0xAF,0xFF,0xA0,0x4F,0xFF,0xEF,0xFF,0xFE,0xEF,0xF7,0x4F,0xFC,0x03,0xFF,0xE2,
  0x1E,0xFB,0x4F,0xF7,0x00,0xFF,0xB0,0x0C,0xFD,0x4F,0xF6,0x00,0xFF,0x90,0x0B,0xFD,0x4F,0xF5,0x00,0xFF,
  0x90,0x0B,0xFD,0x4F,0xF5,0x00,0xFF,0x90,0x0B,0xFD,0x4F,0xF5,0x00,0xFF,0x90,0x0B,0xFD,0x4F,0xF5,0x00,
  0xFF,0x90,0x0B,0xFD,0x3F,0xF4,0x00,0xEF,0x80,0x0A,0xFC,0x00,0x00,0x13,0x30,0x00,0x3F,0xFC,0xFF,0xFE,
  0x50,0x4F,0xFF,0xFD,0xFF,0xF2,0x4F,0xFE,0x30,0x4F,0xF7,0x4F,0xF9,0x00,0x0F,0xF9,0x4F,0xF6,0x00,0x0F,
  0xF9,0x4F,0xF5,0x00,0x0F,0xF9,0x4F,0xF5,0x00,0x0F,0xF9,0x4F,0xF5,0x00,0x0F,0xF9,0x4F,0xF5,0x00,0x0F,
  0xF9,0x3F,0xF4,0x00,0x0E,0xF8,0x00,0x01,0x33,0x10,0x00,0x01,0xAF,0xFF,0xFA,0x10,0x1D,0xFF,0xEE,0xFF,
  0xD1,0x7F,0xF7,0x00,0x7F,0xF7,0xCF,0xD0,0x00,0x0D,0xFC,0xFF,0xA0,0x00,0x0A,0xFF,0xFF,0xA0,0x00,0x0A,
  0xFF,0xCF,0xD0,0x00,0x0D,0xFC,0x7F,0xF7,0x00,0x7F,0xF7,0x1D,0xFF,0xEE,0xFF,0xD1,0x01,0xAF,0xFF,0xFA,
  0x10,0x00,0x01,0x33,0x10,0x00,0x00,0x00,0x13,0x30,0x00,0x03,0xFF,0xCF,0xFF,0xE6,0x00,0x4F,0xFF,0xFD,
  0xFF,0xF5,0x04,0xFF,0xE3,0x02,0xEF,0xD0,0x4F,0xF8,0x00,0x07,0xFF,0x34,0xFF,0x60,0x00,0x4F,0xF5,0x4F,
  0xF5,0x00,0x04,0xFF,0x54,0xFF,0x70,0x00,0x7F,0xF3,0x4F,0xFE,0x30,0x2E,0xFD,0x04,0xFF,0xFF,0xDF,0xFF,
  0x40,0x4F,0xFE,0xFF,0xFD,0x40,0x04,0xFF,0x52,0x42,0x00,0x00,0x4F,0xF5,0x00,0x00,0x00,0x04,0xFF,0x50,
  0x00,0x00,0x00,0x16,0x61,0x00,0x00,0x00,0x00,0x00,0x01,0x33,0x10,0x00,0x01,0x9F,0xFF,0xED,0xFC,0x1C,
  0xFF,0xEE,0xFF,0xFD,0x7F,0xF7,0x00,0x8F,0xFD,0xCF,0xC0,0x00,0x0E,0xFD,0xFF,0x90,0x00,0x0B,0xFD,0xFF,
  0xA0,0x00,0x0C,0xFD,0xDF,0xD0,0x00,0x0E,0xFD,0x8F,0xF7,0x00,0x8F,0xFD,0x1E,0xFF,0xEE,0xFF,0xFD,0x02,
  0xCF,0xFF,0xED,0xFD,0x00,0x02,0x43,0x0B,0xFD,0x00,0x00,0x00,0x0B,0xFD,0x00,0x00,0x00,0x0B,0xFD,0x00,
  0x00,0x00,0x03,0x64,0x00,0x00,0x11,0x3F,0xFD,0xFC,0x4F,0xFF,0xFC,0x4F,0xFD,0x30,0x4F,0xF7,0x00,0x4F,
  0xF5,0x00,0x4F,0xF5,0x00,0x4F,0xF5,0x00,0x4F,0xF5,0x00,0x4F,0xF5,0x00,0x3F,0xF4,0x00,0x00,0x01,0x33,
  0x00,0x00,0x08,0xFF,0xFE,0x60,0x06,0xFF,0xEF,0xFF,0x40,0xBF,0xE0,0x2F,0xF9,0x0A,0xFF,0x82,0x68,0x50,
  0x4F,0xFF,0xFC,0x40,0x00,0x3B,0xFF,0xFF,0x51,0x9A,0x41,0x6F,0xFB,0x0E,0xFC,0x00,0xCF,0xC0,0x8F,0xFE,
  0xEF,0xF8,0x00,0x9F,0xFF,0xF9,0x00,0x00,0x13,0x31,0x00,0x01,0xFF,0x70,0x00,0x1F,0xF8,0x00,0x3D,0xFF,
  0xED,0x14,0xFF,0xFF,0xF1,0x05,0xFF,0x93,0x00,0x1F,0xF8,0x00,0x01,0xFF,0x80,0x00,0x1F,0xF8,0x00,0x01,
  0xFF,0x80,0x00,0x1F,0xF8,0x00,0x01,0xFF,0xED,0x00,0x09,0xFF,0xF0,0x00,0x02,0x42,0x00,0x7F,0xF1,0x00,
  0x3F,0xF4,0x8F,0xF1,0x00,0x4F,0xF5,0x8F,0xF1,0x00,0x4F,0xF5,0x8F,0xF1,0x00,0x4F,0xF5,0x8F,0xF1,0x00,
  0x4F,0xF5,0x8F,0xF2,0x00,0x5F,0xF5,0x7F,0xF2,0x00,0x7F,0xF5,0x6F,0xF7,0x02,0xDF,0xF5,0x1E,0xFF,0xEF,
  0xFF,0xF5,0x04,0xDF,0xFF,0xCF,0xF4,0x00,0x03,0x32,0x00,0x00,0x6F,0xF2,0x00,0x06,0xFF,0x12,0xFF,0x80,
  0x00,0xCF,0xC0,0x0B,0xFD,0x00,0x2F,0xF6,0x00,0x6F,0xF3,0x07,0xFF,0x10,0x01,0xEF,0x80,0xCF,0xA0,0x00,
  0x09,0xFD,0x2F,0xF4,0x00,0x00,0x4F,0xFB,0xFD,0x00,0x00,0x00,0xDF,0xFF,0x80,0x00,0x00,0x07,0xFF,0xF2,
  0x00,0x00,0x00,0x2E,0xFB,0x00,0x00,0x6F,0xF3,0x00,0xBF,0xE1,0x00,0xCF,0xA3,0xFF,0x70,0x1F,0xFF,0x60,
  0x2F,0xF7,0x0D,0xFB,0x04,0xFF,0xF9,0x06,0xFF,0x20,0x8F,0xF1,0x8F,0xFF,0xD0,0xAF,0xC0,0x03,0xFF,0x5C,
  0xFA,0xFF,0x3E,0xF7,0x00,0x0E,0xFA,0xFF,0x3E,0xFA,0xFF,0x30,0x00,0x9F,0xFF,0xE0,0xAF,0xFF,0xD0,0x00,
  0x04,0xFF,0xFA,0x06,0xFF,0xF8,0x00,0x00,0x0E,0xFF,0x60,0x2F,0xFF,0x30,0x00,0x00,0x9F,0xF2,0x00,0xDF,
  0xD0,0x00,0x6F,0xF5,0x00,0x5F,0xF5,0x1D,0xFE,0x11,0xEF,0xC0,0x03,0xFF,0xA9,0xFF,0x30,0x00,0x7F,0xFF,
  0xF6,0x00,0x00,0x0C,0xFF,0xB0,0x00,0x00,0x1D,0xFF,0xC0,0x00,0x00,0x9F,0xFF,0xF8,0x00,0x04,0xFF,0x79,
  0xFF,0x30,0x1E,0xFC,0x01,0xDF,0xD1,0x7F,0xF3,0x00,0x5F,0xF6,0x02,0x20,0x00,0x00,0x22,0x06,0xFF,0x30,
  0x00,0x8F,0xF1,0x2F,0xF8,0x00,0x0D,0xFB,0x00,0xBF,0xD0,0x03,0xFF,0x50,0x05,0xFF,0x40,0x8F,0xE0,0x00,
  0x1E,0xF9,0x0D,0xF9,0x00,0x00,0x9F,0xD3,0xFF,0x30,0x00,0x03,0xFF,0xCF,0xD0,0x00,0x00,0x0D,0xFF,0xF7,
  0x00,0x00,0x00,0x7F,0xFF,0x10,0x00,0x00,0x02,0xFF,0xB0,0x00,0x00,0x00,0x3F,0xF5,0x00,0x00,0x04,0xAE,
  0xFC,0x00,0x00,0x00,0x8F,0xFE,0x30,0x00,0x00,0x03,0x76,0x10,0x00,0x00,0x00,0x09,0xDD,0xDD,0xDD,0x90,
  0xBF,0xFF,0xFF,0xFB,0x02,0x44,0x4C,0xFF,0x50,0x00,0x07,0xFF,0x80,0x00,0x04,0xFF,0xB0,0x00,0x02,0xEF,
  0xD1,0x00,0x01,0xCF,0xF3,0x00,0x00,0xAF,0xF8,0x22,0x21,0x3F,0xFF,0xFF,0xFF,0xB3,0xFF,0xFF,0xFF,0xFA,
  0x00,0x26,0x70,0x3E,0xFF,0x07,0xFC,0x70,0x7F,0x90,0x04,0xFB,0x00,0x2F,0xD0,0x00,0xFF,0x04,0xBF,0xC0,
  0x8F,0xF7,0x02,0x8F,0xE0,0x00,0xFF,0x00,0x2F,0xD0,0x05,0xFA,0x00,0x7F,0x80,0x06,0xFE,0xA0,0x1D,0xFF,
  0x00,0x03,0x30,0x57,0x1B,0xF4,0xBF,0x4B,0xF4,0xBF,0x4B,0xF4,0xBF,0x4B,0xF4,0xBF,0x4B,0xF4,0xBF,0x4B,
  0xF4,0xBF,0x4B,0xF4,0xBF,0x4B,0xF4,0xBF,0x4B,0xF4,0x57,0x10,0x67,0x30,0x0D,0xFF,0x50,0x6A,0xFB,0x00,
  0x5F,0xA0,0x07,0xF8,0x00,0xAF,0x50,0x0B,0xF4,0x00,0x9F,0xD5,0x03,0xFF,0x90,0xAF,0xA2,0x0B,0xF4,0x00,
  0x9F,0x60,0x07,0xF9,0x00,0x4F,0xB0,0x9D,0xFA,0x0D,0xFE,0x30,0x33,0x00,0x00,0x00,0x11,0x00,0x01,0x10,
  0x7F,0xFC,0x40,0xFF,0x1F,0xFF,0xFF,0xEF,0xD3,0xFC,0x28,0xEF,0xF5,0x04,0x20,0x01,0x32,0x00,0x03,0x10,
  0xBF,0xD1,0xFF,0xF3,0x7F,0xB0,0x4E,0xD4,0xDE,0x5B,0xF7,0xBF,0xFE,0xFF,0xEF,0xFF,0x7F,0xF7,0xFF,0x8E,
  0xFB,0x03,0x20,0x23,0x01,0x30,0x2C,0xFC,0x2C,0xFF,0xFC,0xFF,0x3F,0xFC,0xFF,0xFC,0x2C,0xFC,0x20,
};
static const FontGlyph kFontMBGlyphs[] = {
  {    0,  0,  0,  -1,    1,  4},  // 0x20 ' '
  {    0,  4, 14,   0,  -12,  5},  // 0x21 '!'
  {   28,  5,  6,   1,  -14,  6},  // 0x22 '"'
  {   43, 10, 13,   0,  -12, 10},  // 0x23 '#'
  {  108, 10, 17,   0,  -14, 10},  // 0x24 '$'
  {  193, 13, 14,   0,  -12, 13},  // 0x25 '%'
  {  284, 11, 14,   0,  -12, 12},  // 0x26 '&'
  {  361,  3,  6,   0,  -14,  3},  // 0x27 "'"
  {  370,  5, 17,   1,  -14,  6},  // 0x28 '('
  {  413,  4, 17,   0,  -14,  6},  // 0x29 ')'
  {  447,  9,  8,   0,   -8, 10},  // 0x2A '*'
  {  483,  9, 10,   0,  -10, 10},  // 0x2B '+'
  {  528,  4,  5,  -1,   -2,  4},  // 0x2C ','
  {  538,  5,  3,   0,   -6,  5},  // 0x2D '-'
  {  546,  4,  4,   0,   -2,  4},  // 0x2E '.'
  {  554,  7, 15,  -1,  -14,  6},  // 0x2F '/'
  {  607, 10, 14,   0,  -12, 10},  // 0x30 '0'
  {  677,  7, 13,   1,  -12, 10},  // 0x31 '1'
  {  723, 10, 13,   0,  -12, 10},  // 0x32 '2'
  {  788, 10, 14,   0,  -12, 10},  // 0x33 '3'
  {  858, 10, 13,   0,  -12, 10},  // 0x34 '4'
  {  923, 10, 14,   0,  -12, 10},  // 0x35 '5'
  {  993, 10, 14,   0,  -12, 10},  // 0x36 '6'
  { 1063, 10, 13,   0,  -12, 10},  // 0x37 '7'
  { 1128, 10, 14,   0,  -12, 10},  // 0x38 '8'
  { 1198, 10, 14,   0,  -12, 10},  // 0x39 '9'
  { 1268,  4, 12,   0,  -10,  4},  // 0x3A ':'
  { 1292,  5, 13,  -1,  -10,  4},  // 0x3B ';'
  { 1325,  9, 10,   1,  -10, 10},  // 0x3C '<'
  { 1370,  9,  6,   0,   -8, 10},  // 0x3D '='
  { 1397,  9, 10,   0,  -10, 10},  // 0x3E '>'
  { 1442,  9, 14,   0,  -12,  9},  // 0x3F '?'
  { 1505, 14, 15,   0,  -12, 15},  // 0x40 '@'
  { 1610, 12, 13,   0,  -12, 11},  // 0x41 'A'
  { 1688, 10, 13,   1,  -12, 11},  // 0x42 'B'
  { 1753, 12, 14,   0,  -12, 12},  // 0x43 'C'
  { 1837, 11, 13,   1,  -12, 13},  // 0x44 'D'
  { 1909,  9, 13,   1,  -12, 10},  // 0x45 'E'
  { 1968,  9, 13,   1,  -12, 10},  // 0x46 'F'
  { 2027, 12, 14,   0,  -12, 12},  // 0x47 'G'
  { 2111, 11, 13,   1,  -12, 13},  // 0x48 'H'
  { 2183,  3, 13,   1,  -12,  5},  // 0x49 'I'
  { 2203,  9, 14,   0,  -12, 10},  // 0x4A 'J'
  { 2266, 11, 13,   1,  -12, 11},  // 0x4B 'K'
  { 2338,  9, 13,   1,  -12, 10},  // 0x4C 'L'
  { 2397, 13, 13,   1,  -12, 15},  // 0x4D 'M'
  { 2482, 11, 13,   1,  -12, 13},  // 0x4E 'N'
  { 2554, 13, 14,   0,  -12, 13},  // 0x4F 'O'
  { 2645, 10, 13,   1,  -12, 11},  // 0x50 'P'
  { 2710, 13, 14,   0,  -12, 13},  // 0x51 'Q'
  { 2801, 10, 13,   1,  -12, 11},  // 0x52 'R'
  { 2866, 10, 14,   0,  -12, 10},  // 0x53 'S'
  { 2936, 11, 13,   0,  -12, 11},  // 0x54 'T'
  { 3008, 10, 14,   1,  -12, 12},  // 0x55 'U'
  { 3078, 12, 13,   0,  -12, 11},  // 0x56 'V'
  { 3156, 17, 13,   0,  -12, 17},  // 0x57 'W'
  { 3267, 11, 13,   0,  -12, 11},  // 0x58 'X'
  { 3339, 12, 13,  -1,  -12, 10},  // 0x59 'Y'
  { 3417, 11, 13,   0,  -12, 11},  // 0x5A 'Z'
  { 3489,  4, 17,   1,  -14,  6},  // 0x5B '['
  { 3523,  7, 15,  -1,  -14,  6},  // 0x5C '//'
  { 3576,  4, 17,   0,  -14,  6},  // 0x5D ']'
  { 3610,  9,  9,   0,  -12, 10},  // 0x5E '^'
  { 3651,  8,  3,   0,    0,  9},  // 0x5F '_'
  { 3663,  4,  4,   0,  -12,  6},  // 0x60 '`'
  { 3671,  9, 12,   0,  -10, 10},  // 0x61 'a'
  { 3725, 11, 15,   0,  -14, 11},  // 0x62 'b'
  { 3808,  9, 12,   0,  -10, 10},  // 0x63 'c'
  { 3862, 10, 15,   0,  -14, 11},  // 0x64 'd'
  { 3937, 10, 12,   0,  -10, 10},  // 0x65 'e'
  { 3997,  7, 15,  -1,  -14,  6},  // 0x66 'f'
  { 4050, 10, 15,   0,  -10, 11},  // 0x67 'g'
  { 4125, 10, 15,   0,  -14, 11},  // 0x68 'h'
  { 4200,  4, 13,   0,  -12,  4},  // 0x69 'i'
  { 4226,  5, 17,  -1,  -12,  4},  // 0x6A 'j'
  { 4269, 10, 14,   0,  -14, 10},  // 0x6B 'k'
  { 4339,  5, 14,   0,  -14,  5},  // 0x6C 'l'
  { 4374, 14, 11,   0,  -10, 15},  // 0x6D 'm'
  { 4451, 10, 11,   0,  -10, 11},  // 0x6E 'n'
  { 4506, 10, 12,   0,  -10, 10},  // 0x6F 'o'
  { 4566, 11, 15,   0,  -10, 11},  // 0x70 'p'
  { 4649, 10, 15,   0,  -10, 11},  // 0x71 'q'
  { 4724,  6, 11,   0,  -10,  6},  // 0x72 'r'
  { 4757,  9, 12,  -1,  -10,  8},  // 0x73 's'
  { 4811,  7, 13,  -1,  -12,  6},  // 0x74 't'
  { 4857, 10, 11,   0,  -10, 11},  // 0x75 'u'
  { 4912, 11, 10,  -1,  -10,  9},  // 0x76 'v'
  { 4967, 15, 10,  -1,  -10, 14},  // 0x77 'w'
  { 5042, 10, 10,  -1,  -10,  9},  // 0x78 'x'
  { 5092, 11, 15,  -1,  -10,  9},  // 0x79 'y'
  { 5175,  9, 10,  -1,  -10,  8},  // 0x7A 'z'
  { 5220,  5, 17,   0,  -14,  6},  // 0x7B '{'
  { 5263,  3, 19,   1,  -14,  5},  // 0x7C '|'
  { 5292,  5, 17,   0,  -14,  6},  // 0x7D '}'
  { 5335,  9,  5,   0,   -8, 10},  // 0x7E '~'
  { 5358,  4,  4,   0,   -8,  4},  // 0x7F '·'
  { 5366, 10,  4,   0,   -2, 11},  // 0x80 '…'
  { 5386,  5,  5,   0,  -12,  6},  // 0x81 '°'
};
const Font kFontMB = { kFontMBBits, kFontMBGlyphs, 0x20, 0x81, 23, 17, 11 };

// kFontL: 22 px semi-bold, line 31 px, cap height 15 px
static const uint8_t kFontLBits[] = {
  0x02,0x44,0x00,0xCF,0xF4,0x0C,0xFF,0x40,0xCF,0xF4,0x0C,0xFF,0x40,0xCF,0xF4,0x0C,0xFF,0x40,0xCF,0xF4,
  0x0C,0xFF,0x40,0xCF,0xF4,0x0C,0xFF,0x40,0xCF,0xF4,0x0B,0xFF,0x30,0x27,0x40,0x1E,0xFF,0x43,0xFF,0xF7,
  0x0C,0xFE,0x20,0x03,0x10,0x14,0x41,0x44,0x07,0xFF,0xBF,0xF4,0x8F,0xFB,0xFF,0x48,0xFF,0xBF,0xF4,0x8F,
  0xFB,0xFF,0x48,0xFF,0xBF,0xF4,0x7F,0xFB,0xFF,0x41,0x44,0x14,0x40,0x00,0x00,0x12,0x00,0x21,0x00,0x00,
  0x0C,0xF6,0x8F,0xA0,0x00,0x01,0xFF,0x4C,0xF7,0x00,0x00,0x3F,0xF1,0xFF,0x40,0x00,0x07,0xFD,0x3F,0xF1,
  0x00,0x44,0xBF,0xB8,0xFE,0x42,0x4F,0xFF,0xFF,0xFF,0xFF,0xB3,0xFF,0xFF,0xFF,0xFF,0xFA,0x00,0x4F,0xF1,
  0xFF,0x40,0x00,0x07,0xFC,0x4F,0xF1,0x00,0xEF,0xFF,0xFF,0xFF,0xFE,0x0F,0xFF,0xFF,0xFF,0xFF,0xF0,0x35,
  0xFF,0x5E,0xF8,0x43,0x00,0x5F,0xE1,0xFF,0x30,0x00,0x08,0xFB,0x5F,0xE0,0x00,0x00,0xBF,0x88,0xFC,0x00,
  0x00,0x0E,0xF5,0xAF,0x80,0x00,0x00,0x12,0x01,0x20,0x00,0x00,0x00,0x00,0x01,0x42,0x00,0x00,0x00,0x00,
  0x00,0x7F,0xB0,0x00,0x00,0x00,0x00,0x3B,0xFD,0x50,0x00,0x00,0x02,0xBF,0xFF,0xFF,0xD2,0x00,0x01,0xDF,
  0xFF,0xFF,0xFF,0xD1,0x00,0x7F,0xFC,0x9F,0xCC,0xFF,0x70,0x0A,0xFF,0x68,0xFB,0x5F,0xFC,0x00,0xBF,0xF6,
  0x8F,0xB1,0xBB,0x90,0x09,0xFF,0xDA,0xFB,0x00,0x00,0x00,0x3F,0xFF,0xFF,0xD5,0x00,0x00,0x00,0x6F,0xFF,
  0xFF,0xFC,0x30,0x00,0x00,0x29,0xEF,0xFF,0xFE,0x20,0x00,0x00,0x08,0xFE,0xFF,0xFA,0x00,0x22,0x10,0x8F,
  0xB5,0xFF,0xE0,0x3F,0xFC,0x08,0xFB,0x0F,0xFF,0x12,0xFF,0xF2,0x8F,0xB2,0xFF,0xE0,0x0C,0xFF,0xDB,0xFD,
  0xCF,0xF9,0x00,0x3E,0xFF,0xFF,0xFF,0xFD,0x10,0x00,0x3B,0xFF,0xFF,0xFA,0x10,0x00,0x00,0x01,0x9F,0xC1,
  0x00,0x00,0x00,0x00,0x07,0xFA,0x00,0x00,0x00,0x00,0x26,0x75,0x00,0x00,0x00,0x44,0x20,0x06,0xFF,0xFF,
  0xC1,0x00,0x08,0xFF,0x90,0x2F,0xFF,0xFF,0xF9,0x00,0x3F,0xFE,0x10,0x6F,0xF7,0x1E,0xFD,0x00,0xCF,0xF5,
  0x00,0x7F,0xF4,0x0B,0xFF,0x07,0xFF,0xA0,0x00,0x6F,0xF7,0x1E,0xFD,0x3F,0xFE,0x20,0x00,0x2F,0xFF,0xFF,
  0xF9,0xCF,0xF6,0x00,0x00,0x06,0xFF,0xFF,0xC8,0xFF,0xB0,0x00,0x00,0x00,0x26,0x75,0x2E,0xFE,0x20,0x00,
  0x00,0x00,0x00,0x00,0xBF,0xF6,0x5A,0xB8,0x20,0x00,0x00,0x06,0xFF,0xB9,0xFF,0xFF,0xE2,0x00,0x00,0x2E,
  0xFE,0x5F,0xFE,0xCF,0xFA,0x00,0x00,0xBF,0xF7,0x6F,0xF6,0x0D,0xFE,0x00,0x06,0xFF,0xC0,0x7F,0xF4,0x0C,
  0xFF,0x00,0x2E,0xFF,0x20,0x5F,0xFA,0x5F,0xFD,0x00,0xBF,0xF7,0x00,0x1D,0xFF,0xFF,0xF7,0x02,0xDE,0xB0,
  0x00,0x03,0xDF,0xFF,0x80,0x00,0x00,0x00,0x00,0x00,0x03,0x41,0x00,0x00,0x00,0x47,0x77,0x62,0x00,0x00,
  0x00,0x4D,0xFF,0xFF,0xF9,0x00,0x00,0x05,0xFF,0xFF,0xFF,0xF9,0x00,0x00,0x0E,0xFF,0x91,0x00,0x21,0x00,
  0x00,0x4F,0xFD,0x00,0x00,0x00,0x00,0x00,0x4F,0xFC,0x00,0x00,0xAE,0xE3,0x00,0x2F,0xFE,0x10,0x00,0xBF,
  0xF4,0x00,0x0A,0xFF,0xD8,0x88,0xDF,0xF9,0x71,0x01,0xCF,0xFF,0xFF,0xFF,0xFF,0xF4,0x09,0xFF,0xFF,0xFE,
  0xFF,0xFF,0xE3,0x6F,0xFE,0x61,0x00,0xBF,0xF4,0x00,0xDF,0xF4,0x00,0x00,0xBF,0xF4,0x00,0xFF,0xF1,0x00,
  0x00,0xBF,0xF4,0x00,0xEF,0xF4,0x00,0x00,0xBF,0xF4,0x00,0xAF,0xFE,0x74,0x34,0xCF,0xF4,0x00,0x2E,0xFF,
  0xFF,0xFF,0xFF,0xF4,0x00,0x02,0x9E,0xFF,0xFF,0xFF,0xD2,0x00,0x00,0x00,0x23,0x43,0x21,0x00,0x00,0x14,
  0x40,0x7F,0xF4,0x8F,0xF4,0x8F,0xF4,0x8F,0xF4,0x8F,0xF4,0x7F,0xF4,0x14,0x40,0x00,0x02,0x41,0x00,0x1D,
  0xF7,0x00,0x7F,0xE1,0x00,0xDF,0x70,0x04,0xFF,0x20,0x08,0xFB,0x00,0x0C,0xF7,0x00,0x0F,0xF4,0x00,0x2F,
  0xF2,0x00,0x3F,0xF1,0x00,0x4F,0xF0,0x00,0x3F,0xF0,0x00,0x3F,0xF1,0x00,0x1F,0xF3,0x00,0x0D,0xF6,0x00,
  0x0A,0xF9,0x00,0x06,0xFE,0x00,0x01,0xFF,0x40,0x00,0xAF,0xB0,0x00,0x3F,0xF4,0x00,0x08,0xB5,0x24,0x10,
  0x0B,0xFA,0x00,0x3F,0xF3,0x00,0xBF,0xA0,0x05,0xFE,0x10,0x1F,0xF4,0x00,0xBF,0x80,0x08,0xFB,0x00,0x6F,
  0xD0,0x05,0xFE,0x00,0x4F,0xF0,0x04,0xFF,0x00,0x5F,0xE0,0x07,0xFC,0x00,0xAF,0xA0,0x0D,0xF6,0x03,0xFF,
  0x20,0x8F,0xC0,0x1E,0xF6,0x07,0xFE,0x10,0x8B,0x50,0x00,0x00,0x00,0x77,0x10,0x00,0x00,0x00,0xFF,0x40,
  0x00,0x00,0x00,0xFF,0x40,0x00,0x4C,0x61,0xFF,0x45,0xB7,0x9F,0xFE,0xFF,0xEF,0xFD,0x49,0xDF,0xFF,0xFE,
  0xA6,0x00,0x1D,0xFF,0xF3,0x00,0x00,0xBF,0xDB,0xFD,0x20,0x08,0xFF,0x41,0xEF,0xB0,0x04,0xE9,0x00,0x5F,
  0x60,0x00,0x10,0x00,0x01,0x00,0x00,0x00,0x24,0x10,0x00,0x00,0x00,0x0B,0xF7,0x00,0x00,0x00,0x00,0xBF,
  0x80,0x00,0x00,0x00,0x0B,0xF8,0x00,0x00,0x00,0x00,0xBF,0x80,0x00,0x08,0xBB,0xBE,0xFD,0xBB,0xB5,0xBF,
  0xFF,0xFF,0xFF,0xFF,0x85,0x88,0x8D,0xFB,0x88,0x83,0x00,0x00,0xBF,0x80,0x00,0x00,0x00,0x0B,0xF8,0x00,
  0x00,0x00,0x00,0xBF,0x80,0x00,0x00,0x00,0x0A,0xF7,0x00,0x00,0x00,0x8F,0xF6,0x00,0xEF,0xF3,0x04,0xFF,
  0xC0,0x0A,0xFF,0x50,0x1E,0xFD,0x00,0x2B,0xB5,0x00,0xAF,0xFF,0xFA,0xBF,0xFF,0xFB,0x24,0x44,0x42,0x06,
  0x71,0x8F,0xFB,0xBF,0xFF,0x5F,0xF9,0x02,0x30,0x00,0x00,0x01,0xBB,0x20,0x00,0x00,0x6F,0xF1,0x00,0x00,
  0x0B,0xFB,0x00,0x00,0x01,0xFF,0x60,0x00,0x00,0x6F,0xF1,0x00,0x00,0x0B,0xFB,0x00,0x00,0x01,0xFF,0x60,
  0x00,0x00,0x6F,0xF1,0x00,0x00,0x0B,0xFB,0x00,0x00,0x01,0xFF,0x60,0x00,0x00,0x6F,0xF1,0x00,0x00,0x0B,
  0xFB,0x00,0x00,0x01,0xFF,0x60,0x00,0x00,0x6F,0xF1,0x00,0x00,0x0B,0xFB,0x00,0x00,0x01,0xFF,0x50,0x00,
  0x00,0x6F,0xF1,0x00,0x00,0x06,0xB8,0x00,0x00,0x00,0x00,0x00,0x36,0x76,0x30,0x00,0x00,0x01,0xBF,0xFF,
  0xFF,0xB1,0x00,0x01,0xDF,0xFF,0xFF,0xFF,0xD1,0x00,0x8F,0xFD,0x30,0x3D,0xFF,0x80,0x0E,0xFF,0x40,0x00,
  0x4F,0xFD,0x03,0xFF,0xE0,0x00,0x00,0xEF,0xF3,0x5F,0xFB,0x00,0x00,0x0B,0xFF,0x57,0xFF,0x90,0x00,0x00,
  0x9F,0xF7,0x7F,0xF9,0x00,0x00,0x09,0xFF,0x77,0xFF,0x90,0x00,0x00,0x9F,0xF7,0x6F,0xFA,0x00,0x00,0x0A,
  0xFF,0x65,0xFF,0xB0,0x00,0x00,0xBF,0xF5,0x2F,0xFE,0x10,0x00,0x1E,0xFF,0x20,0xCF,0xF6,0x00,0x06,0xFF,
  0xC0,0x06,0xFF,0xE7,0x37,0xEF,0xF6,0x00,0x0A,0xFF,0xFF,0xFF,0xFA,0x00,0x00,0x07,0xEF,0xFF,0xE7,0x00,
  0x00,0x00,0x00,0x34,0x30,0x00,0x00,0x00,0x00,0x13,0x41,0x00,0x07,0xEF,0xF7,0x04,0xCF,0xFF,0xF8,0x7F,
  0xFF,0xFF,0xF8,0x9F,0xFB,0xAF,0xF8,0x9E,0x50,0x8F,0xF8,0x21,0x00,0x8F,0xF8,0x00,0x00,0x8F,0xF8,0x00,
  0x00,0x8F,0xF8,0x00,0x00,0x8F,0xF8,0x00,0x00,0x8F,0xF8,0x00,0x00,0x8F,0xF8,0x00,0x00,0x8F,0xF8,0x00,
  0x00,0x8F,0xF8,0x00,0x00,0x8F,0xF8,0x00,0x00,0x8F,0xF8,0x00,0x00,0x7F,0xF7,0x00,0x00,0x26,0x77,0x51,
  0x00,0x00,0x09,0xFF,0xFF,0xFE,0x40,0x00,0xAF,0xFF,0xFF,0xFF,0xF3,0x04,0xFF,0xE3,0x02,0xCF,0xFA,0x09,
  0xFF,0x60,0x00,0x3F,0xFE,0x0C,0xFF,0x20,0x00,0x1F,0xFF,0x06,0x88,0x00,0x00,0x5F,0xFD,0x00,0x00,0x00,
  0x01,0xDF,0xF7,0x00,0x00,0x00,0x0A,0xFF,0xD1,0x00,0x00,0x00,0x9F,0xFE,0x30,0x00,0x00,0x09,0xFF,0xF4,
  0x00,0x00,0x00,0x8F,0xFF,0x40,0x00,0x00,0x08,0xFF,0xF4,0x00,0x00,0x00,0x8F,0xFF,0x40,0x00,0x00,0x07,
  0xFF,0xFB,0x77,0x77,0x76,0x3F,0xFF,0xFF,0xFF,0xFF,0xFF,0x3F,0xFF,0xFF,0xFF,0xFF,0xFE,0x00,0x00,0x26,
  0x77,0x40,0x00,0x00,0x01,0xAF,0xFF,0xFF,0xD4,0x00,0x00,0xCF,0xFF,0xFF,0xFF,0xE2,0x00,0x6F,0xFC,0x30,
  0x2C,0xFF,0x90,0x0B,0xFF,0x30,0x00,0x5F,0xFC,0x00,0xEF,0xE0,0x00,0x05,0xFF,0xB0,0x01,0x21,0x00,0x00,
  0xBF,0xF7,0x00,0x00,0x00,0x68,0xDF,0xFC,0x10,0x00,0x00,0x0D,0xFF,0xFF,0x50,0x00,0x00,0x00,0xCF,0xFF,
  0xFF,0x40,0x00,0x00,0x00,0x02,0xAF,0xFD,0x04,0x99,0x20,0x00,0x00,0xEF,0xF3,0x7F,0xF7,0x00,0x00,0x0D,
  0xFF,0x34,0xFF,0xC0,0x00,0x02,0xFF,0xF1,0x0D,0xFF,0xB5,0x36,0xDF,0xFA,0x00,0x4F,0xFF,0xFF,0xFF,0xFC,
  0x10,0x00,0x3B,0xFF,0xFF,0xE7,0x10,0x00,0x00,0x01,0x34,0x20,0x00,0x00,0x00,0x00,0x00,0x00,0x44,0x20,
  0x00,0x00,0x00,0x00,0x8F,0xFB,0x00,0x00,0x00,0x00,0x4F,0xFF,0xB0,0x00,0x00,0x00,0x1D,0xFF,0xFB,0x00,
  0x00,0x00,0x0A,0xFF,0xFF,0xB0,0x00,0x00,0x06,0xFF,0xEF,0xFB,0x00,0x00,0x02,0xEF,0xF6,0xFF,0xB0,0x00,
  0x00,0xCF,0xF6,0x4F,0xFB,0x00,0x00,0x7F,0xFB,0x04,0xFF,0xB0,0x00,0x3F,0xFE,0x10,0x4F,0xFB,0x00,0x1D,
  0xFF,0x83,0x36,0xFF,0xC3,0x19,0xFF,0xFF,0xFF,0xFF,0xFF,0xF7,0xBF,0xFF,0xFF,0xFF,0xFF,0xFF,0x72,0x44,
  0x44,0x44,0x7F,0xFC,0x41,0x00,0x00,0x00,0x04,0xFF,0xB0,0x00,0x00,0x00,0x00,0x4F,0xFB,0x00,0x00,0x00,
  0x00,0x03,0xFF,0xA0,0x00,0x00,0x34,0x44,0x44,0x44,0x42,0x00,0x0E,0xFF,0xFF,0xFF,0xFF,0xA0,0x01,0xFF,
  0xFF,0xFF,0xFF,0xFA,0x00,0x3F,0xF9,0x33,0x33,0x33,0x10,0x04,0xFF,0x60,0x00,0x00,0x00,0x00,0x6F,0xF4,
  0x00,0x00,0x00,0x00,0x08,0xFF,0x9D,0xFE,0xC6,0x00,0x00,0xAF,0xFF,0xFF,0xFF,0xFB,0x10,0x0C,0xFF,0xFA,
  0x7A,0xFF,0xF8,0x00,0xDF,0xF5,0x00,0x05,0xFF,0xE1,0x08,0x97,0x00,0x00,0x0E,0xFF,0x40,0x44,0x20,0x00,
  0x00,0xCF,0xF5,0x2F,0xFC,0x00,0x00,0x0D,0xFF,0x40,0xFF,0xF2,0x00,0x03,0xFF,0xE1,0x0A,0xFF,0xD5,0x36,
  0xEF,0xF8,0x00,0x2E,0xFF,0xFF,0xFF,0xFB,0x00,0x00,0x2A,0xFF,0xFF,0xE7,0x00,0x00,0x00,0x01,0x34,0x20,
  0x00,0x00,0x00,0x00,0x15,0x77,0x40,0x00,0x00,0x00,0x6E,0xFF,0xFF,0xD4,0x00,0x00,0x7F,0xFF,0xFF,0xFF,
  0xE3,0x00,0x3F,0xFD,0x30,0x2B,0xFF,0xA0,0x0A,0xFF,0x40,0x00,0x2F,0xFF,0x01,0xFF,0xD0,0x24,0x31,0xAC,
  0xC1,0x4F,0xFC,0xBF,0xFF,0xE9,0x10,0x06,0xFF,0xFF,0xFF,0xFF,0xFD,0x10,0x7F,0xFF,0xD5,0x36,0xEF,0xF9,
  0x07,0xFF,0xE2,0x00,0x05,0xFF,0xE0,0x7F,0xFA,0x00,0x00,0x0E,0xFF,0x36,0xFF,0x90,0x00,0x00,0xDF,0xF4,
  0x3F,0xFA,0x00,0x00,0x0E,0xFF,0x20,0xEF,0xF2,0x00,0x05,0xFF,0xD0,0x08,0xFF,0xD5,0x47,0xEF,0xF6,0x00,
  0x1C,0xFF,0xFF,0xFF,0xFA,0x00,0x00,0x19,0xEF,0xFF,0xD6,0x00,0x00,0x00,0x00,0x34,0x20,0x00,0x00,0x13,
  0x33,0x33,0x33,0x33,0x33,0x07,0xFF,0xFF,0xFF,0xFF,0xFF,0xF4,0x7F,0xFF,0xFF,0xFF,0xFF,0xFF,0x21,0x44,
  0x44,0x44,0x4B,0xFF,0x90,0x00,0x00,0x00,0x02,0xEF,0xE1,0x00,0x00,0x00,0x00,0x9F,0xF8,0x00,0x00,0x00,
  0x00,0x2F,0xFE,0x10,0x00,0x00,0x00,0x0A,0xFF,0x70,0x00,0x00,0x00,0x03,0xFF,0xD1,0x00,0x00,0x00,0x00,
  0xBF,0xF6,0x00,0x00,0x00,0x00,0x4F,0xFD,0x00,0x00,0x00,0x00,0x0C,0xFF,0x50,0x00,0x00,0x00,0x05,0xFF,
  0xC0,0x00,0x00,0x00,0x00,0xDF,0xF4,0x00,0x00,0x00,0x00,0x6F,0xFB,0x00,0x00,0x00,0x00,0x1E,0xFF,0x30,
  0x00,0x00,0x00,0x03,0xDD,0x90,0x00,0x00,0x00,0x00,0x00,0x00,0x36,0x77,0x40,0x00,0x00,0x02,0xCF,0xFF,
  0xFF,0xD4,0x00,0x02,0xEF,0xFF,0xFF,0xFF,0xF3,0x00,0x8F,0xFD,0x30,0x2B,0xFF,0xB0,0x0C,0xFF,0x50,0x00,
  0x3F,0xFE,0x00,0xCF,0xF4,0x00,0x02,0xFF,0xE0,0x08,0xFF,0xA0,0x00,0x8F,0xFB,0x00,0x1D,0xFF,0xDB,0xDF,
  0xFE,0x30,0x00,0x7F,0xFF,0xFF,0xFF,0x80,0x00,0x7F,0xFF,0xDC,0xDF,0xFF,0x50,0x2F,0xFF,0x50,0x00,0x7F,
  0xFE,0x16,0xFF,0xA0,0x00,0x00,0xDF,0xF4,0x7F,0xF9,0x00,0x00,0x0C,0xFF,0x45,0xFF,0xD0,0x00,0x01,0xEF,
  0xF2,0x1E,0xFF,0xB5,0x35,0xCF,0xFC,0x00,0x5F,0xFF,0xFF,0xFF,0xFE,0x30,0x00,0x3B,0xFF,0xFF,0xE9,0x20,
  0x00,0x00,0x01,0x34,0x30,0x00,0x00,0x00,0x00,0x37,0x76,0x20,0x00,0x00,0x03,0xCF,0xFF,0xFF,0xA1,0x00,
  0x03,0xEF,0xFF,0xFF,0xFF,0xC0,0x00,0xCF,0xFB,0x20,0x3D,0xFF,0x60,0x4F,0xFE,0x10,0x00,0x3F,0xFC,0x07,
  0xFF,0x90,0x00,0x00,0xDF,0xF1,0x7F,0xF9,0x00,0x00,0x0D,0xFF,0x26,0xFF,0xB0,0x00,0x01,0xFF,0xF4,0x2F,
  0xFF,0x40,0x00,0x8F,0xFF,0x40,0xAF,0xFF,0x98,0xBF,0xFF,0xF3,0x01,0xCF,0xFF,0xFF,0xFF,0xFF,0x20,0x12,
  0x7C,0xEE,0xB5,0xFF,0xE0,0x5F,0xFA,0x00,0x00,0x3F,0xFA,0x03,0xFF,0xE1,0x00,0x0A,0xFF,0x50,0x0C,0xFF,
  0xB4,0x49,0xFF,0xB0,0x00,0x3E,0xFF,0xFF,0xFF,0xD1,0x00,0x00,0x3B,0xFF,0xFF,0x91,0x00,0x00,0x00,0x01,
  0x33,0x10,0x00,0x00,0x3D,0xE6,0xAF,0xFE,0x9F,0xFD,0x19,0xA3,0x00,0x00,0x00,0x00,0x00,0x00,0x00,0x00,
  0x00,0x00,0x06,0x71,0x8F,0xFB,0xBF,0xFF,0x5F,0xF9,0x02,0x30,0x00,0x19,0xA3,0x00,0x9F,0xFD,0x00,0xAF,
  0xFE,0x00,0x3D,0xE6,0x00,0x00,0x00,0x00,0x00,0x00,0x00,0x00,0x00,0x00,0x00,0x00,0x00,0x00,0x00,0x00,
  0x14,0x41,0x00,0xAF,0xF7,0x01,0xEF,0xF2,0x05,0xFF,0xB0,0x0A,0xFF,0x50,0x1E,0xFD,0x00,0x2B,0xB6,0x00,
  0x00,0x00,0x00,0x00,0x4C,0x90,0x00,0x00,0x04,0xCF,0xF9,0x00,0x00,0x4C,0xFF,0xFC,0x40,0x04,0xCF,0xFF,
  0xC5,0x00,0x1C,0xFF,0xFB,0x40,0x00,0x04,0xFF,0xE5,0x00,0x00,0x00,0x3F,0xFF,0xE7,0x10,0x00,0x00,0x29,
  0xFF,0xFE,0x81,0x00,0x00,0x02,0x9F,0xFF,0xE8,0x10,0x00,0x00,0x29,0xFF,0xF9,0x00,0x00,0x00,0x02,0x9F,
  0x90,0x00,0x00,0x00,0x00,0x22,0xAF,0xFF,0xFF,0xFF,0xFF,0x7B,0xFF,0xFF,0xFF,0xFF,0xF7,0x24,0x44,0x44,
  0x44,0x44,0x10,0x00,0x00,0x00,0x00,0x00,0x58,0x88,0x88,0x88,0x88,0x3B,0xFF,0xFF,0xFF,0xFF,0xF8,0x8B,
  0xBB,0xBB,0xBB,0xBB,0x50,0xE9,0x20,0x00,0x00,0x00,0xFF,0xF9,0x20,0x00,0x00,0x8E,0xFF,0xF9,0x20,0x00,
  0x01,0x8E,0xFF,0xF9,0x20,0x00,0x01,0x8E,0xFF,0xF8,0x00,0x00,0x01,0x9F,0xFD,0x00,0x00,0x2A,0xFF,0xFC,
  0x00,0x3A,0xFF,0xFD,0x60,0x3B,0xFF,0xFD,0x60,0x00,0xFF,0xFD,0x60,0x00,0x00,0xFD,0x60,0x00,0x00,0x00,
  0x40,0x00,0x00,0x00,0x00,0x00,0x02,0x67,0x74,0x00,0x00,0x1A,0xFF,0xFF,0xFC,0x30,0x0B,0xFF,0xFF,0xFF,
  0xFE,0x15,0xFF,0xE4,0x02,0xCF,0xF7,0xAF,0xF7,0x00,0x06,0xFF,0xBB,0xFF,0x50,0x00,0x6F,0xFB,0x11,0x10,
  0x00,0x0A,0xFF,0x80,0x00,0x00,0x04,0xFF,0xF2,0x00,0x00,0x02,0xEF,0xF7,0x00,0x00,0x00,0xCF,0xFA,0x00,
  0x00,0x00,0x7F,0xFB,0x00,0x00,0x00,0x0D,0xFF,0x10,0x00,0x00,0x00,0xFF,0xC0,0x00,0x00,0x00,0x04,0x83,
  0x00,0x00,0x00,0x04,0xFF,0xE1,0x00,0x00,0x00,0x7F,0xFF,0x30,0x00,0x00,0x02,0xEF,0xC0,0x00,0x00,0x00,
  0x01,0x30,0x00,0x00,0x00,0x00,0x00,0x04,0x8A,0xBA,0x73,0x00,0x00,0x00,0x00,0x06,0xDF,0xFF,0xFF,0xFF,
  0xA1,0x00,0x00,0x01,0xBF,0xFF,0xB8,0x89,0xDF,0xFD,0x10,0x00,0x1C,0xFF,0x92,0x00,0x00,0x06,0xFF,0xB0,
  0x00,0x9F,0xF5,0x02,0x8A,0xA5,0x45,0x7F,0xF4,0x03,0xFF,0x60,0x6F,0xFF,0xFF,0xFF,0x9B,0xFA,0x09,0xFC,
  0x04,0xFF,0xFC,0xEF,0xFF,0x56,0xFD,0x0E,0xF6,0x0D,0xFF,0x70,0x3F,0xFF,0x24,0xFF,0x2F,0xF2,0x3F,0xFD,
  0x00,0x3F,0xFD,0x04,0xFF,0x3F,0xF0,0x7F,0xFA,0x00,0x6F,0xF9,0x06,0xFE,0x4F,0xF0,0x7F,0xF9,0x00,0xAF,
  0xF6,0x0A,0xFA,0x2F,0xF2,0x6F,0xFC,0x06,0xFF,0xF3,0x6F,0xF5,0x0E,0xF6,0x2F,0xFF,0xFF,0xFF,0xFF,0xFF,
  0xA0,0x0A,0xFD,0x06,0xFF,0xFF,0xAE,0xFF,0xF8,0x00,0x03,0xFF,0xA1,0x26,0x73,0x01,0x47,0xB1,0x00,0x00,
  0x7F,0xFD,0x62,0x00,0x26,0xBF,0xF6,0x00,0x00,0x06,0xFF,0xFF,0xFF,0xFF,0xFF,0xB2,0x00,0x00,0x00,0x29,
  0xEF,0xFF,0xFE,0x93,0x00,0x00,0x00,0x00,0x00,0x02,0x43,0x20,0x00,0x00,0x00,0x00,0x00,0x01,0x66,0x50,
  0x00,0x00,0x00,0x00,0x00,0x9F,0xFF,0x50,0x00,0x00,0x00,0x00,0x0E,0xFF,0xFA,0x00,0x00,0x00,0x00,0x04,
  0xFF,0xFF,0xE1,0x00,0x00,0x00,0x00,0xAF,0xFC,0xFF,0x50,0x00,0x00,0x00,0x1E,0xFD,0x4F,0xFA,0x00,0x00,
  0x00,0x05,0xFF,0x80,0xEF,0xF1,0x00,0x00,0x00,0xBF,0xF3,0x0A,0xFF,0x50,0x00,0x00,0x1F,0xFD,0x00,0x5F,
  0xFB,0x00,0x00,0x07,0xFF,0xFE,0xEE,0xFF,0xF1,0x00,0x00,0xCF,0xFF,0xFF,0xFF,0xFF,0x60,0x00,0x2F,0xFD,
  0x88,0x88,0x9F,0xFB,0x00,0x08,0xFF,0x70,0x00,0x01,0xEF,0xF1,0x00,0xDF,0xF2,0x00,0x00,0x0A,0xFF,0x60,
  0x3F,0xFC,0x00,0x00,0x00,0x5F,0xFC,0x09,0xFF,0x70,0x00,0x00,0x01,0xEF,0xF2,0xAD,0xD2,0x00,0x00,0x00,
  0x08,0xDD,0x40,0x03,0x33,0x33,0x32,0x00,0x00,0x04,0xFF,0xFF,0xFF,0xFE,0xA2,0x00,0x4F,0xFF,0xFF,0xFF,
  0xFF,0xE3,0x04,0xFF,0xC4,0x44,0x6D,0xFF,0xB0,0x4F,0xFB,0x00,0x00,0x3F,0xFE,0x04,0xFF,0xB0,0x00,0x01,
  0xFF,0xE0,0x4F,0xFB,0x00,0x00,0x7F,0xFB,0x04,0xFF,0xEB,0xBB,0xDF,0xFE,0x30,0x4F,0xFF,0xFF,0xFF,0xFF,
  0xA1,0x04,0xFF,0xEB,0xBB,0xDF,0xFF,0xB0,0x4F,0xFB,0x00,0x00,0x3E,0xFF,0x44,0xFF,0xB0,0x00,0x00,0xAF,
  0xF7,0x4F,0xFB,0x00,0x00,0x09,0xFF,0x74,0xFF,0xB0,0x00,0x01,0xDF,0xF5,0x4F,0xFD,0x77,0x78,0xDF,0xFD,
  0x04,0xFF,0xFF,0xFF,0xFF,0xFD,0x30,0x3F,0xFF,0xFF,0xFE,0xC7,0x10,0x00,0x00,0x00,0x01,0x57,0x76,0x30,
  0x00,0x00,0x00,0x19,0xFF,0xFF,0xFF,0xC4,0x00,0x00,0x2D,0xFF,0xFF,0xFF,0xFF,0xF5,0x00,0x1D,0xFF,0xC4,
  0x00,0x3A,0xFF,0xE1,0x07,0xFF,0xD1,0x00,0x00,0x0B,0xFF,0x70,0xEF,0xF4,0x00,0x00,0x00,0x5F,0xFB,0x3F,
  0xFD,0x00,0x00,0x00,0x01,0xCD,0xA6,0xFF,0xA0,0x00,0x00,0x00,0x00,0x00,0x7F,0xF9,0x00,0x00,0x00,0x00,
  0x00,0x07,0xFF,0x90,0x00,0x00,0x00,0x00,0x00,0x6F,0xFB,0x00,0x00,0x00,0x00,0x11,0x13,0xFF,0xE0,0x00,
  0x00,0x00,0x3F,0xFA,0x0E,0xFF,0x60,0x00,0x00,0x08,0xFF,0x80,0x7F,0xFE,0x20,0x00,0x02,0xEF,0xF3,0x00,
  0xCF,0xFE,0x74,0x47,0xEF,0xFA,0x00,0x02,0xDF,0xFF,0xFF,0xFF,0xFB,0x10,0x00,0x01,0x8E,0xFF,0xFF,0xD7,
  0x00,0x00,0x00,0x00,0x02,0x43,0x20,0x00,0x00,0x03,0x33,0x33,0x32,0x00,0x00,0x00,0x04,0xFF,0xFF,0xFF,
  0xFF,0xB5,0x00,0x00,0x4F,0xFF,0xFF,0xFF,0xFF,0xFB,0x10,0x04,0xFF,0xC4,0x44,0x59,0xFF,0xFB,0x00,0x4F,
  0xFB,0x00,0x00,0x03,0xEF,0xF6,0x04,0xFF,0xB0,0x00,0x00,0x07,0xFF,0xC0,0x4F,0xFB,0x00,0x00,0x00,0x1F,
  0xFF,0x14,0xFF,0xB0,0x00,0x00,0x00,0xDF,0xF4,0x4F,0xFB,0x00,0x00,0x00,0x0B,0xFF,0x54,0xFF,0xB0,0x00,
  0x00,0x00,0xCF,0xF4,0x4F,0xFB,0x00,0x00,0x00,0x0E,0xFF,0x34,0xFF,0xB0,0x00,0x00,0x03,0xFF,0xE0,0x4F,
  0xFB,0x00,0x00,0x00,0xAF,0xF9,0x04,0xFF,0xB0,0x00,0x00,0x8F,0xFE,0x20,0x4F,0xFD,0x77,0x79,0xDF,0xFF,
  0x60,0x04,0xFF,0xFF,0xFF,0xFF,0xFE,0x50,0x00,0x3F,0xFF,0xFF,0xFE,0xC7,0x10,0x00,0x00,0x03,0x33,0x33,
  0x33,0x33,0x31,0x4F,0xFF,0xFF,0xFF,0xFF,0xF9,0x4F,0xFF,0xFF,0xFF,0xFF,0xF9,0x4F,0xFC,0x44,0x44,0x44,
  0x42,0x4F,0xFB,0x00,0x00,0x00,0x00,0x4F,0xFB,0x00,0x00,0x00,0x00,0x4F,0xFB,0x00,0x00,0x00,0x00,0x4F,
  0xFC,0x33,0x33,0x33,0x20,0x4F,0xFF,0xFF,0xFF,0xFF,0xF0,0x4F,0xFF,0xFF,0xFF,0xFF,0xF0,0x4F,0xFC,0x44,
  0x44,0x44,0x30,0x4F,0xFB,0x00,0x00,0x00,0x00,0x4F,0xFB,0x00,0x00,0x00,0x00,0x4F,0xFB,0x00,0x00,0x00,
  0x00,0x4F,0xFD,0x77,0x77,0x77,0x75,0x4F,0xFF,0xFF,0xFF,0xFF,0xFD,0x3F,0xFF,0xFF,0xFF,0xFF,0xFC,0x3E,
  0xEE,0xEE,0xEE,0xEE,0xE8,0x4F,0xFF,0xFF,0xFF,0xFF,0xF9,0x4F,0xFD,0x88,0x88,0x88,0x84,0x4F,0xFB,0x00,
  0x00,0x00,0x00,0x4F,0xFB,0x00,0x00,0x00,0x00,0x4F,0xFB,0x00,0x00,0x00,0x00,0x4F,0xFC,0x33,0x33,0x33,
  0x20,0x4F,0xFF,0xFF,0xFF,0xFF,0xB0,0x4F,0xFF,0xFF,0xFF,0xFF,0xB0,0x4F,0xFC,0x44,0x44,0x44,0x20,0x4F,
  0xFB,0x00,0x00,0x00,0x00,0x4F,0xFB,0x00,0x00,0x00,0x00,0x4F,0xFB,0x00,0x00,0x00,0x00,0x4F,0xFB,0x00,
  0x00,0x00,0x00,0x4F,0xFB,0x00,0x00,0x00,0x00,0x3F,0xFB,0x00,0x00,0x00,0x00,0x02,0x21,0x00,0x00,0x00,
  0x00,0x00,0x00,0x01,0x57,0x76,0x30,0x00,0x00,0x00,0x19,0xFF,0xFF,0xFF,0xD5,0x00,0x00,0x2D,0xFF,0xFF,
  0xFF,0xFF,0xF6,0x00,0x0C,0xFF,0xC4,0x00,0x2A,0xFF,0xF2,0x07,0xFF,0xD1,0x00,0x00,0x0B,0xFF,0x90,0xEF,
  0xF4,0x00,0x00,0x00,0x4F,0xFD,0x3F,0xFD,0x00,0x00,0x00,0x00,0xBB,0xA6,0xFF,0xA0,0x00,0x00,0x00,0x00,
  0x00,0x7F,0xF9,0x00,0x00,0x58,0x88,0x88,0x57,0xFF,0x90,0x00,0x0C,0xFF,0xFF,0xFB,0x6F,0xFB,0x00,0x00,
  0xAE,0xEF,0xFF,0xB3,0xFF,0xE0,0x00,0x00,0x00,0x5F,0xFB,0x0E,0xFF,0x60,0x00,0x00,0x09,0xFF,0xB0,0x7F,
  0xFE,0x20,0x00,0x04,0xFF,0xFB,0x00,0xCF,0xFE,0x74,0x48,0xFF,0xFF,0xB0,0x02,0xDF,0xFF,0xFF,0xFF,0xEF,
  0xFB,0x00,0x01,0x8E,0xFF,0xFF,0xB3,0xDE,0xA0,0x00,0x00,0x02,0x43,0x10,0x00,0x00,0x04,0x42,0x00,0x00,
  0x00,0x03,0x43,0x4F,0xFB,0x00,0x00,0x00,0x0F,0xFF,0x4F,0xFB,0x00,0x00,0x00,0x0F,0xFF,0x4F,0xFB,0x00,
  0x00,0x00,0x0F,0xFF,0x4F,0xFB,0x00,0x00,0x00,0x0F,0xFF,0x4F,0xFB,0x00,0x00,0x00,0x0F,0xFF,0x4F,0xFB,
  0x00,0x00,0x00,0x0F,0xFF,0x4F,0xFC,0x33,0x33,0x33,0x3F,0xFF,0x4F,0xFF,0xFF,0xFF,0xFF,0xFF,0xFF,0x4F,
  0xFF,0xFF,0xFF,0xFF,0xFF,0xFF,0x4F,0xFC,0x44,0x44,0x44,0x4F,0xFF,0x4F,0xFB,0x00,0x00,0x00,0x0F,0xFF,
  0x4F,0xFB,0x00,0x00,0x00,0x0F,0xFF,0x4F,0xFB,0x00,0x00,0x00,0x0F,0xFF,0x4F,0xFB,0x00,0x00,0x00,0x0F,
  0xFF,0x4F,0xFB,0x00,0x00,0x00,0x0F,0xFF,0x3F,0xFA,0x00,0x00,0x00,0x0E,0xFE,0x04,0x42,0x4F,0xFB,0x4F,
  0xFB,0x4F,0xFB,0x4F,0xFB,0x4F,0xFB,0x4F,0xFB,0x4F,0xFB,0x4F,0xFB,0x4F,0xFB,0x4F,0xFB,0x4F,0xFB,0x4F,
  0xFB,0x4F,0xFB,0x4F,0xFB,0x4F,0xFB,0x3F,0xFA,0x00,0x00,0x00,0x00,0x14,0x40,0x00,0x00,0x00,0x00,0x7F,
  0xF4,0x00,0x00,0x00,0x00,0x8F,0xF4,0x00,0x00,0x00,0x00,0x8F,0xF4,0x00,0x00,0x00,0x00,0x8F,0xF4,0x00,
  0x00,0x00,0x00,0x8F,0xF4,0x00,0x00,0x00,0x00,0x8F,0xF4,0x00,0x00,0x00,0x00,0x8F,0xF4,0x00,0x00,0x00,
  0x00,0x8F,0xF4,0x00,0x00,0x00,0x00,0x8F,0xF4,0x04,0x42,0x00,0x00,0x8F,0xF4,0x4F,0xFC,0x00,0x00,0x8F,
  0xF4,0x4F,0xFD,0x00,0x00,0x8F,0xF4,0x2F,0xFF,0x10,0x00,0xCF,0xF2,0x0C,0xFF,0xB4,0x49,0xFF,0xD0,0x03,
  0xFF,0xFF,0xFF,0xFF,0x40,0x00,0x3C,0xFF,0xFF,0xC4,0x00,0x00,0x00,0x24,0x31,0x00,0x00,0x04,0x42,0x00,
  0x00,0x00,0x24,0x41,0x4F,0xFB,0x00,0x00,0x03,0xEF,0xF5,0x4F,0xFB,0x00,0x00,0x2E,0xFF,0x80,0x4F,0xFB,
  0x00,0x02,0xDF,0xF9,0x00,0x4F,0xFB,0x00,0x1D,0xFF,0xA0,0x00,0x4F,0xFB,0x01,0xCF,0xFB,0x00,0x00,0x4F,
  0xFB,0x1B,0xFF,0xB1,0x00,0x00,0x4F,0xFB,0xAF,0xFC,0x10,0x00,0x00,0x4F,0xFF,0xFF,0xE1,0x00,0x00,0x00,
  0x4F,0xFF,0xFF,0xF6,0x00,0x00,0x00,0x4F,0xFF,0xEF,0xFF,0x40,0x00,0x00,0x4F,0xFE,0x2B,0xFF,0xE2,0x00,
  0x00,0x4F,0xFB,0x01,0xDF,0xFD,0x10,0x00,0x4F,0xFB,0x00,0x3E,0xFF,0xB0,0x00,0x4F,0xFB,0x00,0x05,0xFF,
  0xF8,0x00,0x4F,0xFB,0x00,0x00,0x8F,0xFF,0x60,0x3F,0xFA,0x00,0x00,0x0B,0xFF,0xE0,0x04,0x42,0x00,0x00,
  0x00,0x00,0x4F,0xFB,0x00,0x00,0x00,0x00,0x4F,0xFB,0x00,0x00,0x00,0x00,0x4F,0xFB,0x00,0x00,0x00,0x00,
  0x4F,0xFB,0x00,0x00,0x00,0x00,0x4F,0xFB,0x00,0x00,0x00,0x00,0x4F,0xFB,0x00,0x00,0x00,0x00,0x4F,0xFB,
  0x00,0x00,0x00,0x00,0x4F,0xFB,0x00,0x00,0x00,0x00,0x4F,0xFB,0x00,0x00,0x00,0x00,0x4F,0xFB,0x00,0x00,
  0x00,0x00,0x4F,0xFB,0x00,0x00,0x00,0x00,0x4F,0xFB,0x00,0x00,0x00,0x00,0x4F,0xFB,0x00,0x00,0x00,0x00,
  0x4F,0xFD,0x77,0x77,0x77,0x75,0x4F,0xFF,0xFF,0xFF,0xFF,0xFD,0x3F,0xFF,0xFF,0xFF,0xFF,0xFC,0x04,0x44,
  0x20,0x00,0x00,0x00,0x04,0x44,0x24,0xFF,0xFD,0x00,0x00,0x00,0x05,0xFF,0xFB,0x4F,0xFF,0xF3,0x00,0x00,
  0x00,0xAF,0xFF,0xB4,0xFF,0xFF,0x80,0x00,0x00,0x0E,0xFF,0xFB,0x4F,0xFF,0xFD,0x00,0x00,0x05,0xFF,0xFF,
  0xB4,0xFF,0xFF,0xF3,0x00,0x00,0xAF,0xFF,0xFB,0x4F,0xFE,0xFF,0x80,0x00,0x0E,0xFD,0xFF,0xB4,0xFF,0x9F,
  0xFD,0x00,0x04,0xFF,0x8F,0xFB,0x4F,0xF8,0xBF,0xF3,0x00,0x9F,0xF3,0xFF,0xB4,0xFF,0x86,0xFF,0x80,0x0E,
  0xFD,0x0F,0xFB,0x4F,0xF8,0x1F,0xFD,0x04,0xFF,0x80,0xFF,0xB4,0xFF,0x80,0xBF,0xF3,0x9F,0xF3,0x0F,0xFB,
  0x4F,0xF8,0x05,0xFF,0x8E,0xFD,0x00,0xFF,0xB4,0xFF,0x80,0x1E,0xFF,0xFF,0x80,0x0F,0xFB,0x4F,0xF8,0x00,
  0xAF,0xFF,0xF2,0x00,0xFF,0xB4,0xFF,0x80,0x05,0xFF,0xFC,0x00,0x0F,0xFB,0x3F,0xF7,0x00,0x1E,0xFF,0x70,
  0x00,0xEF,0xA0,0x04,0x44,0x10,0x00,0x00,0x04,0x41,0x4F,0xFF,0xC0,0x00,0x00,0x4F,0xF7,0x4F,0xFF,0xF5,
  0x00,0x00,0x4F,0xF8,0x4F,0xFF,0xFC,0x00,0x00,0x4F,0xF8,0x4F,0xFF,0xFF,0x60,0x00,0x4F,0xF8,0x4F,0xFC,
  0xFF,0xD0,0x00,0x4F,0xF8,0x4F,0xF8,0xBF,0xF7,0x00,0x4F,0xF8,0x4F,0xF8,0x3F,0xFE,0x10,0x4F,0xF8,0x4F,
  0xF8,0x0A,0xFF,0x80,0x4F,0xF8,0x4F,0xF8,0x02,0xFF,0xE1,0x4F,0xF8,0x4F,0xF8,0x00,0x9F,0xF9,0x4F,0xF8,
  0x4F,0xF8,0x00,0x1E,0xFF,0x6F,0xF8,0x4F,0xF8,0x00,0x08,0xFF,0xDF,0xF8,0x4F,0xF8,0x00,0x01,0xEF,0xFF,
  0xF8,0x4F,0xF8,0x00,0x00,0x7F,0xFF,0xF8,0x4F,0xF8,0x00,0x00,0x0D,0xFF,0xF8,0x3F,0xF7,0x00,0x00,0x05,
  0xFF,0xF7,0x00,0x00,0x02,0x57,0x76,0x30,0x00,0x00,0x00,0x02,0xAF,0xFF,0xFF,0xFD,0x40,0x00,0x00,0x3E,
  0xFF,0xFF,0xFF,0xFF,0xF7,0x00,0x01,0xEF,0xFC,0x40,0x02,0x9F,0xFF,0x50,0x09,0xFF,0xC0,0x00,0x00,0x08,
  0xFF,0xD0,0x1E,0xFF,0x30,0x00,0x00,0x00,0xDF,0xF5,0x4F,0xFD,0x00,0x00,0x00,0x00,0x8F,0xF9,0x6F,0xFA,
  0x00,0x00,0x00,0x00,0x5F,0xFB,0x7F,0xF9,0x00,0x00,0x00,0x00,0x4F,0xFC,0x7F,0xF9,0x00,0x00,0x00,0x00,
  0x4F,0xFC,0x6F,0xFA,0x00,0x00,0x00,0x00,0x6F,0xFB,0x3F,0xFE,0x00,0x00,0x00,0x00,0x9F,0xF8,0x0D,0xFF,
  0x50,0x00,0x00,0x01,0xEF,0xF3,0x07,0xFF,0xE2,0x00,0x00,0x0B,0xFF,0xB0,0x00,0xCF,0xFE,0x74,0x36,0xCF,
  0xFE,0x20,0x00,0x1C,0xFF,0xFF,0xFF,0xFF,0xE4,0x00,0x00,0x00,0x7D,0xFF,0xFF,0xE9,0x20,0x00,0x00,0x00,
  0x00,0x23,0x42,0x00,0x00,0x00,0x03,0x33,0x33,0x32,0x10,0x00,0x04,0xFF,0xFF,0xFF,0xFF,0xB3,0x00,0x4F,
  0xFF,0xFF,0xFF,0xFF,0xE3,0x04,0xFF,0xC4,0x44,0x5B,0xFF,0xD0,0x4F,0xFB,0x00,0x00,0x1E,0xFF,0x34,0xFF,
  0xB0,0x00,0x00,0xCF,0xF5,0x4F,0xFB,0x00,0x00,0x0C,0xFF,0x44,0xFF,0xB0,0x00,0x04,0xFF,0xF1,0x4F,0xFE,
  0xBB,0xBC,0xFF,0xF8,0x04,0xFF,0xFF,0xFF,0xFF,0xFA,0x00,0x4F,0xFE,0xBB,0xBB,0x84,0x00,0x04,0xFF,0xB0,
  0x00,0x00,0x00,0x00,0x4F,0xFB,0x00,0x00,0x00,0x00,0x04,0xFF,0xB0,0x00,0x00,0x00,0x00,0x4F,0xFB,0x00,
  0x00,0x00,0x00,0x04,0xFF,0xB0,0x00,0x00,0x00,0x00,0x3F,0xFA,0x00,0x00,0x00,0x00,0x00,0x00,0x00,0x02,
  0x57,0x76,0x30,0x00,0x00,0x00,0x02,0xAF,0xFF,0xFF,0xFD,0x40,0x00,0x00,0x3E,0xFF,0xFF,0xFF,0xFF,0xF7,
  0x00,0x01,0xEF,0xFC,0x40,0x02,0x9F,0xFF,0x50,0x09,0xFF,0xC0,0x00,0x00,0x08,0xFF,0xD0,0x1E,0xFF,0x30,
  0x00,0x00,0x00,0xDF,0xF5,0x4F,0xFD,0x00,0x00,0x00,0x00,0x8F,0xF9,0x6F,0xFA,0x00,0x00,0x00,0x00,0x5F,
  0xFB,0x7F,0xF9,0x00,0x00,0x00,0x00,0x4F,0xFC,0x7F,0xF9,0x00,0x00,0x00,0x00,0x4F,0xFC,0x6F,0xFA,0x00,
  0x00,0x00,0x00,0x6F,0xFA,0x3F,0xFE,0x00,0x00,0x00,0x00,0x9F,0xF7,0x0D,0xFF,0x50,0x00,0x00,0x01,0xEF,
  0xF2,0x07,0xFF,0xE2,0x00,0x00,0x0B,0xFF,0x80,0x00,0xCF,0xFE,0x74,0x36,0xCF,0xFD,0x10,0x00,0x1C,0xFF,
  0xFF,0xFF,0xFF,0xFF,0xD4,0x00,0x00,0x7D,0xFF,0xFF,0xFE,0xFF,0xFB,0x00,0x00,0x00,0x13,0x42,0x00,0x3A,
  0xE2,0x03,0x33,0x33,0x33,0x10,0x00,0x04,0xFF,0xFF,0xFF,0xFF,0xC5,0x00,0x4F,0xFF,0xFF,0xFF,0xFF,0xF8,
  0x04,0xFF,0xC4,0x44,0x5A,0xFF,0xF2,0x4F,0xFB,0x00,0x00,0x0C,0xFF,0x64,0xFF,0xB0,0x00,0x00,0x9F,0xF7,
  0x4F,0xFB,0x00,0x00,0x0A,0xFF,0x64,0xFF,0xB0,0x00,0x06,0xFF,0xE1,0x4F,0xFF,0xEE,0xEF,0xFF,0xE4,0x04,
  0xFF,0xFF,0xFF,0xFF,0xFA,0x00,0x4F,0xFD,0x88,0x89,0xFF,0xF4,0x04,0xFF,0xB0,0x00,0x08,0xFF,0x90,0x4F,
  0xFB,0x00,0x00,0x3F,0xFB,0x04,0xFF,0xB0,0x00,0x01,0xFF,0xD0,0x4F,0xFB,0x00,0x00,0x0E,0xFF,0x14,0xFF,
  0xB0,0x00,0x00,0xBF,0xF5,0x3F,0xFA,0x00,0x00,0x06,0xFF,0xA0,0x00,0x00,0x26,0x77,0x51,0x00,0x00,0x01,
  0x9F,0xFF,0xFF,0xE5,0x00,0x00,0xCF,0xFF,0xFF,0xFF,0xF4,0x00,0x6F,0xFC,0x20,0x19,0xFF,0xD0,0x0A,0xFF,
  0x50,0x00,0x0D,0xFF,0x40,0xBF,0xF7,0x00,0x00,0x9F,0xF5,0x09,0xFF,0xE6,0x10,0x00,0x00,0x00,0x3F,0xFF,
  0xFE,0xB7,0x10,0x00,0x00,0x4E,0xFF,0xFF,0xFE,0x80,0x00,0x00,0x17,0xCF,0xFF,0xFF,0x90,0x00,0x00,0x00,
  0x15,0xCF,0xFF,0x31,0x55,0x20,0x00,0x00,0xCF,0xF7,0x6F,0xFB,0x00,0x00,0x08,0xFF,0x83,0xFF,0xF3,0x00,
  0x00,0xAF,0xF6,0x0B,0xFF,0xE7,0x44,0x9F,0xFE,0x10,0x2D,0xFF,0xFF,0xFF,0xFF,0x50,0x00,0x18,0xEF,0xFF,
  0xFB,0x30,0x00,0x00,0x00,0x24,0x31,0x00,0x00,0x23,0x33,0x33,0x33,0x33,0x33,0x32,0xBF,0xFF,0xFF,0xFF,
  0xFF,0xFF,0xFF,0xBF,0xFF,0xFF,0xFF,0xFF,0xFF,0xFF,0x24,0x44,0x49,0xFF,0x94,0x44,0x43,0x00,0x00,0x08,
  0xFF,0x80,0x00,0x00,0x00,0x00,0x08,0xFF,0x80,0x00,0x00,0x00,0x00,0x08,0xFF,0x80,0x00,0x00,0x00,0x00,
  0x08,0xFF,0x80,0x00,0x00,0x00,0x00,0x08,0xFF,0x80,0x00,0x00,0x00,0x00,0x08,0xFF,0x80,0x00,0x00,0x00,
  0x00,0x08,0xFF,0x80,0x00,0x00,0x00,0x00,0x08,0xFF,0x80,0x00,0x00,0x00,0x00,0x08,0xFF,0x80,0x00,0x00,
  0x00,0x00,0x08,0xFF,0x80,0x00,0x00,0x00,0x00,0x08,0xFF,0x80,0x00,0x00,0x00,0x00,0x08,0xFF,0x80,0x00,
  0x00,0x00,0x00,0x06,0xDD,0x60,0x00,0x00,0x14,0x41,0x00,0x00,0x00,0x34,0x37,0xFF,0x70,0x00,0x00,0x0F,
  0xFF,0x8F,0xF8,0x00,0x00,0x00,0xFF,0xF8,0xFF,0x80,0x00,0x00,0x0F,0xFF,0x8F,0xF8,0x00,0x00,0x00,0xFF,
  0xF8,0xFF,0x80,0x00,0x00,0x0F,0xFF,0x8F,0xF8,0x00,0x00,0x00,0xFF,0xF8,0xFF,0x80,0x00,0x00,0x0F,0xFF,
  0x8F,0xF8,0x00,0x00,0x00,0xFF,0xF8,0xFF,0x80,0x00,0x00,0x0F,0xFF,0x8F,0xF8,0x00,0x00,0x00,0xFF,0xF7,
  0xFF,0x80,0x00,0x00,0x0F,0xFF,0x6F,0xFA,0x00,0x00,0x02,0xFF,0xE3,0xFF,0xE2,0x00,0x00,0x8F,0xFA,0x0B,
  0xFF,0xD6,0x34,0x9F,0xFF,0x40,0x2D,0xFF,0xFF,0xFF,0xFF,0x80,0x00,0x19,0xEF,0xFF,0xFC,0x50,0x00,0x00,
  0x00,0x34,0x31,0x00,0x00,0x24,0x40,0x00,0x00,0x00,0x01,0x44,0x1B,0xFF,0x50,0x00,0x00,0x00,0xAF,0xF5,
  0x6F,0xFA,0x00,0x00,0x00,0x1F,0xFF,0x11,0xFF,0xE1,0x00,0x00,0x05,0xFF,0xA0,0x0B,0xFF,0x50,0x00,0x00,
  0xBF,0xF5,0x00,0x6F,0xFA,0x00,0x00,0x1F,0xFE,0x00,0x01,0xFF,0xE1,0x00,0x06,0xFF,0x90,0x00,0x0A,0xFF,
  0x50,0x00,0xBF,0xF4,0x00,0x00,0x5F,0xFA,0x00,0x1F,0xFD,0x00,0x00,0x01,0xEF,0xE0,0x06,0xFF,0x80,0x00,
  0x00,0x0A,0xFF,0x40,0xBF,0xF3,0x00,0x00,0x00,0x5F,0xF9,0x1F,0xFC,0x00,0x00,0x00,0x00,0xEF,0xE6,0xFF,
  0x70,0x00,0x00,0x00,0x09,0xFF,0xEF,0xF2,0x00,0x00,0x00,0x00,0x4F,0xFF,0xFB,0x00,0x00,0x00,0x00,0x00,
  0xEF,0xFF,0x60,0x00,0x00,0x00,0x00,0x08,0xFF,0xE1,0x00,0x00,0x00,0x34,0x40,0x00,0x00,0x00,0x00,0x00,
  0x00,0x00,0x24,0x40,0xDF,0xF4,0x00,0x00,0x1E,0xFF,0x70,0x00,0x00,0xCF,0xF3,0x9F,0xF8,0x00,0x00,0x5F,
  0xFF,0xB0,0x00,0x01,0xFF,0xE0,0x5F,0xFC,0x00,0x00,0x9F,0xFF,0xF1,0x00,0x04,0xFF,0xA0,0x1F,0xFF,0x00,
  0x00,0xDF,0xFF,0xF4,0x00,0x08,0xFF,0x60,0x0D,0xFF,0x40,0x02,0xFF,0xDF,0xF8,0x00,0x0C,0xFF,0x20,0x09,
  0xFF,0x70,0x06,0xFF,0x6F,0xFC,0x00,0x1F,0xFD,0x00,0x05,0xFF,0xB0,0x0A,0xFF,0x1C,0xFF,0x10,0x4F,0xF9,
  0x00,0x01,0xFF,0xE0,0x0E,0xFC,0x08,0xFF,0x50,0x8F,0xF4,0x00,0x00,0xCF,0xF3,0x3F,0xF8,0x04,0xFF,0x90,
  0xCF,0xF1,0x00,0x00,0x8F,0xF6,0x7F,0xF4,0x01,0xFF,0xC1,0xFF,0xB0,0x00,0x00,0x4F,0xFA,0xBF,0xE0,0x00,
  0xBF,0xF5,0xFF,0x70,0x00,0x00,0x0E,0xFE,0xEF,0xA0,0x00,0x7F,0xFD,0xFF,0x30,0x00,0x00,0x0B,0xFF,0xFF,
  0x60,0x00,0x3F,0xFF,0xFE,0x00,0x00,0x00,0x07,0xFF,0xFF,0x20,0x00,0x0E,0xFF,0xFA,0x00,0x00,0x00,0x03,
  0xFF,0xFD,0x00,0x00,0x0B,0xFF,0xF5,0x00,0x00,0x00,0x00,0xDF,0xF9,0x00,0x00,0x06,0xFF,0xE1,0x00,0x00,
  0x14,0x41,0x00,0x00,0x00,0x04,0x43,0x06,0xFF,0xD0,0x00,0x00,0x07,0xFF,0xD0,0x0C,0xFF,0x80,0x00,0x02,
  0xFF,0xF3,0x00,0x3F,0xFF,0x30,0x00,0xCF,0xF8,0x00,0x00,0x8F,0xFC,0x00,0x7F,0xFC,0x00,0x00,0x00,0xCF,
  0xF7,0x3F,0xFE,0x20,0x00,0x00,0x03,0xFF,0xEC,0xFF,0x60,0x00,0x00,0x00,0x08,0xFF,0xFF,0xA0,0x00,0x00,
  0x00,0x00,0x0D,0xFF,0xE1,0x00,0x00,0x00,0x00,0x03,0xFF,0xFF,0x50,0x00,0x00,0x00,0x00,0xCF,0xFF,0xFE,
  0x20,0x00,0x00,0x00,0x8F,0xFA,0x9F,0xFB,0x00,0x00,0x00,0x4F,0xFE,0x11,0xDF,0xF7,0x00,0x00,0x1D,0xFF,
  0x50,0x03,0xFF,0xF3,0x00,0x0A,0xFF,0xA0,0x00,0x08,0xFF,0xD1,0x05,0xFF,0xE1,0x00,0x00,0x0C,0xFF,0x90,
  0xDF,0xF5,0x00,0x00,0x00,0x2E,0xFF,0x20,0x03,0x43,0x00,0x00,0x00,0x01,0x44,0x21,0xEF,0xF4,0x00,0x00,
  0x00,0xBF,0xF7,0x07,0xFF,0xD0,0x00,0x00,0x4F,0xFE,0x10,0x0D,0xFF,0x70,0x00,0x0D,0xFF,0x60,0x00,0x5F,
  0xFE,0x10,0x06,0xFF,0xC0,0x00,0x00,0xBF,0xF9,0x01,0xEF,0xF3,0x00,0x00,0x02,0xFF,0xF3,0x8F,0xFA,0x00,
  0x00,0x00,0x09,0xFF,0xCF,0xFE,0x20,0x00,0x00,0x00,0x1E,0xFF,0xFF,0x70,0x00,0x00,0x00,0x00,0x6F,0xFF,
  0xD0,0x00,0x00,0x00,0x00,0x00,0xDF,0xF5,0x00,0x00,0x00,0x00,0x00,0x0B,0xFF,0x40,0x00,0x00,0x00,0x00,
  0x00,0xBF,0xF4,0x00,0x00,0x00,0x00,0x00,0x0B,0xFF,0x40,0x00,0x00,0x00,0x00,0x00,0xBF,0xF4,0x00,0x00,
  0x00,0x00,0x00,0x0B,0xFF,0x40,0x00,0x00,0x00,0x00,0x00,0xAF,0xF3,0x00,0x00,0x00,0x02,0x33,0x33,0x33,
  0x33,0x33,0x20,0xFF,0xFF,0xFF,0xFF,0xFF,0xFB,0x0F,0xFF,0xFF,0xFF,0xFF,0xFF,0xB0,0x34,0x44,0x44,0x46,
  0xFF,0xF5,0x00,0x00,0x00,0x00,0xCF,0xF8,0x00,0x00,0x00,0x00,0x9F,0xFC,0x00,0x00,0x00,0x00,0x5F,0xFE,
  0x20,0x00,0x00,0x00,0x2E,0xFF,0x50,0x00,0x00,0x00,0x0B,0xFF,0x90,0x00,0x00,0x00,0x08,0xFF,0xC1,0x00,
  0x00,0x00,0x04,0xFF,0xE2,0x00,0x00,0x00,0x01,0xDF,0xF6,0x00,0x00,0x00,0x00,0xAF,0xFA,0x00,0x00,0x00,
  0x00,0x6F,0xFD,0x10,0x00,0x00,0x00,0x3F,0xFF,0xA7,0x77,0x77,0x77,0x67,0xFF,0xFF,0xFF,0xFF,0xFF,0xFF,
  0x7F,0xFF,0xFF,0xFF,0xFF,0xFF,0xE0,0x04,0x44,0x41,0x4F,0xFF,0xF6,0x4F,0xFF,0xF5,0x4F,0xF0,0x00,0x4F,
  0xF0,0x00,0x4F,0xF0,0x00,0x4F,0xF0,0x00,0x4F,0xF0,0x00,0x4F,0xF0,0x00,0x4F,0xF0,0x00,0x4F,0xF0,0x00,
  0x4F,0xF0,0x00,0x4F,0xF0,0x00,0x4F,0xF0,0x00,0x4F,0xF0,0x00,0x4F,0xF0,0x00,0x4F,0xF0,0x00,0x4F,0xF0,
  0x00,0x4F,0xF8,0x72,0x4F,0xFF,0xF6,0x2B,0xBB,0xB3,0x6B,0x80,0x00,0x00,0x06,0xFF,0x10,0x00,0x00,0x1F,
  0xF5,0x00,0x00,0x00,0xBF,0xB0,0x00,0x00,0x06,0xFF,0x10,0x00,0x00,0x1F,0xF6,0x00,0x00,0x00,0xBF,0xB0,
  0x00,0x00,0x06,0xFF,0x10,0x00,0x00,0x1F,0xF6,0x00,0x00,0x00,0xBF,0xB0,0x00,0x00,0x06,0xFF,0x10,0x00,
  0x00,0x1F,0xF6,0x00,0x00,0x00,0xBF,0xB0,0x00,0x00,0x06,0xFF,0x10,0x00,0x00,0x1F,0xF6,0x00,0x00,0x00,
  0xBF,0xB0,0x00,0x00,0x06,0xFF,0x10,0x00,0x00,0x1B,0xB2,0x24,0x44,0x2B,0xFF,0xFB,0xAF,0xFF,0xB0,0x08,
  0xFB,0x00,0x8F,0xB0,0x08,0xFB,0x00,0x8F,0xB0,0x08,0xFB,0x00,0x8F,0xB0,0x08,0xFB,0x00,0x8F,0xB0,0x08,
  0xFB,0x00,0x8F,0xB0,0x08,0xFB,0x00,0x8F,0xB0,0x08,0xFB,0x00,0x8F,0xB0,0x08,0xFB,0x58,0xBF,0xBB,0xFF,
  0xFB,0x8B,0xBB,0x80,0x00,0x00,0x79,0x50,0x00,0x00,0x00,0x3F,0xFE,0x00,0x00,0x00,0x09,0xFF,0xF6,0x00,
  0x00,0x01,0xFF,0xDF,0xC0,0x00,0x00,0x7F,0xE3,0xFF,0x40,0x00,0x0E,0xF9,0x0B,0xFA,0x00,0x05,0xFF,0x20,
  0x5F,0xF2,0x00,0xCF,0xB0,0x00,0xEF,0x80,0x4F,0xF5,0x00,0x08,0xFE,0x1A,0xFE,0x00,0x00,0x2F,0xF6,0x24,
  0x20,0x00,0x00,0x34,0x10,0x14,0x44,0x44,0x44,0x44,0x07,0xFF,0xFF,0xFF,0xFF,0xF4,0x7F,0xFF,0xFF,0xFF,
  0xFF,0x30,0x12,0x20,0x07,0xFF,0x50,0x1C,0xFD,0x00,0x2E,0xF6,0x00,0x24,0x10,0x00,0x19,0xDF,0xEC,0x60,
  0x00,0x2E,0xFF,0xFF,0xFF,0xA0,0x0B,0xFF,0xC7,0x9F,0xFF,0x32,0xFF,0xE1,0x00,0x9F,0xF6,0x2E,0xE9,0x00,
  0x18,0xFF,0x70,0x03,0x9D,0xFF,0xFF,0xF8,0x08,0xFF,0xFF,0xFF,0xFF,0x85,0xFF,0xFA,0x65,0xAF,0xF8,0xAF,
  0xF8,0x00,0x08,0xFF,0x8B,0xFF,0x50,0x00,0xCF,0xF8,0x9F,0xFC,0x44,0x9F,0xFF,0x83,0xFF,0xFF,0xFF,0xFF,
  0xF9,0x04,0xDF,0xFF,0xEA,0xEE,0x90,0x00,0x24,0x30,0x00,0x00,0x24,0x40,0x00,0x00,0x00,0x00,0x0B,0xFF,
  0x40,0x00,0x00,0x00,0x00,0xBF,0xF4,0x00,0x00,0x00,0x00,0x0B,0xFF,0x40,0x00,0x00,0x00,0x00,0xBF,0xF4,
  0x00,0x00,0x00,0x00,0x0B,0xFF,0x6A,0xEF,0xEB,0x40,0x00,0xBF,0xFF,0xFF,0xFF,0xFF,0x70,0x0B,0xFF,0xFE,
  0x97,0xBF,0xFF,0x40,0xBF,0xFE,0x20,0x00,0x9F,0xFC,0x0B,0xFF,0x80,0x00,0x02,0xFF,0xF2,0xBF,0xF5,0x00,
  0x00,0x0D,0xFF,0x4B,0xFF,0x40,0x00,0x00,0xBF,0xF5,0xBF,0xF4,0x00,0x00,0x0C,0xFF,0x4B,0xFF,0x60,0x00,
  0x01,0xEF,0xF2,0xBF,0xFC,0x00,0x00,0x7F,0xFC,0x0B,0xFF,0xFC,0x54,0x8F,0xFF,0x50,0xBF,0xFF,0xFF,0xFF,
  0xFF,0x80,0x0A,0xEE,0xAE,0xFF,0xFD,0x50,0x00,0x00,0x00,0x03,0x42,0x00,0x00,0x00,0x00,0x05,0xBE,0xFD,
  0x92,0x00,0x00,0xAF,0xFF,0xFF,0xFE,0x30,0x09,0xFF,0xE9,0x7C,0xFF,0xD1,0x2F,0xFF,0x30,0x00,0xCF,0xF6,
  0x7F,0xF9,0x00,0x00,0x6F,0xF9,0xAF,0xF6,0x00,0x00,0x03,0x31,0xBF,0xF5,0x00,0x00,0x00,0x00,0xBF,0xF6,
  0x00,0x00,0x00,0x00,0x9F,0xF8,0x00,0x00,0x4C,0xC5,0x5F,0xFD,0x10,0x00,0xBF,0xF5,0x1D,0xFF,0xC4,0x4A,
  0xFF,0xD1,0x04,0xFF,0xFF,0xFF,0xFF,0x40,0x00,0x3B,0xFF,0xFF,0xB3,0x00,0x00,0x00,0x13,0x31,0x00,0x00,
  0x00,0x00,0x00,0x00,0x01,0x44,0x10,0x00,0x00,0x00,0x00,0x7F,0xF7,0x00,0x00,0x00,0x00,0x08,0xFF,0x80,
  0x00,0x00,0x00,0x00,0x8F,0xF8,0x00,0x00,0x00,0x00,0x08,0xFF,0x80,0x00,0x4B,0xEF,0xDA,0xAF,0xF8,0x00,
  0x9F,0xFF,0xFF,0xFF,0xFF,0x80,0x8F,0xFF,0x97,0xAF,0xFF,0xF8,0x2F,0xFF,0x40,0x00,0x5F,0xFF,0x87,0xFF,
  0xA0,0x00,0x00,0xBF,0xF8,0xAF,0xF6,0x00,0x00,0x08,0xFF,0x8B,0xFF,0x50,0x00,0x00,0x8F,0xF8,0xBF,0xF6,
  0x00,0x00,0x08,0xFF,0x89,0xFF,0x90,0x00,0x00,0xBF,0xF8,0x5F,0xFE,0x10,0x00,0x3F,0xFF,0x80,0xDF,0xFD,
  0x53,0x6E,0xFF,0xF8,0x03,0xEF,0xFF,0xFF,0xFF,0xFF,0x80,0x02,0xBF,0xFF,0xFC,0x9E,0xE6,0x00,0x00,0x13,
  0x31,0x00,0x00,0x00,0x00,0x05,0xBE,0xFD,0x81,0x00,0x00,0xAF,0xFF,0xFF,0xFD,0x20,0x08,0xFF,0xE9,0x7C,
  0xFF,0xC0,0x2F,0xFE,0x20,0x00,0xCF,0xF4,0x7F,0xF8,0x00,0x00,0x6F,0xF8,0xAF,0xFD,0xBB,0xBB,0xCF,0xFB,
  0xBF,0xFF,0xFF,0xFF,0xFF,0xFB,0xBF,0xFC,0xBB,0xBB,0xBB,0xB7,0x9F,0xF7,0x00,0x00,0x4C,0xC6,0x5F,0xFC,
  0x00,0x00,0xAF,0xF6,0x0D,0xFF,0xA4,0x49,0xFF,0xE1,0x03,0xEF,0xFF,0xFF,0xFF,0x50,0x00,0x2B,0xFF,0xFF,
  0xB3,0x00,0x00,0x00,0x13,0x31,0x00,0x00,0x00,0x18,0xBB,0x60,0x1D,0xFF,0xFB,0x07,0xFF,0xFD,0xA0,0xAF,
  0xF5,0x00,0x0B,0xFF,0x40,0x0A,0xEF,0xFC,0xB4,0xFF,0xFF,0xFF,0x8A,0xEF,0xFC,0xB5,0x0B,0xFF,0x40,0x00,
  0xBF,0xF4,0x00,0x0B,0xFF,0x40,0x00,0xBF,0xF4,0x00,0x0B,0xFF,0x40,0x00,0xBF,0xF4,0x00,0x0B,0xFF,0x40,
  0x00,0xBF,0xF4,0x00,0x0B,0xFF,0x40,0x00,0x9D,0xD3,0x00,0x00,0x04,0xAD,0xED,0x96,0xAA,0x20,0x09,0xFF,
  0xFF,0xFF,0xFF,0xF4,0x08,0xFF,0xFA,0x8B,0xFF,0xFF,0x42,0xFF,0xF4,0x00,0x06,0xFF,0xF4,0x7F,0xFA,0x00,
  0x00,0x0C,0xFF,0x4A,0xFF,0x60,0x00,0x00,0x8F,0xF4,0xBF,0xF5,0x00,0x00,0x08,0xFF,0x4B,0xFF,0x60,0x00,
  0x00,0x8F,0xF4,0x9F,0xF8,0x00,0x00,0x0A,0xFF,0x45,0xFF,0xE1,0x00,0x01,0xEF,0xF4,0x1E,0xFF,0xB2,0x04,
  0xCF,0xFF,0x40,0x4F,0xFF,0xFF,0xFF,0xFF,0xF4,0x15,0x9F,0xFF,0xFF,0xEC,0xFF,0x35,0xFF,0x94,0x67,0x51,
  0xBF,0xF2,0x3F,0xFE,0x30,0x00,0x6F,0xFC,0x00,0xBF,0xFF,0xCB,0xDF,0xFF,0x40,0x01,0xCF,0xFF,0xFF,0xFE,
  0x60,0x00,0x00,0x59,0xBB,0xA7,0x10,0x00,0x36,0x61,0x00,0x00,0x00,0x00,0xBF,0xF4,0x00,0x00,0x00,0x00,
  0xBF,0xF4,0x00,0x00,0x00,0x00,0xBF,0xF4,0x00,0x00,0x00,0x00,0xBF,0xF4,0x00,0x00,0x00,0x00,0xBF,0xF6,
  0x9D,0xED,0xA3,0x00,0xBF,0xFF,0xFF,0xFF,0xFE,0x40,0xBF,0xFF,0xE9,0x8D,0xFF,0xD0,0xBF,0xFF,0x30,0x01,
  0xFF,0xF2,0xBF,0xF9,0x00,0x00,0xCF,0xF3,0xBF,0xF6,0x00,0x00,0xBF,0xF4,0xBF,0xF4,0x00,0x00,0xBF,0xF4,
  0xBF,0xF4,0x00,0x00,0xBF,0xF4,0xBF,0xF4,0x00,0x00,0xBF,0xF4,0xBF,0xF4,0x00,0x00,0xBF,0xF4,0xBF,0xF4,
  0x00,0x00,0xBF,0xF4,0xBF,0xF4,0x00,0x00,0xBF,0xF4,0xAF,0xF3,0x00,0x00,0xAF,0xF3,0x03,0x73,0x01,0xEF,
  0xE1,0x3F,0xFF,0x30,0xAF,0xA0,0x0A,0xBA,0x00,0xFF,0xF0,0x0F,0xFF,0x00,0xFF,0xF0,0x0F,0xFF,0x00,0xFF,
  0xF0,0x0F,0xFF,0x00,0xFF,0xF0,0x0F,0xFF,0x00,0xFF,0xF0,0x0F,0xFF,0x00,0xFF,0xF0,0x0E,0xFE,0x00,0x00,
  0x37,0x30,0x01,0xEF,0xE1,0x03,0xFF,0xF3,0x00,0xAF,0xA0,0x00,0x89,0x80,0x00,0xFF,0xF0,0x00,0xFF,0xF0,
  0x00,0xFF,0xF0,0x00,0xFF,0xF0,0x00,0xFF,0xF0,0x00,0xFF,0xF0,0x00,0xFF,0xF0,0x00,0xFF,0xF0,0x00,0xFF,
  0xF0,0x00,0xFF,0xF0,0x00,0xFF,0xF0,0x00,0xFF,0xF0,0x00,0xFF,0xF0,0x01,0xFF,0xF0,0x9D,0xFF,0xD0,0xBF,
  0xFF,0x60,0x7B,0xA5,0x00,0x24,0x40,0x00,0x00,0x00,0x00,0xBF,0xF4,0x00,0x00,0x00,0x00,0xBF,0xF4,0x00,
  0x00,0x00,0x00,0xBF,0xF4,0x00,0x00,0x00,0x00,0xBF,0xF4,0x00,0x00,0x00,0x00,0xBF,0xF4,0x00,0x04,0xBB,
  0xB1,0xBF,0xF4,0x00,0x3E,0xFF,0x90,0xBF,0xF4,0x03,0xEF,0xF9,0x00,0xBF,0xF4,0x2D,0xFF,0x90,0x00,0xBF,
  0xF5,0xDF,0xF9,0x00,0x00,0xBF,0xFE,0xFF,0xA0,0x00,0x00,0xBF,0xFF,0xFF,0x20,0x00,0x00,0xBF,0xFF,0xFF,
  0xD1,0x00,0x00,0xBF,0xFA,0xDF,0xFB,0x00,0x00,0xBF,0xF4,0x3E,0xFF,0xA0,0x00,0xBF,0xF4,0x04,0xFF,0xF9,
  0x00,0xBF,0xF4,0x00,0x6F,0xFF,0x70,0xAF,0xF3,0x00,0x08,0xFF,0xF1,0x34,0x20,0x0F,0xFB,0x00,0xFF,0xB0,
  0x0F,0xFB,0x00,0xFF,0xB0,0x0F,0xFB,0x00,0xFF,0xB0,0x0F,0xFB,0x00,0xFF,0xB0,0x0F,0xFB,0x00,0xFF,0xB0,
  0x0F,0xFB,0x00,0xFF,0xB0,0x0F,0xFB,0x00,0xFF,0xB0,0x0F,0xFD,0x72,0xDF,0xFF,0x64,0xDF,0xE4,0x8B,0xB8,
  0xCF,0xEB,0x31,0x8D,0xFE,0x91,0x0B,0xFF,0xFF,0xFF,0xFE,0xBF,0xFF,0xFF,0xD1,0xBF,0xFF,0xA7,0xDF,0xFF,
  0xF8,0x8E,0xFF,0x6B,0xFF,0xB0,0x03,0xFF,0xF8,0x00,0x7F,0xFA,0xBF,0xF7,0x00,0x1F,0xFF,0x30,0x04,0xFF,
  0xBB,0xFF,0x50,0x00,0xFF,0xF1,0x00,0x4F,0xFB,0xBF,0xF4,0x00,0x0F,0xFF,0x00,0x04,0xFF,0xBB,0xFF,0x40,
  0x00,0xFF,0xF0,0x00,0x4F,0xFB,0xBF,0xF4,0x00,0x0F,0xFF,0x00,0x04,0xFF,0xBB,0xFF,0x40,0x00,0xFF,0xF0,
  0x00,0x4F,0xFB,0xBF,0xF4,0x00,0x0F,0xFF,0x00,0x04,0xFF,0xBB,0xFF,0x40,0x00,0xFF,0xF0,0x00,0x4F,0xFB,
  0xAF,0xF3,0x00,0x0E,0xFE,0x00,0x03,0xFF,0xA0,0x8B,0xB5,0xAE,0xFE,0xA3,0x00,0xBF,0xFF,0xFF,0xFF,0xFF,
  0x40,0xBF,0xFF,0xE8,0x8D,0xFF,0xD0,0xBF,0xFF,0x30,0x01,0xEF,0xF2,0xBF,0xF9,0x00,0x00,0xCF,0xF4,0xBF,
  0xF6,0x00,0x00,0xBF,0xF4,0xBF,0xF4,0x00,0x00,0xBF,0xF4,0xBF,0xF4,0x00,0x00,0xBF,0xF4,0xBF,0xF4,0x00,
  0x00,0xBF,0xF4,0xBF,0xF4,0x00,0x00,0xBF,0xF4,0xBF,0xF4,0x00,0x00,0xBF,0xF4,0xBF,0xF4,0x00,0x00,0xBF,
  0xF4,0xAF,0xF3,0x00,0x00,0xAF,0xF3,0x00,0x05,0xBE,0xFE,0xB6,0x00,0x00,0x0A,0xFF,0xFF,0xFF,0xFB,0x10,
  0x09,0xFF,0xFA,0x79,0xFF,0xFA,0x02,0xFF,0xF4,0x00,0x03,0xFF,0xF3,0x7F,0xFA,0x00,0x00,0x09,0xFF,0x8A,
  0xFF,0x60,0x00,0x00,0x5F,0xFB,0xBF,0xF5,0x00,0x00,0x04,0xFF,0xCB,0xFF,0x60,0x00,0x00,0x5F,0xFC,0x8F,
  0xF9,0x00,0x00,0x08,0xFF,0x93,0xFF,0xE2,0x00,0x01,0xEF,0xF4,0x0B,0xFF,0xD6,0x35,0xDF,0xFC,0x00,0x2D,
  0xFF,0xFF,0xFF,0xFD,0x20,0x00,0x19,0xEF,0xFF,0xF9,0x20,0x00,0x00,0x00,0x34,0x31,0x00,0x00,0x7A,0xA4,
  0xAE,0xFE,0xB4,0x00,0x0B,0xFF,0xFF,0xFF,0xFF,0xF7,0x00,0xBF,0xFF,0xE9,0x7B,0xFF,0xF4,0x0B,0xFF,0xE2,
  0x00,0x09,0xFF,0xC0,0xBF,0xF8,0x00,0x00,0x2F,0xFF,0x2B,0xFF,0x50,0x00,0x00,0xDF,0xF4,0xBF,0xF4,0x00,
  0x00,0x0B,0xFF,0x5B,0xFF,0x40,0x00,0x00,0xCF,0xF4,0xBF,0xF6,0x00,0x00,0x1E,0xFF,0x2B,0xFF,0xC0,0x00,
  0x07,0xFF,0xC0,0xBF,0xFF,0xC5,0x48,0xFF,0xF5,0x0B,0xFF,0xFF,0xFF,0xFF,0xF8,0x00,0xBF,0xFB,0xEF,0xFF,
  0xD5,0x00,0x0B,0xFF,0x40,0x34,0x20,0x00,0x00,0xBF,0xF4,0x00,0x00,0x00,0x00,0x0B,0xFF,0x40,0x00,0x00,
  0x00,0x00,0xBF,0xF4,0x00,0x00,0x00,0x00,0x02,0x44,0x00,0x00,0x00,0x00,0x00,0x00,0x04,0xBE,0xFD,0xA7,
  0xAA,0x40,0x09,0xFF,0xFF,0xFF,0xFF,0xF8,0x08,0xFF,0xF9,0x7A,0xFF,0xFF,0x82,0xFF,0xF4,0x00,0x05,0xFF,
  0xF8,0x7F,0xFA,0x00,0x00,0x0B,0xFF,0x8A,0xFF,0x60,0x00,0x00,0x8F,0xF8,0xBF,0xF5,0x00,0x00,0x08,0xFF,
  0x8B,0xFF,0x60,0x00,0x00,0x8F,0xF8,0x9F,0xF9,0x00,0x00,0x0B,0xFF,0x85,0xFF,0xE1,0x00,0x03,0xFF,0xF8,
  0x0D,0xFF,0xD5,0x36,0xEF,0xFF,0x80,0x3E,0xFF,0xFF,0xFF,0xFF,0xF8,0x00,0x2B,0xFF,0xFF,0xCA,0xFF,0x80,
  0x00,0x01,0x33,0x10,0x8F,0xF8,0x00,0x00,0x00,0x00,0x08,0xFF,0x80,0x00,0x00,0x00,0x00,0x8F,0xF8,0x00,
  0x00,0x00,0x00,0x07,0xFF,0x70,0x00,0x00,0x00,0x00,0x14,0x41,0x8B,0xB7,0xCE,0x7B,0xFF,0xFF,0xF9,0xBF,
  0xFF,0xD9,0x4B,0xFF,0xD1,0x00,0xBF,0xF6,0x00,0x0B,0xFF,0x40,0x00,0xBF,0xF4,0x00,0x0B,0xFF,0x40,0x00,
  0xBF,0xF4,0x00,0x0B,0xFF,0x40,0x00,0xBF,0xF4,0x00,0x0B,0xFF,0x40,0x00,0xAF,0xF3,0x00,0x00,0x00,0x6C,
  0xFF,0xC7,0x00,0x0A,0xFF,0xFF,0xFF,0xB0,0x4F,0xFE,0x88,0xFF,0xF6,0x7F,0xF9,0x00,0x7F,0xFB,0x7F,0xFD,
  0x30,0x19,0x97,0x2F,0xFF,0xFC,0x82,0x00,0x05,0xEF,0xFF,0xFF,0x80,0x00,0x17,0xCF,0xFF,0xF7,0x67,0x70,
  0x02,0xAF,0xFD,0xDF,0xF4,0x00,0x2F,0xFF,0x9F,0xFD,0x54,0x9F,0xFD,0x1D,0xFF,0xFF,0xFF,0xF5,0x02,0xAF,
  0xFF,0xFD,0x50,0x00,0x01,0x33,0x20,0x00,0x02,0x66,0x20,0x00,0x8F,0xF8,0x00,0x08,0xFF,0x80,0x0A,0xDF,
  0xFD,0xB7,0xFF,0xFF,0xFF,0xBA,0xDF,0xFD,0xB8,0x08,0xFF,0x80,0x00,0x8F,0xF8,0x00,0x08,0xFF,0x80,0x00,
  0x8F,0xF8,0x00,0x08,0xFF,0x80,0x00,0x8F,0xF8,0x00,0x08,0xFF,0x80,0x00,0x7F,0xFC,0x53,0x04,0xFF,0xFF,
  0x90,0x09,0xFF,0xF8,0x00,0x01,0x21,0x00,0xAB,0xA0,0x00,0x00,0xAB,0xAF,0xFF,0x00,0x00,0x0F,0xFF,0xFF,
  0xF0,0x00,0x00,0xFF,0xFF,0xFF,0x00,0x00,0x0F,0xFF,0xFF,0xF0,0x00,0x00,0xFF,0xFF,0xFF,0x00,0x00,0x0F,
  0xFF,0xFF,0xF0,0x00,0x00,0xFF,0xFF,0xFF,0x00,0x00,0x1F,0xFF,0xFF,0xF1,0x00,0x04,0xFF,0xFE,0xFF,0x30,
  0x00,0xAF,0xFF,0xAF,0xFD,0x54,0x9F,0xFF,0xF3,0xEF,0xFF,0xFF,0xFF,0xFF,0x03,0xCF,0xFF,0xE9,0xEF,0xE0,
  0x00,0x23,0x30,0x00,0x00,0x4B,0xB6,0x00,0x00,0x03,0xBB,0x73,0xFF,0xD0,0x00,0x00,0x9F,0xF6,0x0D,0xFF,
  0x40,0x00,0x0E,0xFF,0x10,0x7F,0xF9,0x00,0x04,0xFF,0xA0,0x02,0xFF,0xE0,0x00,0x9F,0xF4,0x00,0x0B,0xFF,
  0x40,0x0E,0xFE,0x00,0x00,0x5F,0xF9,0x04,0xFF,0x80,0x00,0x01,0xEF,0xE0,0xAF,0xF3,0x00,0x00,0x09,0xFF,
  0x5E,0xFC,0x00,0x00,0x00,0x3F,0xFD,0xFF,0x60,0x00,0x00,0x00,0xDF,0xFF,0xF1,0x00,0x00,0x00,0x07,0xFF,
  0xFA,0x00,0x00,0x00,0x00,0x2E,0xFF,0x40,0x00,0x00,0x4B,0xB7,0x00,0x00,0xBB,0xB3,0x00,0x04,0xBB,0x64,
  0xFF,0xE0,0x00,0x4F,0xFF,0x80,0x00,0x9F,0xF6,0x0E,0xFF,0x30,0x08,0xFF,0xFC,0x00,0x0D,0xFF,0x20,0xAF,
  0xF7,0x00,0xCF,0xFF,0xF1,0x02,0xFF,0xC0,0x05,0xFF,0xB0,0x1F,0xFE,0xFF,0x50,0x7F,0xF7,0x00,0x1E,0xFF,
  0x14,0xFF,0x8F,0xF9,0x0B,0xFF,0x20,0x00,0xAF,0xF4,0x8F,0xF1,0xEF,0xD0,0xEF,0xD0,0x00,0x06,0xFF,0x8C,
  0xFC,0x0A,0xFF,0x5F,0xF8,0x00,0x00,0x1F,0xFD,0xFF,0x80,0x6F,0xFD,0xFF,0x30,0x00,0x00,0xBF,0xFF,0xF4,
  0x02,0xFF,0xFF,0xD0,0x00,0x00,0x06,0xFF,0xFF,0x10,0x0D,0xFF,0xF9,0x00,0x00,0x00,0x2F,0xFF,0xB0,0x00,
  0x9F,0xFF,0x40,0x00,0x00,0x00,0xBF,0xF7,0x00,0x05,0xFF,0xD0,0x00,0x00,0x4B,0xB9,0x00,0x00,0x4B,0xB8,
  0x2E,0xFF,0x50,0x01,0xEF,0xF6,0x06,0xFF,0xE1,0x09,0xFF,0xA0,0x00,0xAF,0xF9,0x4F,0xFD,0x10,0x00,0x1E,
  0xFF,0xEF,0xF4,0x00,0x00,0x04,0xFF,0xFF,0x80,0x00,0x00,0x00,0xBF,0xFE,0x10,0x00,0x00,0x04,0xFF,0xFF,
  0x70,0x00,0x00,0x1D,0xFF,0xEF,0xF3,0x00,0x00,0xAF,0xF9,0x6F,0xFD,0x10,0x05,0xFF,0xD1,0x0B,0xFF,0x80,
  0x2E,0xFF,0x40,0x02,0xEF,0xF4,0x8F,0xF9,0x00,0x00,0x7F,0xFB,0x49,0x95,0x00,0x00,0x03,0x99,0x55,0xFF,
  0xD0,0x00,0x00,0xAF,0xF6,0x0E,0xFF,0x30,0x00,0x1F,0xFE,0x10,0x9F,0xF8,0x00,0x05,0xFF,0xA0,0x03,0xFF,
  0xD0,0x00,0xAF,0xF4,0x00,0x0C,0xFF,0x30,0x1F,0xFD,0x00,0x00,0x7F,0xF8,0x05,0xFF,0x80,0x00,0x01,0xFF,
  0xD0,0xAF,0xF2,0x00,0x00,0x0B,0xFF,0x4F,0xFC,0x00,0x00,0x00,0x5F,0xFD,0xFF,0x60,0x00,0x00,0x00,0xEF,
  0xFF,0xE1,0x00,0x00,0x00,0x09,0xFF,0xFA,0x00,0x00,0x00,0x00,0x3F,0xFF,0x40,0x00,0x00,0x00,0x01,0xFF,
  0xD0,0x00,0x00,0x00,0x00,0x8F,0xF7,0x00,0x00,0x00,0x2B,0xCF,0xFD,0x10,0x00,0x00,0x04,0xFF,0xFE,0x30,
  0x00,0x00,0x00,0x2B,0xB8,0x20,0x00,0x00,0x00,0x38,0x88,0x88,0x88,0x87,0x8F,0xFF,0xFF,0xFF,0xFF,0x6E,
  0xEE,0xEE,0xFF,0xFE,0x00,0x00,0x03,0xEF,0xF5,0x00,0x00,0x1D,0xFF,0x80,0x00,0x00,0xBF,0xFB,0x00,0x00,
  0x08,0xFF,0xD1,0x00,0x00,0x5F,0xFF,0x30,0x00,0x02,0xEF,0xF6,0x00,0x00,0x1D,0xFF,0x90,0x00,0x00,0xAF,
  0xFF,0x77,0x77,0x76,0xFF,0xFF,0xFF,0xFF,0xFF,0xEF,0xFF,0xFF,0xFF,0xFE,0x00,0x02,0x41,0x01,0xCF,0xF7,
  0x09,0xFF,0xF7,0x0B,0xF9,0x00,0x0A,0xF9,0x00,0x08,0xFA,0x00,0x06,0xFC,0x00,0x05,0xFE,0x00,0x04,0xFF,
  0x00,0x5C,0xFC,0x00,0xFF,0xF4,0x00,0xCF,0xF9,0x00,0x06,0xFE,0x00,0x04,0xFF,0x00,0x06,0xFD,0x00,0x07,
  0xFB,0x00,0x09,0xF9,0x00,0x0B,0xF8,0x00,0x0A,0xFD,0x83,0x05,0xFF,0xF8,0x00,0x49,0xB5,0x38,0x58,0xFB,
  0x8F,0xB8,0xFB,0x8F,0xB8,0xFB,0x8F,0xB8,0xFB,0x8F,0xB8,0xFB,0x8F,0xB8,0xFB,0x8F,0xB8,0xFB,0x8F,0xB8,
  0xFB,0x8F,0xB8,0xFB,0x8F,0xB8,0xFB,0x8F,0xB8,0xFB,0x8F,0xB3,0x85,0x33,0x10,0x00,0xDF,0xE7,0x00,0xCF,
  0xFF,0x10,0x01,0xFF,0x40,0x01,0xFF,0x30,0x03,0xFF,0x10,0x05,0xFE,0x00,0x07,0xFC,0x00,0x07,0xFC,0x00,
  0x05,0xFF,0x83,0x00,0xCF,0xF9,0x02,0xEF,0xF7,0x07,0xFD,0x10,0x07,0xFC,0x00,0x06,0xFD,0x00,0x04,0xFF,
  0x00,0x02,0xFF,0x20,0x00,0xFF,0x30,0x69,0xFF,0x30,0xDF,0xFD,0x00,0x9B,0x81,0x00,0x08,0xEE,0xB3,0x00,
  0xAF,0x75,0xFF,0xFF,0xFA,0x5E,0xF6,0xAF,0xB5,0xCF,0xFF,0xFF,0x2A,0xF7,0x00,0x5C,0xFD,0x50,0x02,0x30,
  0x04,0xFF,0xB0,0xBF,0xFF,0x39,0xFF,0xF2,0x19,0xB4,0x00,0x06,0x71,0x02,0x74,0x00,0x67,0x18,0xFF,0xB1,
  0xEF,0xF4,0x8F,0xFB,0xBF,0xFF,0x3F,0xFF,0x7B,0xFF,0xF5,0xFF,0x90,0xCF,0xE2,0x5F,0xF9,0x02,0x30,0x00,
  0x31,0x00,0x23,0x00,0x02,0x67,0x30,0x04,0xEF,0xFF,0x70,0xCF,0xED,0xFF,0x1F,0xF5,0x1F,0xF3,0xDF,0xCA,
  0xFF,0x26,0xFF,0xFF,0xA0,0x05,0xAB,0x70,0x00,
};
static const FontGlyph kFontLGlyphs[] = {
  {    0,  0,  0,  -1,    1,  5},  // 0x20 ' '
  {    0,  5, 18,   0,  -16,  6},  // 0x21 '!'
  {   45,  7,  8,   1,  -18,  8},  // 0x22 '"'
  {   73, 11, 18,   1,  -16, 13},  // 0x23 '#'
  {  172, 13, 21,   0,  -18, 13},  // 0x24 '$'
  {  309, 16, 18,   0,  -16, 17},  // 0x25 '%'
  {  453, 14, 18,   1,  -16, 15},  // 0x26 '&'
  {  579,  4,  8,   0,  -18,  4},  // 0x27 "'"
  {  595,  6, 21,   1,  -18,  7},  // 0x28 '('
  {  658,  5, 21,   0,  -18,  7},  // 0x29 ')'
  {  711, 10, 11,   1,  -12, 13},  // 0x2A '*'
  {  766, 11, 12,   1,  -14, 13},  // 0x2B '+'
  {  832,  6,  6,  -2,   -2,  5},  // 0x2C ','
  {  850,  6,  3,   0,   -8,  6},  // 0x2D '-'
  {  859,  4,  5,   0,   -4,  5},  // 0x2E '.'
  {  869,  9, 18,  -1,  -16,  7},  // 0x2F '/'
  {  950, 13, 18,   0,  -16, 13},  // 0x30 '0'
  { 1067,  8, 17,   2,  -16, 13},  // 0x31 '1'
  { 1135, 12, 17,   0,  -16, 13},  // 0x32 '2'
  { 1237, 13, 18,   0,  -16, 13},  // 0x33 '3'
  { 1354, 13, 17,   0,  -16, 13},  // 0x34 '4'
  { 1465, 13, 18,   0,  -16, 13},  // 0x35 '5'
  { 1582, 13, 18,   0,  -16, 13},  // 0x36 '6'
  { 1699, 13, 17,   0,  -16, 13},  // 0x37 '7'
  { 1810, 13, 18,   0,  -16, 13},  // 0x38 '8'
  { 1927, 13, 18,   0,  -16, 13},  // 0x39 '9'
  { 2044,  4, 14,   0,  -12,  5},  // 0x3A ':'
  { 2072,  6, 16,  -2,  -12,  5},  // 0x3B ';'
  { 2120, 11, 12,   1,  -11, 13},  // 0x3C '<'
  { 2186, 11,  7,   1,  -10, 13},  // 0x3D '='
  { 2225, 10, 12,   1,  -11, 13},  // 0x3E '>'
  { 2285, 11, 18,   0,  -16, 12},  // 0x3F '?'
  { 2384, 18, 19,   0,  -16, 19},  // 0x40 '@'
  { 2555, 15, 17,   0,  -16, 14},  // 0x41 'A'
  { 2683, 13, 17,   1,  -16, 14},  // 0x42 'B'
  { 2794, 15, 18,   0,  -16, 16},  // 0x43 'C'
  { 2929, 15, 17,   1,  -16, 16},  // 0x44 'D'
  { 3057, 12, 17,   1,  -16, 14},  // 0x45 'E'
  { 3159, 12, 17,   1,  -16, 13},  // 0x46 'F'
  { 3261, 15, 18,   0,  -16, 16},  // 0x47 'G'
  { 3396, 14, 17,   1,  -16, 17},  // 0x48 'H'
  { 3515,  4, 17,   1,  -16,  6},  // 0x49 'I'
  { 3549, 12, 18,   0,  -16, 12},  // 0x4A 'J'
  { 3657, 14, 17,   1,  -16, 14},  // 0x4B 'K'
  { 3776, 12, 17,   1,  -16, 13},  // 0x4C 'L'
  { 3878, 17, 17,   1,  -16, 20},  // 0x4D 'M'
  { 4023, 14, 17,   1,  -16, 16},  // 0x4E 'N'
  { 4142, 16, 18,   0,  -16, 17},  // 0x4F 'O'
  { 4286, 13, 17,   1,  -16, 14},  // 0x50 'P'
  { 4397, 16, 18,   0,  -16, 16},  // 0x51 'Q'
  { 4541, 13, 17,   1,  -16, 14},  // 0x52 'R'
  { 4652, 13, 18,   0,  -16, 13},  // 0x53 'S'
  { 4769, 14, 17,   0,  -16, 14},  // 0x54 'T'
  { 4888, 13, 18,   1,  -16, 16},  // 0x55 'U'
  { 5005, 15, 17,   0,  -16, 14},  // 0x56 'V'
  { 5133, 22, 17,   0,  -16, 22},  // 0x57 'W'
  { 5320, 15, 17,   0,  -16, 14},  // 0x58 'X'
  { 5448, 15, 17,  -1,  -16, 13},  // 0x59 'Y'
  { 5576, 13, 17,   0,  -16, 14},  // 0x5A 'Z'
  { 5687,  6, 21,   1,  -18,  8},  // 0x5B '['
  { 5750,  9, 18,  -1,  -16,  7},  // 0x5C '//'
  { 5831,  5, 21,   0,  -18,  7},  // 0x5D ']'
  { 5884, 11, 11,   1,  -14, 13},  // 0x5E '^'
  { 5945, 11,  3,   0,    0, 11},  // 0x5F '_'
  { 5962,  5,  5,   0,  -16,  7},  // 0x60 '`'
  { 5975, 11, 14,   0,  -12, 12},  // 0x61 'a'
  { 6052, 13, 19,   1,  -18, 14},  // 0x62 'b'
  { 6176, 12, 14,   0,  -12, 12},  // 0x63 'c'
  { 6260, 13, 19,   0,  -18, 14},  // 0x64 'd'
  { 6384, 12, 14,   0,  -12, 13},  // 0x65 'e'
  { 6468,  7, 18,   0,  -18,  7},  // 0x66 'f'
  { 6531, 13, 18,   0,  -12, 14},  // 0x67 'g'
  { 6648, 12, 18,   1,  -18, 14},  // 0x68 'h'
  { 6756,  5, 17,   0,  -16,  6},  // 0x69 'i'
  { 6799,  6, 22,  -1,  -16,  6},  // 0x6A 'j'
  { 6865, 12, 18,   1,  -18, 12},  // 0x6B 'k'
  { 6973,  5, 18,   1,  -18,  6},  // 0x6C 'l'
  { 7018, 17, 13,   1,  -12, 19},  // 0x6D 'm'
  { 7129, 12, 13,   1,  -12, 14},  // 0x6E 'n'
  { 7207, 13, 14,   0,  -12, 14},  // 0x6F 'o'
  { 7298, 13, 18,   1,  -12, 14},  // 0x70 'p'
  { 7415, 13, 18,   0,  -12, 14},  // 0x71 'q'
  { 7532,  7, 13,   1,  -12,  8},  // 0x72 'r'
  { 7578, 10, 14,   0,  -12, 11},  // 0x73 's'
  { 7648,  7, 17,   0,  -16,  8},  // 0x74 't'
  { 7708, 11, 14,   1,  -12, 14},  // 0x75 'u'
  { 7785, 13, 13,  -1,  -12, 12},  // 0x76 'v'
  { 7870, 19, 13,  -1,  -12, 18},  // 0x77 'w'
  { 7994, 12, 13,  -1,  -12, 11},  // 0x78 'x'
  { 8072, 13, 18,  -1,  -12, 12},  // 0x79 'y'
  { 8189, 10, 13,   0,  -12, 11},  // 0x7A 'z'
  { 8254,  6, 21,   1,  -18,  7},  // 0x7B '{'
  { 8317,  3, 24,   1,  -18,  6},  // 0x7C '|'
  { 8353,  6, 21,   0,  -18,  7},  // 0x7D '}'
  { 8416, 11,  4,   1,   -8, 13},  // 0x7E '~'
  { 8438,  5,  5,   0,  -10,  5},  // 0x7F '·'
  { 8451, 13,  5,   0,   -4, 14},  // 0x80 '…'
  { 8484,  7,  7,   0,  -16,  7},  // 0x81 '°'
};
const Font kFontL = { kFontLBits, kFontLGlyphs, 0x20, 0x81, 31, 22, 15 };

// kFontXL: 32 px semi-bold, line 43 px, cap height 23 px
static const uint8_t kFontXLBits[] = {
  0x27,0x88,0x50,0x5F,0xFF,0xD0,0x5F,0xFF,0xC0,0x4F,0xFF,0xC0,0x4F,0xFF,0xB0,0x4F,0xFF,0xB0,0x3F,0xFF,
  0xB0,0x3F,0xFF,0xA0,0x3F,0xFF,0xA0,0x2F,0xFF,0xA0,0x2F,0xFF,0x90,0x2F,0xFF,0x90,0x1F,0xFF,0x90,0x1F,
  0xFF,0x80,0x1F,0xFF,0x80,0x0F,0xFF,0x80,0x0F,0xFF,0x70,0x0E,0xFF,0x60,0x00,0x00,0x00,0x06,0xB9,0x20,
  0x6F,0xFF,0xD0,0xBF,0xFF,0xF3,0x9F,0xFF,0xF2,0x2D,0xFF,0x80,0x00,0x32,0x00,0x8B,0xBB,0x3B,0xBB,0x6B,
  0xFF,0xF5,0xFF,0xF9,0xAF,0xFF,0x4F,0xFF,0x8A,0xFF,0xF3,0xFF,0xF8,0x9F,0xFF,0x2F,0xFF,0x78,0xFF,0xE1,
  0xFF,0xF6,0x8F,0xFE,0x1F,0xFF,0x67,0xFF,0xD0,0xFF,0xF5,0x7F,0xFC,0x0E,0xFF,0x41,0x44,0x20,0x34,0x40,
  0x00,0x00,0x00,0x05,0x63,0x02,0x66,0x10,0x00,0x00,0x00,0x4F,0xF8,0x09,0xFF,0x40,0x00,0x00,0x00,0x7F,
  0xF5,0x0C,0xFF,0x10,0x00,0x00,0x00,0xBF,0xF2,0x0F,0xFD,0x00,0x00,0x00,0x00,0xEF,0xE0,0x3F,0xFA,0x00,
  0x00,0x00,0x02,0xFF,0xB0,0x6F,0xF7,0x00,0x00,0x00,0x05,0xFF,0x80,0x9F,0xF3,0x00,0x00,0x44,0x49,0xFF,
  0x84,0xDF,0xF4,0x42,0x04,0xFF,0xFF,0xFF,0xFF,0xFF,0xFF,0xFB,0x04,0xFF,0xFF,0xFF,0xFF,0xFF,0xFF,0xFB,
  0x01,0x78,0x9F,0xFC,0x8B,0xFF,0xA8,0x85,0x00,0x00,0x6F,0xF7,0x0A,0xFF,0x30,0x00,0x00,0x00,0x9F,0xF4,
  0x0D,0xFE,0x00,0x00,0x00,0x00,0xCF,0xF1,0x1F,0xFC,0x00,0x00,0x3F,0xFF,0xFF,0xFF,0xFF,0xFF,0xFF,0xA0,
  0x4F,0xFF,0xFF,0xFF,0xFF,0xFF,0xFF,0xB0,0x2B,0xBD,0xFF,0xDB,0xEF,0xFB,0xBB,0x80,0x00,0x0A,0xFF,0x30,
  0xEF,0xE0,0x00,0x00,0x00,0x0D,0xFF,0x02,0xFF,0xB0,0x00,0x00,0x00,0x1F,0xFC,0x05,0xFF,0x80,0x00,0x00,
  0x00,0x4F,0xF9,0x08,0xFF,0x40,0x00,0x00,0x00,0x7F,0xF6,0x0C,0xFF,0x10,0x00,0x00,0x00,0xAF,0xF2,0x0F,
  0xFD,0x00,0x00,0x00,0x00,0x8B,0xA0,0x1B,0xB7,0x00,0x00,0x00,0x00,0x00,0x00,0x03,0x42,0x00,0x00,0x00,
  0x00,0x00,0x00,0x00,0xFF,0xB0,0x00,0x00,0x00,0x00,0x00,0x00,0x0F,0xFB,0x00,0x00,0x00,0x00,0x00,0x00,
  0x59,0xFF,0xE9,0x40,0x00,0x00,0x00,0x04,0xDF,0xFF,0xFF,0xFF,0xC2,0x00,0x00,0x06,0xFF,0xFF,0xFF,0xFF,
  0xFF,0xE2,0x00,0x02,0xFF,0xFF,0xCF,0xFE,0xEF,0xFF,0xC0,0x00,0x9F,0xFF,0xA0,0xFF,0xB1,0xDF,0xFF,0x50,
  0x0D,0xFF,0xF2,0x0F,0xFB,0x05,0xFF,0xFB,0x00,0xFF,0xFF,0x00,0xFF,0xB0,0x1F,0xFF,0xE0,0x0F,0xFF,0xF2,
  0x0F,0xFB,0x00,0x68,0x87,0x00,0xDF,0xFF,0x80,0xFF,0xB0,0x00,0x00,0x00,0x08,0xFF,0xFF,0xAF,0xFB,0x00,
  0x00,0x00,0x00,0x2E,0xFF,0xFF,0xFF,0xE7,0x10,0x00,0x00,0x00,0x4E,0xFF,0xFF,0xFF,0xFE,0x81,0x00,0x00,
  0x00,0x2A,0xFF,0xFF,0xFF,0xFF,0xD3,0x00,0x00,0x00,0x03,0x8F,0xFF,0xFF,0xFF,0xE1,0x00,0x00,0x00,0x00,
  0xFF,0xDC,0xFF,0xFF,0x90,0x00,0x00,0x00,0x0F,0xFB,0x0A,0xFF,0xFE,0x01,0x22,0x20,0x00,0xFF,0xB0,0x1E,
  0xFF,0xF3,0xBF,0xFF,0x30,0x0F,0xFB,0x00,0xCF,0xFF,0x4A,0xFF,0xF7,0x00,0xFF,0xB0,0x0C,0xFF,0xF3,0x7F,
  0xFF,0xE1,0x0F,0xFB,0x02,0xFF,0xFE,0x02,0xFF,0xFF,0xD4,0xFF,0xC5,0xDF,0xFF,0x80,0x07,0xFF,0xFF,0xFF,
  0xFF,0xFF,0xFF,0xC1,0x00,0x07,0xFF,0xFF,0xFF,0xFF,0xFF,0xB1,0x00,0x00,0x03,0xAE,0xFF,0xFF,0xFB,0x50,
  0x00,0x00,0x00,0x00,0x01,0xFF,0xC0,0x00,0x00,0x00,0x00,0x00,0x00,0x0F,0xFB,0x00,0x00,0x00,0x00,0x00,
  0x00,0x00,0xAB,0x80,0x00,0x00,0x00,0x00,0x03,0x8B,0xB8,0x30,0x00,0x00,0x00,0x05,0x66,0x40,0x00,0x08,
  0xFF,0xFF,0xFF,0x80,0x00,0x00,0x05,0xFF,0xF8,0x00,0x05,0xFF,0xFF,0xFF,0xFF,0x50,0x00,0x01,0xEF,0xFD,
  0x10,0x00,0xDF,0xFF,0x66,0xFF,0xFD,0x00,0x00,0xAF,0xFF,0x50,0x00,0x2F,0xFF,0xA0,0x0A,0xFF,0xF2,0x00,
  0x4F,0xFF,0xA0,0x00,0x04,0xFF,0xF8,0x00,0x8F,0xFF,0x40,0x1D,0xFF,0xE1,0x00,0x00,0x3F,0xFF,0x80,0x08,
  0xFF,0xF3,0x08,0xFF,0xF6,0x00,0x00,0x01,0xFF,0xFC,0x00,0xCF,0xFF,0x13,0xFF,0xFB,0x00,0x00,0x00,0x0B,
  0xFF,0xFA,0xAF,0xFF,0xB0,0xCF,0xFE,0x20,0x00,0x00,0x00,0x3F,0xFF,0xFF,0xFF,0xF3,0x7F,0xFF,0x70,0x00,
  0x00,0x00,0x00,0x4E,0xFF,0xFF,0xE4,0x2F,0xFF,0xC0,0x00,0x00,0x00,0x00,0x00,0x15,0x77,0x51,0x0B,0xFF,
  0xF3,0x00,0x00,0x00,0x00,0x00,0x00,0x00,0x00,0x06,0xFF,0xF8,0x00,0x00,0x00,0x00,0x00,0x00,0x00,0x00,
  0x02,0xEF,0xFD,0x13,0xAE,0xFE,0xA3,0x00,0x00,0x00,0x00,0x00,0xAF,0xFF,0x44,0xFF,0xFF,0xFF,0xF4,0x00,
  0x00,0x00,0x00,0x5F,0xFF,0x91,0xEF,0xFF,0xFF,0xFF,0xE1,0x00,0x00,0x00,0x1E,0xFF,0xE1,0x7F,0xFF,0x91,
  0x9F,0xFF,0x70,0x00,0x00,0x09,0xFF,0xF5,0x0A,0xFF,0xF2,0x02,0xFF,0xFA,0x00,0x00,0x04,0xFF,0xFA,0x00,
  0xBF,0xFF,0x00,0x0F,0xFF,0xB0,0x00,0x01,0xDF,0xFE,0x20,0x0A,0xFF,0xF1,0x01,0xFF,0xFA,0x00,0x00,0x8F,
  0xFF,0x60,0x00,0x8F,0xFF,0x60,0x6F,0xFF,0x80,0x00,0x3F,0xFF,0xB0,0x00,0x02,0xFF,0xFF,0xCF,0xFF,0xF2,
  0x00,0x0C,0xFF,0xF2,0x00,0x00,0x07,0xFF,0xFF,0xFF,0xF7,0x00,0x02,0xCC,0xC6,0x00,0x00,0x00,0x06,0xDF,
  0xFF,0xE6,0x00,0x00,0x00,0x00,0x00,0x00,0x00,0x00,0x00,0x24,0x20,0x00,0x00,0x00,0x00,0x01,0x6A,0xCD,
  0xDC,0xB8,0x00,0x00,0x00,0x00,0x00,0x7E,0xFF,0xFF,0xFF,0xFF,0x00,0x00,0x00,0x00,0x0A,0xFF,0xFF,0xFF,
  0xFF,0xFF,0x00,0x00,0x00,0x00,0x7F,0xFF,0xFA,0x54,0x45,0x78,0x00,0x00,0x00,0x01,0xEF,0xFF,0x50,0x00,
  0x00,0x00,0x00,0x00,0x00,0x05,0xFF,0xFB,0x00,0x00,0x00,0x00,0x00,0x00,0x00,0x07,0xFF,0xF8,0x00,0x00,
  0x00,0x13,0x33,0x00,0x00,0x07,0xFF,0xF8,0x00,0x00,0x00,0x7F,0xFF,0x40,0x00,0x05,0xFF,0xFB,0x00,0x00,
  0x00,0x8F,0xFF,0x40,0x00,0x01,0xEF,0xFF,0x60,0x00,0x00,0x8F,0xFF,0x40,0x00,0x00,0x5F,0xFF,0xFD,0xA9,
  0x99,0xCF,0xFF,0x98,0x72,0x00,0x04,0xEF,0xFF,0xFF,0xFF,0xFF,0xFF,0xFF,0xF6,0x00,0x08,0xEF,0xFF,0xFF,
  0xFF,0xFF,0xFF,0xFF,0xF6,0x00,0xBF,0xFF,0xFE,0xCA,0x99,0xCF,0xFF,0xB9,0x93,0x08,0xFF,0xFD,0x50,0x00,
  0x00,0x8F,0xFF,0x40,0x00,0x1F,0xFF,0xE2,0x00,0x00,0x00,0x8F,0xFF,0x40,0x00,0x5F,0xFF,0x90,0x00,0x00,
  0x00,0x8F,0xFF,0x40,0x00,0x7F,0xFF,0x80,0x00,0x00,0x00,0x8F,0xFF,0x40,0x00,0x7F,0xFF,0xA0,0x00,0x00,
  0x00,0x8F,0xFF,0x40,0x00,0x5F,0xFF,0xE1,0x00,0x00,0x00,0x8F,0xFF,0x40,0x00,0x1E,0xFF,0xFD,0x51,0x00,
  0x00,0x8F,0xFF,0x40,0x00,0x06,0xFF,0xFF,0xFF,0xED,0xDE,0xFF,0xFF,0x40,0x00,0x00,0x7F,0xFF,0xFF,0xFF,
  0xFF,0xFF,0xFF,0x40,0x00,0x00,0x02,0x8C,0xFF,0xFF,0xFF,0xFF,0xDA,0x10,0x00,0x00,0x00,0x00,0x02,0x34,
  0x33,0x20,0x00,0x00,0x00,0x1B,0xBB,0x81,0xFF,0xFB,0x1F,0xFF,0xA0,0xFF,0xFA,0x0F,0xFF,0x90,0xEF,0xF9,
  0x0D,0xFF,0x80,0xDF,0xF7,0x0C,0xFF,0x70,0x24,0x41,0x00,0x00,0x16,0x62,0x00,0x00,0xAF,0xF5,0x00,0x04,
  0xFF,0xC0,0x00,0x0B,0xFF,0x50,0x00,0x3F,0xFD,0x00,0x00,0x9F,0xF7,0x00,0x00,0xEF,0xF2,0x00,0x04,0xFF,
  0xC0,0x00,0x07,0xFF,0x80,0x00,0x0B,0xFF,0x40,0x00,0x0D,0xFF,0x20,0x00,0x1F,0xFE,0x00,0x00,0x2F,0xFD,
  0x00,0x00,0x3F,0xFC,0x00,0x00,0x4F,0xFB,0x00,0x00,0x4F,0xFC,0x00,0x00,0x3F,0xFC,0x00,0x00,0x2F,0xFD,
  0x00,0x00,0x0F,0xFF,0x00,0x00,0x0D,0xFF,0x20,0x00,0x0A,0xFF,0x50,0x00,0x07,0xFF,0x80,0x00,0x03,0xFF,
  0xC0,0x00,0x00,0xDF,0xF2,0x00,0x00,0x8F,0xF8,0x00,0x00,0x2F,0xFD,0x00,0x00,0x0B,0xFF,0x60,0x00,0x03,
  0xFF,0xD0,0x00,0x00,0x9F,0xF6,0x00,0x00,0x14,0x41,0x26,0x61,0x00,0x00,0x5F,0xFA,0x00,0x00,0x0C,0xFF,
  0x40,0x00,0x05,0xFF,0xB0,0x00,0x00,0xDF,0xF3,0x00,0x00,0x7F,0xF9,0x00,0x00,0x2F,0xFE,0x00,0x00,0x0C,
  0xFF,0x40,0x00,0x08,0xFF,0x70,0x00,0x04,0xFF,0xB0,0x00,0x02,0xFF,0xD0,0x00,0x00,0xEF,0xF1,0x00,0x00,
  0xDF,0xF2,0x00,0x00,0xCF,0xF3,0x00,0x00,0xBF,0xF4,0x00,0x00,0xCF,0xF4,0x00,0x00,0xCF,0xF3,0x00,0x00,
  0xDF,0xF2,0x00,0x00,0xFF,0xF0,0x00,0x02,0xFF,0xD0,0x00,0x05,0xFF,0xA0,0x00,0x08,0xFF,0x70,0x00,0x0C,
  0xFF,0x30,0x00,0x2F,0xFD,0x00,0x00,0x8F,0xF8,0x00,0x00,0xDF,0xF2,0x00,0x06,0xFF,0xB0,0x00,0x0D,0xFF,
  0x30,0x00,0x6F,0xF9,0x00,0x00,0x14,0x41,0x00,0x00,0x00,0x00,0x03,0x88,0x30,0x00,0x00,0x00,0x00,0x08,
  0xFF,0x60,0x00,0x00,0x00,0x00,0x07,0xFF,0x60,0x00,0x00,0x00,0x00,0x06,0xFF,0x50,0x00,0x00,0x19,0x40,
  0x05,0xFF,0x40,0x05,0x91,0x6F,0xFD,0x76,0xFF,0x58,0xDF,0xF5,0xBF,0xFF,0xFF,0xFF,0xFF,0xFF,0xF9,0x26,
  0xAE,0xFF,0xFF,0xFF,0xEA,0x62,0x00,0x00,0x7F,0xFF,0xF5,0x00,0x00,0x00,0x02,0xEF,0xEF,0xFD,0x10,0x00,
  0x00,0x1C,0xFF,0x67,0xFF,0xB0,0x00,0x00,0xAF,0xFB,0x00,0xCF,0xF9,0x00,0x03,0xFF,0xF2,0x00,0x3F,0xFF,
  0x20,0x00,0x5E,0x70,0x00,0x08,0xE4,0x00,0x00,0x01,0x00,0x00,0x00,0x10,0x00,0x00,0x00,0x03,0xFF,0x70,
  0x00,0x00,0x00,0x00,0x00,0x4F,0xF8,0x00,0x00,0x00,0x00,0x00,0x04,0xFF,0x80,0x00,0x00,0x00,0x00,0x00,
  0x4F,0xF8,0x00,0x00,0x00,0x00,0x00,0x04,0xFF,0x80,0x00,0x00,0x00,0x00,0x00,0x4F,0xF8,0x00,0x00,0x00,
  0x34,0x44,0x47,0xFF,0x94,0x44,0x44,0x1F,0xFF,0xFF,0xFF,0xFF,0xFF,0xFF,0xF7,0xFF,0xFF,0xFF,0xFF,0xFF,
  0xFF,0xFF,0x87,0x88,0x88,0x9F,0xFB,0x88,0x88,0x83,0x00,0x00,0x04,0xFF,0x80,0x00,0x00,0x00,0x00,0x00,
  0x4F,0xF8,0x00,0x00,0x00,0x00,0x00,0x04,0xFF,0x80,0x00,0x00,0x00,0x00,0x00,0x4F,0xF8,0x00,0x00,0x00,
  0x00,0x00,0x04,0xFF,0x80,0x00,0x00,0x00,0x00,0x00,0x3F,0xF7,0x00,0x00,0x00,0x00,0x06,0x88,0x70,0x03,
  0xFF,0xFE,0x00,0x8F,0xFF,0x80,0x0D,0xFF,0xF2,0x04,0xFF,0xFA,0x00,0x9F,0xFF,0x40,0x0E,0xFF,0xC0,0x05,
  0xFF,0xF6,0x00,0x38,0x87,0x00,0x00,0x14,0x44,0x44,0x44,0x07,0xFF,0xFF,0xFF,0xF4,0x8F,0xFF,0xFF,0xFF,
  0x43,0x88,0x88,0x88,0x71,0x02,0x9B,0x60,0x0D,0xFF,0xF6,0x3F,0xFF,0xFB,0x2F,0xFF,0xF9,0x08,0xFF,0xD2,
  0x00,0x23,0x00,0x00,0x00,0x00,0x00,0x48,0x72,0x00,0x00,0x00,0x00,0xCF,0xF3,0x00,0x00,0x00,0x02,0xFF,
  0xD0,0x00,0x00,0x00,0x07,0xFF,0x80,0x00,0x00,0x00,0x0C,0xFF,0x30,0x00,0x00,0x00,0x2F,0xFD,0x00,0x00,
  0x00,0x00,0x7F,0xF8,0x00,0x00,0x00,0x00,0xCF,0xF3,0x00,0x00,0x00,0x02,0xFF,0xD0,0x00,0x00,0x00,0x07,
  0xFF,0x80,0x00,0x00,0x00,0x0C,0xFF,0x30,0x00,0x00,0x00,0x2F,0xFD,0x00,0x00,0x00,0x00,0x7F,0xF8,0x00,
  0x00,0x00,0x00,0xCF,0xF3,0x00,0x00,0x00,0x02,0xFF,0xD0,0x00,0x00,0x00,0x07,0xFF,0x80,0x00,0x00,0x00,
  0x0C,0xFF,0x30,0x00,0x00,0x00,0x2F,0xFD,0x00,0x00,0x00,0x00,0x7F,0xF8,0x00,0x00,0x00,0x00,0xCF,0xF3,
  0x00,0x00,0x00,0x02,0xFF,0xD0,0x00,0x00,0x00,0x07,0xFF,0x80,0x00,0x00,0x00,0x0C,0xFF,0x30,0x00,0x00,
  0x00,0x2F,0xFD,0x00,0x00,0x00,0x00,0x7F,0xF8,0x00,0x00,0x00,0x00,0x59,0x92,0x00,0x00,0x00,0x00,0x00,
  0x00,0x02,0x7B,0xDD,0xC9,0x40,0x00,0x00,0x00,0x00,0x7E,0xFF,0xFF,0xFF,0xFC,0x20,0x00,0x00,0x08,0xFF,
  0xFF,0xFF,0xFF,0xFF,0xE2,0x00,0x00,0x5F,0xFF,0xFA,0x54,0x7E,0xFF,0xFC,0x00,0x00,0xDF,0xFF,0x80,0x00,
  0x02,0xEF,0xFF,0x60,0x04,0xFF,0xFD,0x00,0x00,0x00,0x6F,0xFF,0xC0,0x09,0xFF,0xF7,0x00,0x00,0x00,0x0E,
  0xFF,0xF2,0x0D,0xFF,0xF3,0x00,0x00,0x00,0x0B,0xFF,0xF5,0x0F,0xFF,0xF0,0x00,0x00,0x00,0x08,0xFF,0xF8,
  0x2F,0xFF,0xD0,0x00,0x00,0x00,0x06,0xFF,0xF9,0x3F,0xFF,0xC0,0x00,0x00,0x00,0x05,0xFF,0xFA,0x4F,0xFF,
  0xC0,0x00,0x00,0x00,0x04,0xFF,0xFB,0x4F,0xFF,0xB0,0x00,0x00,0x00,0x04,0xFF,0xFB,0x3F,0xFF,0xC0,0x00,
  0x00,0x00,0x04,0xFF,0xFB,0x2F,0xFF,0xD0,0x00,0x00,0x00,0x05,0xFF,0xFA,0x1F,0xFF,0xE0,0x00,0x00,0x00,
  0x07,0xFF,0xF8,0x0E,0xFF,0xF2,0x00,0x00,0x00,0x09,0xFF,0xF6,0x0A,0xFF,0xF5,0x00,0x00,0x00,0x0D,0xFF,
  0xF3,0x06,0xFF,0xFB,0x00,0x00,0x00,0x3F,0xFF,0xE0,0x01,0xEF,0xFF,0x40,0x00,0x00,0xBF,0xFF,0x80,0x00,
  0x8F,0xFF,0xE5,0x00,0x1A,0xFF,0xFE,0x10,0x00,0x1C,0xFF,0xFF,0xED,0xFF,0xFF,0xF6,0x00,0x00,0x02,0xCF,
  0xFF,0xFF,0xFF,0xFF,0x60,0x00,0x00,0x00,0x07,0xDF,0xFF,0xFE,0xA3,0x00,0x00,0x00,0x00,0x00,0x01,0x34,
  0x20,0x00,0x00,0x00,0x00,0x00,0x00,0x36,0x78,0x30,0x00,0x02,0xAF,0xFF,0xF8,0x00,0x07,0xEF,0xFF,0xFF,
  0x80,0x3C,0xFF,0xFF,0xFF,0xF8,0x4F,0xFF,0xFF,0xFF,0xFF,0x86,0xFF,0xFF,0x85,0xFF,0xF8,0x6F,0xFB,0x30,
  0x4F,0xFF,0x85,0xD5,0x00,0x04,0xFF,0xF8,0x00,0x00,0x00,0x4F,0xFF,0x80,0x00,0x00,0x04,0xFF,0xF8,0x00,
  0x00,0x00,0x4F,0xFF,0x80,0x00,0x00,0x04,0xFF,0xF8,0x00,0x00,0x00,0x4F,0xFF,0x80,0x00,0x00,0x04,0xFF,
  0xF8,0x00,0x00,0x00,0x4F,0xFF,0x80,0x00,0x00,0x04,0xFF,0xF8,0x00,0x00,0x00,0x4F,0xFF,0x80,0x00,0x00,
  0x04,0xFF,0xF8,0x00,0x00,0x00,0x4F,0xFF,0x80,0x00,0x00,0x04,0xFF,0xF8,0x00,0x00,0x00,0x4F,0xFF,0x80,
  0x00,0x00,0x04,0xFF,0xF8,0x00,0x00,0x00,0x4F,0xFF,0x80,0x00,0x00,0x02,0xBB,0xB5,0x00,0x00,0x03,0x8B,
  0xDD,0xC9,0x50,0x00,0x00,0x00,0x1A,0xFF,0xFF,0xFF,0xFF,0xC2,0x00,0x00,0x1C,0xFF,0xFF,0xFF,0xFF,0xFF,
  0xE2,0x00,0x09,0xFF,0xFE,0x74,0x48,0xFF,0xFF,0xA0,0x02,0xFF,0xFE,0x20,0x00,0x05,0xFF,0xFF,0x20,0x8F,
  0xFF,0x60,0x00,0x00,0x0C,0xFF,0xF6,0x0B,0xFF,0xF1,0x00,0x00,0x00,0x8F,0xFF,0x70,0xDF,0xFE,0x00,0x00,
  0x00,0x08,0xFF,0xF7,0x06,0x88,0x50,0x00,0x00,0x00,0xCF,0xFF,0x50,0x00,0x00,0x00,0x00,0x00,0x3F,0xFF,
  0xE1,0x00,0x00,0x00,0x00,0x00,0x1D,0xFF,0xF8,0x00,0x00,0x00,0x00,0x00,0x0B,0xFF,0xFD,0x10,0x00,0x00,
  0x00,0x00,0x09,0xFF,0xFE,0x30,0x00,0x00,0x00,0x00,0x09,0xFF,0xFF,0x50,0x00,0x00,0x00,0x00,0x09,0xFF,
  0xFF,0x60,0x00,0x00,0x00,0x00,0x08,0xFF,0xFF,0x60,0x00,0x00,0x00,0x00,0x08,0xFF,0xFF,0x60,0x00,0x00,
  0x00,0x00,0x08,0xFF,0xFF,0x60,0x00,0x00,0x00,0x00,0x08,0xFF,0xFF,0x60,0x00,0x00,0x00,0x00,0x07,0xFF,
  0xFF,0x60,0x00,0x00,0x00,0x00,0x07,0xFF,0xFF,0xB6,0x66,0x66,0x66,0x66,0x15,0xFF,0xFF,0xFF,0xFF,0xFF,
  0xFF,0xFF,0xF4,0x8F,0xFF,0xFF,0xFF,0xFF,0xFF,0xFF,0xFF,0x45,0xBB,0xBB,0xBB,0xBB,0xBB,0xBB,0xBB,0xB2,
  0x00,0x00,0x04,0x9C,0xDD,0xB8,0x30,0x00,0x00,0x00,0x3C,0xFF,0xFF,0xFF,0xFF,0x91,0x00,0x00,0x3E,0xFF,
  0xFF,0xFF,0xFF,0xFF,0xB0,0x00,0x1D,0xFF,0xFC,0x64,0x5B,0xFF,0xFF,0x60,0x07,0xFF,0xFA,0x00,0x00,0x0A,
  0xFF,0xFB,0x00,0xCF,0xFF,0x10,0x00,0x00,0x2F,0xFF,0xE0,0x1F,0xFF,0xB0,0x00,0x00,0x00,0xFF,0xFF,0x02,
  0xFF,0xF8,0x00,0x00,0x00,0x1F,0xFF,0xD0,0x00,0x00,0x00,0x00,0x00,0x07,0xFF,0xF9,0x00,0x00,0x00,0x00,
  0x00,0x05,0xEF,0xFE,0x20,0x00,0x00,0x00,0x17,0x8C,0xFF,0xFE,0x40,0x00,0x00,0x00,0x04,0xFF,0xFF,0xFF,
  0x60,0x00,0x00,0x00,0x00,0x4F,0xFF,0xFF,0xFF,0x80,0x00,0x00,0x00,0x02,0x9A,0xCF,0xFF,0xFF,0x60,0x00,
  0x00,0x00,0x00,0x00,0x1A,0xFF,0xFE,0x10,0x00,0x00,0x00,0x00,0x00,0x0D,0xFF,0xF5,0xBC,0xC7,0x00,0x00,
  0x00,0x00,0x9F,0xFF,0x7E,0xFF,0xC0,0x00,0x00,0x00,0x08,0xFF,0xF7,0xCF,0xFF,0x20,0x00,0x00,0x00,0xAF,
  0xFF,0x67,0xFF,0xFA,0x00,0x00,0x00,0x2F,0xFF,0xF2,0x2F,0xFF,0xFA,0x30,0x00,0x5E,0xFF,0xF9,0x00,0x7F,
  0xFF,0xFF,0xED,0xFF,0xFF,0xFC,0x10,0x00,0x8F,0xFF,0xFF,0xFF,0xFF,0xFA,0x10,0x00,0x00,0x3A,0xEF,0xFF,
  0xFE,0xA4,0x00,0x00,0x00,0x00,0x00,0x24,0x42,0x00,0x00,0x00,0x00,0x00,0x00,0x00,0x00,0x00,0x03,0x88,
  0x71,0x00,0x00,0x00,0x00,0x00,0x00,0x1D,0xFF,0xF4,0x00,0x00,0x00,0x00,0x00,0x00,0xAF,0xFF,0xF4,0x00,
  0x00,0x00,0x00,0x00,0x06,0xFF,0xFF,0xF4,0x00,0x00,0x00,0x00,0x00,0x3E,0xFF,0xFF,0xF4,0x00,0x00,0x00,
  0x00,0x00,0xCF,0xFF,0xFF,0xF4,0x00,0x00,0x00,0x00,0x09,0xFF,0xFE,0xFF,0xF4,0x00,0x00,0x00,0x00,0x4F,
  0xFF,0xC8,0xFF,0xF4,0x00,0x00,0x00,0x01,0xEF,0xFF,0x38,0xFF,0xF4,0x00,0x00,0x00,0x0B,0xFF,0xF6,0x08,
  0xFF,0xF4,0x00,0x00,0x00,0x7F,0xFF,0xB0,0x08,0xFF,0xF4,0x00,0x00,0x03,0xFF,0xFE,0x10,0x08,0xFF,0xF4,
  0x00,0x00,0x1D,0xFF,0xF4,0x00,0x08,0xFF,0xF4,0x00,0x00,0x9F,0xFF,0x80,0x00,0x08,0xFF,0xF4,0x00,0x05,
  0xFF,0xFC,0x00,0x00,0x08,0xFF,0xF4,0x00,0x2E,0xFF,0xFF,0xFF,0xFF,0xFF,0xFF,0xFF,0xFE,0x7F,0xFF,0xFF,
  0xFF,0xFF,0xFF,0xFF,0xFF,0xFF,0x7F,0xFF,0xFF,0xFF,0xFF,0xFF,0xFF,0xFF,0xFF,0x02,0x22,0x22,0x22,0x22,
  0x28,0xFF,0xF5,0x21,0x00,0x00,0x00,0x00,0x00,0x08,0xFF,0xF4,0x00,0x00,0x00,0x00,0x00,0x00,0x08,0xFF,
  0xF4,0x00,0x00,0x00,0x00,0x00,0x00,0x08,0xFF,0xF4,0x00,0x00,0x00,0x00,0x00,0x00,0x08,0xFF,0xF4,0x00,
  0x00,0x00,0x00,0x00,0x00,0x05,0xBB,0xB2,0x00,0x00,0x46,0x66,0x66,0x66,0x66,0x66,0x63,0x00,0x0E,0xFF,
  0xFF,0xFF,0xFF,0xFF,0xFF,0x90,0x01,0xFF,0xFF,0xFF,0xFF,0xFF,0xFF,0xF9,0x00,0x3F,0xFF,0xCB,0xBB,0xBB,
  0xBB,0xBB,0x60,0x05,0xFF,0xF3,0x00,0x00,0x00,0x00,0x00,0x00,0x6F,0xFF,0x10,0x00,0x00,0x00,0x00,0x00,
  0x08,0xFF,0xE0,0x00,0x00,0x00,0x00,0x00,0x00,0xAF,0xFC,0x00,0x00,0x00,0x00,0x00,0x00,0x0C,0xFF,0xA1,
  0x6A,0xBB,0x95,0x10,0x00,0x00,0xEF,0xFD,0xEF,0xFF,0xFF,0xFE,0x60,0x00,0x0F,0xFF,0xFF,0xFF,0xFF,0xFF,
  0xFF,0x70,0x02,0xFF,0xFF,0xFB,0x76,0x8D,0xFF,0xFF,0x40,0x4F,0xFF,0xF6,0x00,0x00,0x1B,0xFF,0xFC,0x06,
  0xFF,0xF9,0x00,0x00,0x00,0x2F,0xFF,0xF2,0x38,0x88,0x10,0x00,0x00,0x00,0xBF,0xFF,0x60,0x00,0x00,0x00,
  0x00,0x00,0x08,0xFF,0xF7,0x35,0x54,0x00,0x00,0x00,0x00,0x8F,0xFF,0x7B,0xFF,0xF1,0x00,0x00,0x00,0x09,
  0xFF,0xF6,0x9F,0xFF,0x50,0x00,0x00,0x00,0xDF,0xFF,0x35,0xFF,0xFC,0x00,0x00,0x00,0x6F,0xFF,0xD0,0x1E,
  0xFF,0xFB,0x30,0x01,0x7F,0xFF,0xF5,0x00,0x6F,0xFF,0xFF,0xED,0xFF,0xFF,0xF9,0x00,0x00,0x7F,0xFF,0xFF,
  0xFF,0xFF,0xF7,0x00,0x00,0x00,0x3A,0xEF,0xFF,0xFE,0x92,0x00,0x00,0x00,0x00,0x00,0x23,0x42,0x00,0x00,
  0x00,0x00,0x00,0x00,0x00,0x38,0xCD,0xDA,0x61,0x00,0x00,0x00,0x00,0x1A,0xFF,0xFF,0xFF,0xFE,0x50,0x00,
  0x00,0x01,0xCF,0xFF,0xFF,0xFF,0xFF,0xF5,0x00,0x00,0x0B,0xFF,0xFC,0x64,0x6C,0xFF,0xFE,0x10,0x00,0x6F,
  0xFF,0xB0,0x00,0x00,0xCF,0xFF,0x80,0x00,0xEF,0xFE,0x10,0x00,0x00,0x4F,0xFF,0xC0,0x05,0xFF,0xF9,0x00,
  0x00,0x00,0x0E,0xFF,0xF0,0x09,0xFF,0xF4,0x00,0x12,0x10,0x05,0x77,0x70,0x0C,0xFF,0xF2,0x7D,0xFF,0xFE,
  0x93,0x00,0x00,0x0F,0xFF,0xEC,0xFF,0xFF,0xFF,0xFF,0x70,0x00,0x2F,0xFF,0xFF,0xFF,0xFF,0xFF,0xFF,0xF8,
  0x00,0x3F,0xFF,0xFF,0xD5,0x10,0x3B,0xFF,0xFF,0x30,0x4F,0xFF,0xFD,0x10,0x00,0x00,0xBF,0xFF,0xA0,0x4F,
  0xFF,0xF6,0x00,0x00,0x00,0x3F,0xFF,0xE0,0x3F,0xFF,0xF1,0x00,0x00,0x00,0x0E,0xFF,0xF2,0x2F,0xFF,0xE0,
  0x00,0x00,0x00,0x0C,0xFF,0xF4,0x0F,0xFF,0xE0,0x00,0x00,0x00,0x0B,0xFF,0xF3,0x0D,0xFF,0xF1,0x00,0x00,
  0x00,0x0D,0xFF,0xF2,0x09,0xFF,0xF6,0x00,0x00,0x00,0x3F,0xFF,0xD0,0x04,0xFF,0xFD,0x10,0x00,0x00,0xBF,
  0xFF,0x80,0x00,0xCF,0xFF,0xC3,0x00,0x2A,0xFF,0xFE,0x10,0x00,0x3E,0xFF,0xFF,0xEE,0xFF,0xFF,0xF4,0x00,
  0x00,0x04,0xEF,0xFF,0xFF,0xFF,0xFE,0x40,0x00,0x00,0x00,0x29,0xEF,0xFF,0xFE,0x81,0x00,0x00,0x00,0x00,
  0x00,0x02,0x33,0x20,0x00,0x00,0x00,0x56,0x66,0x66,0x66,0x66,0x66,0x66,0x66,0x2F,0xFF,0xFF,0xFF,0xFF,
  0xFF,0xFF,0xFF,0xF8,0xFF,0xFF,0xFF,0xFF,0xFF,0xFF,0xFF,0xFF,0x6A,0xBB,0xBB,0xBB,0xBB,0xBB,0xCF,0xFF,
  0xE1,0x00,0x00,0x00,0x00,0x00,0x08,0xFF,0xF7,0x00,0x00,0x00,0x00,0x00,0x02,0xFF,0xFD,0x00,0x00,0x00,
  0x00,0x00,0x00,0x9F,0xFF,0x60,0x00,0x00,0x00,0x00,0x00,0x2F,0xFF,0xD0,0x00,0x00,0x00,0x00,0x00,0x0A,
  0xFF,0xF5,0x00,0x00,0x00,0x00,0x00,0x03,0xFF,0xFC,0x00,0x00,0x00,0x00,0x00,0x00,0xBF,0xFF,0x40,0x00,
  0x00,0x00,0x00,0x00,0x4F,0xFF,0xC0,0x00,0x00,0x00,0x00,0x00,0x0B,0xFF,0xF4,0x00,0x00,0x00,0x00,0x00,
  0x04,0xFF,0xFB,0x00,0x00,0x00,0x00,0x00,0x00,0xCF,0xFF,0x30,0x00,0x00,0x00,0x00,0x00,0x5F,0xFF,0xA0,
  0x00,0x00,0x00,0x00,0x00,0x0D,0xFF,0xF3,0x00,0x00,0x00,0x00,0x00,0x06,0xFF,0xFA,0x00,0x00,0x00,0x00,
  0x00,0x00,0xDF,0xFF,0x20,0x00,0x00,0x00,0x00,0x00,0x7F,0xFF,0x90,0x00,0x00,0x00,0x00,0x00,0x1E,0xFF,
  0xF2,0x00,0x00,0x00,0x00,0x00,0x07,0xFF,0xF8,0x00,0x00,0x00,0x00,0x00,0x01,0xEF,0xFE,0x10,0x00,0x00,
  0x00,0x00,0x00,0x3B,0xBB,0x60,0x00,0x00,0x00,0x00,0x00,0x00,0x00,0x16,0xAC,0xDD,0xB7,0x20,0x00,0x00,
  0x00,0x6E,0xFF,0xFF,0xFF,0xFF,0x90,0x00,0x00,0x8F,0xFF,0xFF,0xFF,0xFF,0xFF,0xB0,0x00,0x4F,0xFF,0xFC,
  0x64,0x5A,0xFF,0xFF,0x70,0x0A,0xFF,0xFB,0x00,0x00,0x07,0xFF,0xFE,0x00,0xEF,0xFF,0x30,0x00,0x00,0x0E,
  0xFF,0xF2,0x0F,0xFF,0xF0,0x00,0x00,0x00,0xCF,0xFF,0x40,0xEF,0xFF,0x10,0x00,0x00,0x0D,0xFF,0xF3,0x0A,
  0xFF,0xF7,0x00,0x00,0x03,0xFF,0xFE,0x00,0x3F,0xFF,0xF6,0x00,0x04,0xDF,0xFF,0x70,0x00,0x6F,0xFF,0xFF,
  0xDE,0xFF,0xFF,0x90,0x00,0x00,0xAF,0xFF,0xFF,0xFF,0xFF,0xB0,0x00,0x01,0xBF,0xFF,0xFF,0xFF,0xFF,0xFF,
  0xA0,0x00,0xBF,0xFF,0xE8,0x54,0x59,0xFF,0xFF,0x90,0x6F,0xFF,0xD2,0x00,0x00,0x04,0xFF,0xFF,0x3C,0xFF,
  0xF5,0x00,0x00,0x00,0x09,0xFF,0xF8,0xFF,0xFF,0x10,0x00,0x00,0x00,0x5F,0xFF,0xBF,0xFF,0xF0,0x00,0x00,
  0x00,0x04,0xFF,0xFB,0xDF,0xFF,0x30,0x00,0x00,0x00,0x7F,0xFF,0x9A,0xFF,0xFA,0x00,0x00,0x00,0x1D,0xFF,
  0xF6,0x4F,0xFF,0xFA,0x20,0x00,0x3C,0xFF,0xFE,0x10,0x9F,0xFF,0xFF,0xED,0xEF,0xFF,0xFF,0x50,0x00,0x8F,
  0xFF,0xFF,0xFF,0xFF,0xFE,0x40,0x00,0x00,0x39,0xEF,0xFF,0xFF,0xC7,0x10,0x00,0x00,0x00,0x00,0x23,0x43,
  0x10,0x00,0x00,0x00,0x00,0x00,0x17,0xAC,0xDC,0xA5,0x00,0x00,0x00,0x00,0x7E,0xFF,0xFF,0xFF,0xFD,0x30,
  0x00,0x00,0xAF,0xFF,0xFF,0xFF,0xFF,0xFE,0x30,0x00,0x7F,0xFF,0xFA,0x54,0x7E,0xFF,0xFD,0x10,0x2F,0xFF,
  0xF5,0x00,0x00,0x1D,0xFF,0xF7,0x08,0xFF,0xF9,0x00,0x00,0x00,0x4F,0xFF,0xD0,0xCF,0xFF,0x30,0x00,0x00,
  0x00,0xDF,0xFF,0x2E,0xFF,0xF1,0x00,0x00,0x00,0x0A,0xFF,0xF5,0xFF,0xFF,0x00,0x00,0x00,0x00,0xAF,0xFF,
  0x7E,0xFF,0xF1,0x00,0x00,0x00,0x0B,0xFF,0xF8,0xCF,0xFF,0x50,0x00,0x00,0x00,0xEF,0xFF,0x99,0xFF,0xFB,
  0x00,0x00,0x00,0x5F,0xFF,0xF9,0x3F,0xFF,0xF7,0x00,0x00,0x3E,0xFF,0xFF,0x90,0x9F,0xFF,0xFC,0x88,0xBF,
  0xFF,0xFF,0xF8,0x00,0xBF,0xFF,0xFF,0xFF,0xFF,0xFF,0xFF,0x60,0x00,0x8E,0xFF,0xFF,0xFF,0x9B,0xFF,0xF4,
  0x00,0x00,0x15,0x89,0x96,0x20,0xDF,0xFF,0x1B,0xFF,0xF2,0x00,0x00,0x00,0x2F,0xFF,0xC0,0xAF,0xFF,0x60,
  0x00,0x00,0x08,0xFF,0xF7,0x06,0xFF,0xFC,0x00,0x00,0x02,0xEF,0xFE,0x10,0x1E,0xFF,0xFA,0x10,0x04,0xDF,
  0xFF,0x60,0x00,0x6F,0xFF,0xFF,0xDE,0xFF,0xFF,0x90,0x00,0x00,0x7F,0xFF,0xFF,0xFF,0xFF,0x80,0x00,0x00,
  0x00,0x3A,0xFF,0xFF,0xFB,0x30,0x00,0x00,0x00,0x00,0x01,0x34,0x31,0x00,0x00,0x00,0x00,0x02,0x9B,0x60,
  0x0D,0xFF,0xF6,0x3F,0xFF,0xFB,0x2F,0xFF,0xF9,0x08,0xFF,0xD2,0x00,0x23,0x00,0x00,0x00,0x00,0x00,0x00,
  0x00,0x00,0x00,0x00,0x00,0x00,0x00,0x00,0x00,0x00,0x00,0x00,0x00,0x00,0x00,0x00,0x00,0x00,0x00,0x02,
  0x9B,0x60,0x0D,0xFF,0xF6,0x3F,0xFF,0xFB,0x2F,0xFF,0xF9,0x08,0xFF,0xD2,0x00,0x23,0x00,0x00,0x02,0x9B,
  0x60,0x00,0x0D,0xFF,0xF6,0x00,0x3F,0xFF,0xFB,0x00,0x2F,0xFF,0xF9,0x00,0x08,0xFF,0xD2,0x00,0x00,0x23,
  0x00,0x00,0x00,0x00,0x00,0x00,0x00,0x00,0x00,0x00,0x00,0x00,0x00,0x00,0x00,0x00,0x00,0x00,0x00,0x00,
  0x00,0x00,0x00,0x00,0x00,0x00,0x00,0x00,0x00,0x00,0x00,0x00,0x00,0x00,0x0E,0xFF,0xE0,0x00,0x4F,0xFF,
  0xC0,0x00,0x9F,0xFF,0x60,0x00,0xEF,0xFE,0x10,0x04,0xFF,0xF9,0x00,0x09,0xFF,0xF3,0x00,0x0E,0xFF,0xC0,
  0x00,0x4F,0xFF,0x60,0x00,0x28,0x87,0x10,0x00,0x00,0x00,0x00,0x00,0x00,0x00,0x02,0x20,0x00,0x00,0x00,
  0x00,0x00,0x29,0xF9,0x00,0x00,0x00,0x00,0x02,0x9F,0xFF,0x90,0x00,0x00,0x00,0x29,0xFF,0xFF,0xF7,0x00,
  0x00,0x01,0x8E,0xFF,0xFF,0xA3,0x00,0x00,0x18,0xEF,0xFF,0xFA,0x30,0x00,0x01,0x8E,0xFF,0xFF,0xA2,0x00,
  0x00,0x02,0xEF,0xFF,0xF9,0x20,0x00,0x00,0x00,0x4F,0xFF,0xB2,0x00,0x00,0x00,0x00,0x04,0xFF,0xFF,0xB4,
  0x00,0x00,0x00,0x00,0x08,0xEF,0xFF,0xFB,0x40,0x00,0x00,0x00,0x01,0x8E,0xFF,0xFF,0xC4,0x00,0x00,0x00,
  0x00,0x18,0xEF,0xFF,0xFC,0x50,0x00,0x00,0x00,0x01,0x8E,0xFF,0xFF,0xC4,0x00,0x00,0x00,0x00,0x18,0xEF,
  0xFF,0x90,0x00,0x00,0x00,0x00,0x01,0x8E,0xF9,0x00,0x00,0x00,0x00,0x00,0x00,0x18,0x60,0x78,0x88,0x88,
  0x88,0x88,0x88,0x88,0x3F,0xFF,0xFF,0xFF,0xFF,0xFF,0xFF,0xF8,0xFF,0xFF,0xFF,0xFF,0xFF,0xFF,0xFF,0x73,
  0x44,0x44,0x44,0x44,0x44,0x44,0x41,0x00,0x00,0x00,0x00,0x00,0x00,0x00,0x00,0x00,0x00,0x00,0x00,0x00,
  0x00,0x00,0x00,0x00,0x00,0x00,0x00,0x00,0x00,0x0E,0xFF,0xFF,0xFF,0xFF,0xFF,0xFF,0xF7,0xFF,0xFF,0xFF,
  0xFF,0xFF,0xFF,0xFF,0x8A,0xBB,0xBB,0xBB,0xBB,0xBB,0xBB,0xB5,0x13,0x00,0x00,0x00,0x00,0x00,0x00,0x04,
  0xFB,0x40,0x00,0x00,0x00,0x00,0x00,0x4F,0xFF,0xB4,0x00,0x00,0x00,0x00,0x03,0xFF,0xFF,0xFB,0x40,0x00,
  0x00,0x00,0x02,0x9F,0xFF,0xFF,0xB4,0x00,0x00,0x00,0x00,0x18,0xEF,0xFF,0xFB,0x40,0x00,0x00,0x00,0x01,
  0x8E,0xFF,0xFF,0xB4,0x00,0x00,0x00,0x00,0x18,0xEF,0xFF,0xF7,0x00,0x00,0x00,0x00,0x01,0x8F,0xFF,0x90,
  0x00,0x00,0x00,0x01,0x7E,0xFF,0xF9,0x00,0x00,0x00,0x17,0xEF,0xFF,0xFA,0x20,0x00,0x01,0x8E,0xFF,0xFF,
  0xA3,0x00,0x00,0x18,0xEF,0xFF,0xFA,0x30,0x00,0x01,0x9F,0xFF,0xFF,0xB3,0x00,0x00,0x00,0x4F,0xFF,0xFB,
  0x30,0x00,0x00,0x00,0x04,0xFF,0xB3,0x00,0x00,0x00,0x00,0x00,0x2A,0x30,0x00,0x00,0x00,0x00,0x00,0x00,
  0x00,0x00,0x17,0xAC,0xDC,0xA5,0x00,0x00,0x00,0x06,0xEF,0xFF,0xFF,0xFF,0xD3,0x00,0x00,0x8F,0xFF,0xFF,
  0xFF,0xFF,0xFE,0x20,0x04,0xFF,0xFF,0xB5,0x47,0xEF,0xFF,0xC0,0x0B,0xFF,0xF9,0x00,0x00,0x2E,0xFF,0xF3,
  0x1F,0xFF,0xF1,0x00,0x00,0x0A,0xFF,0xF6,0x3F,0xFF,0xC0,0x00,0x00,0x08,0xFF,0xF7,0x2D,0xDD,0x90,0x00,
  0x00,0x09,0xFF,0xF6,0x00,0x00,0x00,0x00,0x00,0x0D,0xFF,0xF3,0x00,0x00,0x00,0x00,0x00,0x7F,0xFF,0xD0,
  0x00,0x00,0x00,0x00,0x03,0xEF,0xFF,0x50,0x00,0x00,0x00,0x00,0x1D,0xFF,0xFA,0x00,0x00,0x00,0x00,0x00,
  0xBF,0xFF,0xD1,0x00,0x00,0x00,0x00,0x08,0xFF,0xFD,0x20,0x00,0x00,0x00,0x00,0x3F,0xFF,0xE2,0x00,0x00,
  0x00,0x00,0x00,0x9F,0xFF,0x40,0x00,0x00,0x00,0x00,0x00,0xEF,0xFC,0x00,0x00,0x00,0x00,0x00,0x01,0xFF,
  0xF9,0x00,0x00,0x00,0x00,0x00,0x00,0x11,0x10,0x00,0x00,0x00,0x00,0x00,0x00,0x6B,0x92,0x00,0x00,0x00,
  0x00,0x00,0x06,0xFF,0xFD,0x00,0x00,0x00,0x00,0x00,0x0B,0xFF,0xFF,0x30,0x00,0x00,0x00,0x00,0x09,0xFF,
  0xFF,0x20,0x00,0x00,0x00,0x00,0x02,0xDF,0xF8,0x00,0x00,0x00,0x00,0x00,0x00,0x03,0x20,0x00,0x00,0x00,
  0x00,0x00,0x00,0x00,0x00,0x48,0xAB,0xBA,0x74,0x00,0x00,0x00,0x00,0x00,0x00,0x00,0x28,0xEF,0xFF,0xFF,
  0xFF,0xFD,0x60,0x00,0x00,0x00,0x00,0x00,0x7E,0xFF,0xFF,0xFF,0xFF,0xFF,0xFF,0xB1,0x00,0x00,0x00,0x01,
  0xCF,0xFF,0xE9,0x52,0x00,0x26,0xCF,0xFF,0xC1,0x00,0x00,0x02,0xDF,0xFF,0x81,0x00,0x00,0x00,0x00,0x6F,
  0xFF,0xA0,0x00,0x00,0xCF,0xFE,0x40,0x00,0x00,0x00,0x00,0x00,0x4F,0xFF,0x50,0x00,0x8F,0xFE,0x30,0x00,
  0x5A,0xDD,0xB5,0x34,0x43,0x7F,0xFC,0x00,0x2F,0xFF,0x50,0x02,0xCF,0xFF,0xFF,0xFF,0xFF,0xB1,0xEF,0xF3,
  0x09,0xFF,0xA0,0x01,0xDF,0xFF,0xFF,0xFF,0xFF,0xF7,0x09,0xFF,0x70,0xEF,0xF3,0x00,0xBF,0xFF,0xD6,0x4A,
  0xFF,0xFF,0x40,0x6F,0xF9,0x4F,0xFD,0x00,0x4F,0xFF,0xE2,0x00,0x1F,0xFF,0xF1,0x04,0xFF,0xB7,0xFF,0x80,
  0x0B,0xFF,0xF6,0x00,0x00,0xFF,0xFC,0x00,0x4F,0xFB,0xAF,0xF6,0x00,0xFF,0xFF,0x10,0x00,0x2F,0xFF,0x80,
  0x04,0xFF,0xBB,0xFF,0x40,0x3F,0xFF,0xC0,0x00,0x05,0xFF,0xF5,0x00,0x6F,0xF9,0xBF,0xF4,0x04,0xFF,0xFB,
  0x00,0x00,0x9F,0xFF,0x10,0x0A,0xFF,0x6B,0xFF,0x50,0x3F,0xFF,0xC0,0x00,0x1E,0xFF,0xD0,0x02,0xEF,0xF2,
  0x9F,0xF7,0x02,0xFF,0xFF,0x20,0x1B,0xFF,0xFA,0x01,0xBF,0xF9,0x06,0xFF,0xA0,0x0C,0xFF,0xFD,0xAD,0xFF,
  0xFF,0xEA,0xEF,0xFD,0x10,0x2F,0xFE,0x10,0x4F,0xFF,0xFF,0xFF,0xEF,0xFF,0xFF,0xFD,0x20,0x00,0xCF,0xF8,
  0x00,0x5E,0xFF,0xFF,0xA1,0x9F,0xFF,0xD7,0x10,0x00,0x05,0xFF,0xF4,0x00,0x15,0x76,0x20,0x00,0x02,0x14,
  0x10,0x00,0x00,0x0A,0xFF,0xF6,0x00,0x00,0x00,0x00,0x00,0x2A,0xF8,0x00,0x00,0x00,0x1C,0xFF,0xFB,0x40,
  0x00,0x00,0x15,0xAF,0xFF,0xE0,0x00,0x00,0x00,0x1A,0xFF,0xFF,0xFC,0xBC,0xDF,0xFF,0xFF,0xD5,0x00,0x00,
  0x00,0x00,0x06,0xDF,0xFF,0xFF,0xFF,0xFF,0xFD,0x71,0x00,0x00,0x00,0x00,0x00,0x00,0x59,0xCE,0xFF,0xDB,
  0x84,0x00,0x00,0x00,0x00,0x00,0x00,0x00,0x00,0x36,0x66,0x50,0x00,0x00,0x00,0x00,0x00,0x00,0x00,0x0C,
  0xFF,0xFF,0x30,0x00,0x00,0x00,0x00,0x00,0x00,0x02,0xFF,0xFF,0xF9,0x00,0x00,0x00,0x00,0x00,0x00,0x00,
  0x8F,0xFF,0xFF,0xE0,0x00,0x00,0x00,0x00,0x00,0x00,0x0D,0xFF,0xFF,0xFF,0x40,0x00,0x00,0x00,0x00,0x00,
  0x03,0xFF,0xF9,0xFF,0xF9,0x00,0x00,0x00,0x00,0x00,0x00,0x9F,0xFF,0x2D,0xFF,0xE0,0x00,0x00,0x00,0x00,
  0x00,0x0E,0xFF,0xB0,0x8F,0xFF,0x40,0x00,0x00,0x00,0x00,0x05,0xFF,0xF6,0x03,0xFF,0xF9,0x00,0x00,0x00,
  0x00,0x00,0xAF,0xFF,0x10,0x0D,0xFF,0xE0,0x00,0x00,0x00,0x00,0x1E,0xFF,0xB0,0x00,0x9F,0xFF,0x50,0x00,
  0x00,0x00,0x06,0xFF,0xF6,0x00,0x04,0xFF,0xFA,0x00,0x00,0x00,0x00,0xBF,0xFF,0x32,0x22,0x2E,0xFF,0xE1,
  0x00,0x00,0x00,0x1F,0xFF,0xFF,0xFF,0xFF,0xFF,0xFF,0x50,0x00,0x00,0x07,0xFF,0xFF,0xFF,0xFF,0xFF,0xFF,
  0xFA,0x00,0x00,0x00,0xCF,0xFF,0xFF,0xFF,0xFF,0xFF,0xFF,0xF1,0x00,0x00,0x2F,0xFF,0xA0,0x00,0x00,0x00,
  0x9F,0xFF,0x50,0x00,0x08,0xFF,0xF5,0x00,0x00,0x00,0x04,0xFF,0xFB,0x00,0x00,0xDF,0xFE,0x10,0x00,0x00,
  0x00,0x0E,0xFF,0xF1,0x00,0x3F,0xFF,0xA0,0x00,0x00,0x00,0x00,0x9F,0xFF,0x60,0x09,0xFF,0xF5,0x00,0x00,
  0x00,0x00,0x04,0xFF,0xFB,0x00,0xEF,0xFF,0x10,0x00,0x00,0x00,0x00,0x0E,0xFF,0xF1,0x4F,0xFF,0xA0,0x00,
  0x00,0x00,0x00,0x00,0x9F,0xFF,0x66,0xDD,0xD5,0x00,0x00,0x00,0x00,0x00,0x03,0xDD,0xD8,0x16,0x66,0x66,
  0x66,0x55,0x41,0x00,0x00,0x00,0x4F,0xFF,0xFF,0xFF,0xFF,0xFF,0xC6,0x00,0x00,0x4F,0xFF,0xFF,0xFF,0xFF,
  0xFF,0xFF,0xC1,0x00,0x4F,0xFF,0xDB,0xBB,0xBC,0xFF,0xFF,0xFA,0x00,0x4F,0xFF,0x80,0x00,0x00,0x18,0xFF,
  0xFF,0x20,0x4F,0xFF,0x80,0x00,0x00,0x00,0xBF,0xFF,0x60,0x4F,0xFF,0x80,0x00,0x00,0x00,0x8F,0xFF,0x70,
  0x4F,0xFF,0x80,0x00,0x00,0x00,0x8F,0xFF,0x70,0x4F,0xFF,0x80,0x00,0x00,0x00,0xDF,0xFF,0x30,0x4F,0xFF,
  0x80,0x00,0x00,0x2A,0xFF,0xFB,0x00,0x4F,0xFF,0xED,0xDD,0xDE,0xFF,0xFF,0xC1,0x00,0x4F,0xFF,0xFF,0xFF,
  0xFF,0xFF,0xFE,0x40,0x00,0x4F,0xFF,0xFF,0xFF,0xFF,0xFF,0xFF,0xF9,0x00,0x4F,0xFF,0x94,0x44,0x44,0x6B,
  0xFF,0xFF,0x90,0x4F,0xFF,0x80,0x00,0x00,0x00,0x5F,0xFF,0xF2,0x4F,0xFF,0x80,0x00,0x00,0x00,0x0B,0xFF,
  0xF6,0x4F,0xFF,0x80,0x00,0x00,0x00,0x08,0xFF,0xF7,0x4F,0xFF,0x80,0x00,0x00,0x00,0x08,0xFF,0xF7,0x4F,
  0xFF,0x80,0x00,0x00,0x00,0x0B,0xFF,0xF5,0x4F,0xFF,0x80,0x00,0x00,0x00,0x6F,0xFF,0xE1,0x4F,0xFF,0xA6,
  0x66,0x66,0x7B,0xFF,0xFF,0x80,0x4F,0xFF,0xFF,0xFF,0xFF,0xFF,0xFF,0xFA,0x00,0x4F,0xFF,0xFF,0xFF,0xFF,
  0xFF,0xFE,0x60,0x00,0x2B,0xBB,0xBB,0xBB,0xBB,0xA8,0x50,0x00,0x00,0x00,0x00,0x00,0x16,0x9C,0xDD,0xC9,
  0x61,0x00,0x00,0x00,0x00,0x00,0x7E,0xFF,0xFF,0xFF,0xFF,0xE7,0x00,0x00,0x00,0x02,0xCF,0xFF,0xFF,0xFF,
  0xFF,0xFF,0xFB,0x00,0x00,0x01,0xDF,0xFF,0xFA,0x64,0x47,0xCF,0xFF,0xF9,0x00,0x00,0xBF,0xFF,0xD3,0x00,
  0x00,0x00,0x6F,0xFF,0xF4,0x00,0x5F,0xFF,0xE2,0x00,0x00,0x00,0x00,0x7F,0xFF,0xB0,0x0D,0xFF,0xF6,0x00,
  0x00,0x00,0x00,0x00,0xEF,0xFF,0x14,0xFF,0xFD,0x00,0x00,0x00,0x00,0x00,0x09,0xFF,0xF4,0x8F,0xFF,0x80,
  0x00,0x00,0x00,0x00,0x00,0x5E,0xEE,0x5B,0xFF,0xF4,0x00,0x00,0x00,0x00,0x00,0x00,0x00,0x00,0xDF,0xFF,
  0x20,0x00,0x00,0x00,0x00,0x00,0x00,0x00,0x0F,0xFF,0xF0,0x00,0x00,0x00,0x00,0x00,0x00,0x00,0x00,0xFF,
  0xFF,0x00,0x00,0x00,0x00,0x00,0x00,0x00,0x00,0x0E,0xFF,0xF1,0x00,0x00,0x00,0x00,0x00,0x00,0x00,0x00,
  0xDF,0xFF,0x30,0x00,0x00,0x00,0x00,0x00,0x00,0x00,0x0A,0xFF,0xF6,0x00,0x00,0x00,0x00,0x00,0x04,0x99,
  0x91,0x7F,0xFF,0xB0,0x00,0x00,0x00,0x00,0x00,0xAF,0xFF,0x22,0xFF,0xFF,0x20,0x00,0x00,0x00,0x00,0x1E,
  0xFF,0xE0,0x0B,0xFF,0xFB,0x00,0x00,0x00,0x00,0x07,0xFF,0xFA,0x00,0x3F,0xFF,0xF8,0x00,0x00,0x00,0x03,
  0xEF,0xFF,0x30,0x00,0x7F,0xFF,0xFB,0x40,0x00,0x27,0xEF,0xFF,0x90,0x00,0x00,0x9F,0xFF,0xFF,0xFD,0xEF,
  0xFF,0xFF,0xB1,0x00,0x00,0x00,0x7F,0xFF,0xFF,0xFF,0xFF,0xFF,0x91,0x00,0x00,0x00,0x00,0x28,0xDF,0xFF,
  0xFF,0xE9,0x30,0x00,0x00,0x00,0x00,0x00,0x00,0x13,0x43,0x20,0x00,0x00,0x00,0x00,0x16,0x66,0x66,0x66,
  0x65,0x42,0x00,0x00,0x00,0x00,0x4F,0xFF,0xFF,0xFF,0xFF,0xFF,0xE9,0x30,0x00,0x00,0x4F,0xFF,0xFF,0xFF,
  0xFF,0xFF,0xFF,0xF9,0x10,0x00,0x4F,0xFF,0xDB,0xBB,0xBC,0xEF,0xFF,0xFF,0xC1,0x00,0x4F,0xFF,0x80,0x00,
  0x00,0x03,0x9F,0xFF,0xFC,0x00,0x4F,0xFF,0x80,0x00,0x00,0x00,0x04,0xFF,0xFF,0x70,0x4F,0xFF,0x80,0x00,
  0x00,0x00,0x00,0x6F,0xFF,0xE1,0x4F,0xFF,0x80,0x00,0x00,0x00,0x00,0x0D,0xFF,0xF6,0x4F,0xFF,0x80,0x00,
  0x00,0x00,0x00,0x07,0xFF,0xFA,0x4F,0xFF,0x80,0x00,0x00,0x00,0x00,0x03,0xFF,0xFC,0x4F,0xFF,0x80,0x00,
  0x00,0x00,0x00,0x01,0xFF,0xFE,0x4F,0xFF,0x80,0x00,0x00,0x00,0x00,0x00,0xFF,0xFF,0x4F,0xFF,0x80,0x00,
  0x00,0x00,0x00,0x00,0xFF,0xFF,0x4F,0xFF,0x80,0x00,0x00,0x00,0x00,0x01,0xFF,0xFE,0x4F,0xFF,0x80,0x00,
  0x00,0x00,0x00,0x03,0xFF,0xFC,0x4F,0xFF,0x80,0x00,0x00,0x00,0x00,0x07,0xFF,0xF9,0x4F,0xFF,0x80,0x00,
  0x00,0x00,0x00,0x0C,0xFF,0xF5,0x4F,0xFF,0x80,0x00,0x00,0x00,0x00,0x5F,0xFF,0xE0,0x4F,0xFF,0x80,0x00,
  0x00,0x00,0x02,0xEF,0xFF,0x70,0x4F,0xFF,0x80,0x00,0x00,0x00,0x5E,0xFF,0xFC,0x00,0x4F,0xFF,0xA6,0x66,
  0x67,0x9D,0xFF,0xFF,0xD1,0x00,0x4F,0xFF,0xFF,0xFF,0xFF,0xFF,0xFF,0xFC,0x10,0x00,0x4F,0xFF,0xFF,0xFF,
  0xFF,0xFF,0xFD,0x60,0x00,0x00,0x2B,0xBB,0xBB,0xBB,0xBB,0x97,0x40,0x00,0x00,0x00,0x16,0x66,0x66,0x66,
  0x66,0x66,0x66,0x65,0x04,0xFF,0xFF,0xFF,0xFF,0xFF,0xFF,0xFF,0xF2,0x4F,0xFF,0xFF,0xFF,0xFF,0xFF,0xFF,
  0xFF,0x24,0xFF,0xFD,0xBB,0xBB,0xBB,0xBB,0xBB,0xB1,0x4F,0xFF,0x80,0x00,0x00,0x00,0x00,0x00,0x04,0xFF,
  0xF8,0x00,0x00,0x00,0x00,0x00,0x00,0x4F,0xFF,0x80,0x00,0x00,0x00,0x00,0x00,0x04,0xFF,0xF8,0x00,0x00,
  0x00,0x00,0x00,0x00,0x4F,0xFF,0x80,0x00,0x00,0x00,0x00,0x00,0x04,0xFF,0xF8,0x00,0x00,0x00,0x00,0x00,
  0x00,0x4F,0xFF,0xA6,0x66,0x66,0x66,0x66,0x50,0x04,0xFF,0xFF,0xFF,0xFF,0xFF,0xFF,0xFF,0x20,0x4F,0xFF,
  0xFF,0xFF,0xFF,0xFF,0xFF,0xF2,0x04,0xFF,0xFD,0xBB,0xBB,0xBB,0xBB,0xBB,0x10,0x4F,0xFF,0x80,0x00,0x00,
  0x00,0x00,0x00,0x04,0xFF,0xF8,0x00,0x00,0x00,0x00,0x00,0x00,0x4F,0xFF,0x80,0x00,0x00,0x00,0x00,0x00,
  0x04,0xFF,0xF8,0x00,0x00,0x00,0x00,0x00,0x00,0x4F,0xFF,0x80,0x00,0x00,0x00,0x00,0x00,0x04,0xFF,0xF8,
  0x00,0x00,0x00,0x00,0x00,0x00,0x4F,0xFF,0xA6,0x66,0x66,0x66,0x66,0x66,0x24,0xFF,0xFF,0xFF,0xFF,0xFF,
  0xFF,0xFF,0xF8,0x4F,0xFF,0xFF,0xFF,0xFF,0xFF,0xFF,0xFF,0x82,0xBB,0xBB,0xBB,0xBB,0xBB,0xBB,0xBB,0xB5,
  0x16,0x66,0x66,0x66,0x66,0x66,0x66,0x65,0x04,0xFF,0xFF,0xFF,0xFF,0xFF,0xFF,0xFF,0xF2,0x4F,0xFF,0xFF,
  0xFF,0xFF,0xFF,0xFF,0xFF,0x24,0xFF,0xFD,0xBB,0xBB,0xBB,0xBB,0xBB,0xB1,0x4F,0xFF,0x80,0x00,0x00,0x00,
  0x00,0x00,0x04,0xFF,0xF8,0x00,0x00,0x00,0x00,0x00,0x00,0x4F,0xFF,0x80,0x00,0x00,0x00,0x00,0x00,0x04,
  0xFF,0xF8,0x00,0x00,0x00,0x00,0x00,0x00,0x4F,0xFF,0x80,0x00,0x00,0x00,0x00,0x00,0x04,0xFF,0xF8,0x00,
  0x00,0x00,0x00,0x00,0x00,0x4F,0xFF,0xA6,0x66,0x66,0x66,0x66,0x40,0x04,0xFF,0xFF,0xFF,0xFF,0xFF,0xFF,
  0xFD,0x00,0x4F,0xFF,0xFF,0xFF,0xFF,0xFF,0xFF,0xD0,0x04,0xFF,0xFD,0xBB,0xBB,0xBB,0xBB,0xB9,0x00,0x4F,
  0xFF,0x80,0x00,0x00,0x00,0x00,0x00,0x04,0xFF,0xF8,0x00,0x00,0x00,0x00,0x00,0x00,0x4F,0xFF,0x80,0x00,
  0x00,0x00,0x00,0x00,0x04,0xFF,0xF8,0x00,0x00,0x00,0x00,0x00,0x00,0x4F,0xFF,0x80,0x00,0x00,0x00,0x00,
  0x00,0x04,0xFF,0xF8,0x00,0x00,0x00,0x00,0x00,0x00,0x4F,0xFF,0x80,0x00,0x00,0x00,0x00,0x00,0x04,0xFF,
  0xF8,0x00,0x00,0x00,0x00,0x00,0x00,0x4F,0xFF,0x80,0x00,0x00,0x00,0x00,0x00,0x02,0xBB,0xB5,0x00,0x00,
  0x00,0x00,0x00,0x00,0x00,0x00,0x00,0x15,0x9C,0xDD,0xCA,0x61,0x00,0x00,0x00,0x00,0x00,0x7E,0xFF,0xFF,
  0xFF,0xFF,0xF8,0x10,0x00,0x00,0x01,0xCF,0xFF,0xFF,0xFF,0xFF,0xFF,0xFC,0x10,0x00,0x01,0xDF,0xFF,0xFA,
  0x64,0x46,0xBF,0xFF,0xFB,0x00,0x00,0xBF,0xFF,0xD3,0x00,0x00,0x00,0x5F,0xFF,0xF6,0x00,0x5F,0xFF,0xE2,
  0x00,0x00,0x00,0x00,0x6F,0xFF,0xD0,0x0D,0xFF,0xF6,0x00,0x00,0x00,0x00,0x00,0xDF,0xFF,0x34,0xFF,0xFD,
  0x00,0x00,0x00,0x00,0x00,0x08,0xFF,0xF6,0x8F,0xFF,0x80,0x00,0x00,0x00,0x00,0x00,0x4F,0xFF,0x7B,0xFF,
  0xF4,0x00,0x00,0x00,0x00,0x00,0x00,0x00,0x00,0xDF,0xFF,0x20,0x00,0x00,0x00,0x00,0x00,0x00,0x00,0x0F,
  0xFF,0xF0,0x00,0x00,0x00,0x00,0x00,0x00,0x00,0x00,0xFF,0xFF,0x00,0x00,0x00,0x09,0xDD,0xDD,0xDD,0xDD,
  0x3E,0xFF,0xF1,0x00,0x00,0x00,0xBF,0xFF,0xFF,0xFF,0xF4,0xDF,0xFF,0x30,0x00,0x00,0x0B,0xFF,0xFF,0xFF,
  0xFF,0x4A,0xFF,0xF6,0x00,0x00,0x00,0x24,0x44,0x4B,0xFF,0xF4,0x7F,0xFF,0xB0,0x00,0x00,0x00,0x00,0x00,
  0xBF,0xFF,0x42,0xFF,0xFF,0x20,0x00,0x00,0x00,0x00,0x1F,0xFF,0xF4,0x0B,0xFF,0xFB,0x00,0x00,0x00,0x00,
  0x09,0xFF,0xFF,0x40,0x3F,0xFF,0xF9,0x00,0x00,0x00,0x06,0xFF,0xFF,0xF4,0x00,0x7F,0xFF,0xFB,0x40,0x00,
  0x39,0xFF,0xFF,0xFF,0x40,0x00,0x9F,0xFF,0xFF,0xFD,0xEF,0xFF,0xFE,0xFF,0xF4,0x00,0x00,0x7F,0xFF,0xFF,
  0xFF,0xFF,0xFC,0x5F,0xFF,0x40,0x00,0x00,0x28,0xDF,0xFF,0xFF,0xC6,0x02,0xCC,0xC2,0x00,0x00,0x00,0x00,
  0x13,0x43,0x10,0x00,0x00,0x00,0x00,0x17,0x88,0x30,0x00,0x00,0x00,0x00,0x01,0x78,0x83,0x4F,0xFF,0x80,
  0x00,0x00,0x00,0x00,0x04,0xFF,0xF8,0x4F,0xFF,0x80,0x00,0x00,0x00,0x00,0x04,0xFF,0xF8,0x4F,0xFF,0x80,
  0x00,0x00,0x00,0x00,0x04,0xFF,0xF8,0x4F,0xFF,0x80,0x00,0x00,0x00,0x00,0x04,0xFF,0xF8,0x4F,0xFF,0x80,
  0x00,0x00,0x00,0x00,0x04,0xFF,0xF8,0x4F,0xFF,0x80,0x00,0x00,0x00,0x00,0x04,0xFF,0xF8,0x4F,0xFF,0x80,
  0x00,0x00,0x00,0x00,0x04,0xFF,0xF8,0x4F,0xFF,0x80,0x00,0x00,0x00,0x00,0x04,0xFF,0xF8,0x4F,0xFF,0x80,
  0x00,0x00,0x00,0x00,0x04,0xFF,0xF8,0x4F,0xFF,0x94,0x44,0x44,0x44,0x44,0x47,0xFF,0xF8,0x4F,0xFF,0xFF,
  0xFF,0xFF,0xFF,0xFF,0xFF,0xFF,0xF8,0x4F,0xFF,0xFF,0xFF,0xFF,0xFF,0xFF,0xFF,0xFF,0xF8,0x4F,0xFF,0xFF,
  0xFF,0xFF,0xFF,0xFF,0xFF,0xFF,0xF8,0x4F,0xFF,0x80,0x00,0x00,0x00,0x00,0x04,0xFF,0xF8,0x4F,0xFF,0x80,
  0x00,0x00,0x00,0x00,0x04,0xFF,0xF8,0x4F,0xFF,0x80,0x00,0x00,0x00,0x00,0x04,0xFF,0xF8,0x4F,0xFF,0x80,
  0x00,0x00,0x00,0x00,0x04,0xFF,0xF8,0x4F,0xFF,0x80,0x00,0x00,0x00,0x00,0x04,0xFF,0xF8,0x4F,0xFF,0x80,
  0x00,0x00,0x00,0x00,0x04,0xFF,0xF8,0x4F,0xFF,0x80,0x00,0x00,0x00,0x00,0x04,0xFF,0xF8,0x4F,0xFF,0x80,
  0x00,0x00,0x00,0x00,0x04,0xFF,0xF8,0x4F,0xFF,0x80,0x00,0x00,0x00,0x00,0x04,0xFF,0xF8,0x2B,0xBB,0x50,
  0x00,0x00,0x00,0x00,0x02,0xBB,0xB5,0x17,0x88,0x34,0xFF,0xF8,0x4F,0xFF,0x84,0xFF,0xF8,0x4F,0xFF,0x84,
  0xFF,0xF8,0x4F,0xFF,0x84,0xFF,0xF8,0x4F,0xFF,0x84,0xFF,0xF8,0x4F,0xFF,0x84,0xFF,0xF8,0x4F,0xFF,0x84,
  0xFF,0xF8,0x4F,0xFF,0x84,0xFF,0xF8,0x4F,0xFF,0x84,0xFF,0xF8,0x4F,0xFF,0x84,0xFF,0xF8,0x4F,0xFF,0x84,
  0xFF,0xF8,0x4F,0xFF,0x82,0xBB,0xB5,0x00,0x00,0x00,0x00,0x00,0x03,0x66,0x50,0x00,0x00,0x00,0x00,0x00,
  0xBF,0xFF,0x00,0x00,0x00,0x00,0x00,0x0B,0xFF,0xF0,0x00,0x00,0x00,0x00,0x00,0xBF,0xFF,0x00,0x00,0x00,
  0x00,0x00,0x0B,0xFF,0xF0,0x00,0x00,0x00,0x00,0x00,0xBF,0xFF,0x00,0x00,0x00,0x00,0x00,0x0B,0xFF,0xF0,
  0x00,0x00,0x00,0x00,0x00,0xBF,0xFF,0x00,0x00,0x00,0x00,0x00,0x0B,0xFF,0xF0,0x00,0x00,0x00,0x00,0x00,
  0xBF,0xFF,0x00,0x00,0x00,0x00,0x00,0x0B,0xFF,0xF0,0x00,0x00,0x00,0x00,0x00,0xBF,0xFF,0x00,0x00,0x00,
  0x00,0x00,0x0B,0xFF,0xF0,0x00,0x00,0x00,0x00,0x00,0xBF,0xFF,0x00,0x00,0x00,0x00,0x00,0x0B,0xFF,0xF8,
  0xBB,0xA0,0x00,0x00,0x00,0xBF,0xFF,0xBF,0xFF,0x00,0x00,0x00,0x0B,0xFF,0xFB,0xFF,0xF0,0x00,0x00,0x00,
  0xCF,0xFF,0xAF,0xFF,0x20,0x00,0x00,0x0E,0xFF,0xE6,0xFF,0xF7,0x00,0x00,0x05,0xFF,0xFB,0x1F,0xFF,0xF6,
  0x00,0x05,0xEF,0xFF,0x60,0x8F,0xFF,0xFF,0xDE,0xFF,0xFF,0xC0,0x00,0x9F,0xFF,0xFF,0xFF,0xFF,0xC2,0x00,
  0x00,0x5C,0xFF,0xFF,0xFC,0x70,0x00,0x00,0x00,0x01,0x34,0x31,0x00,0x00,0x00,0x17,0x88,0x30,0x00,0x00,
  0x00,0x00,0x48,0x88,0x44,0xFF,0xF8,0x00,0x00,0x00,0x00,0x4F,0xFF,0xF5,0x4F,0xFF,0x80,0x00,0x00,0x00,
  0x3E,0xFF,0xF7,0x04,0xFF,0xF8,0x00,0x00,0x00,0x2E,0xFF,0xF8,0x00,0x4F,0xFF,0x80,0x00,0x00,0x2D,0xFF,
  0xF9,0x00,0x04,0xFF,0xF8,0x00,0x00,0x1D,0xFF,0xFA,0x00,0x00,0x4F,0xFF,0x80,0x00,0x1C,0xFF,0xFB,0x00,
  0x00,0x04,0xFF,0xF8,0x00,0x0B,0xFF,0xFC,0x10,0x00,0x00,0x4F,0xFF,0x80,0x0A,0xFF,0xFD,0x10,0x00,0x00,
  0x04,0xFF,0xF8,0x09,0xFF,0xFD,0x20,0x00,0x00,0x00,0x4F,0xFF,0x88,0xFF,0xFE,0x20,0x00,0x00,0x00,0x04,
  0xFF,0xFD,0xFF,0xFE,0x30,0x00,0x00,0x00,0x00,0x4F,0xFF,0xFF,0xFF,0xF5,0x00,0x00,0x00,0x00,0x04,0xFF,
  0xFF,0xFF,0xFF,0xE3,0x00,0x00,0x00,0x00,0x4F,0xFF,0xFE,0xDF,0xFF,0xD1,0x00,0x00,0x00,0x04,0xFF,0xFE,
  0x33,0xEF,0xFF,0xB0,0x00,0x00,0x00,0x4F,0xFF,0x80,0x05,0xFF,0xFF,0x90,0x00,0x00,0x04,0xFF,0xF8,0x00,
  0x08,0xFF,0xFF,0x70,0x00,0x00,0x4F,0xFF,0x80,0x00,0x0B,0xFF,0xFF,0x40,0x00,0x04,0xFF,0xF8,0x00,0x00,
  0x1D,0xFF,0xFE,0x20,0x00,0x4F,0xFF,0x80,0x00,0x00,0x3E,0xFF,0xFD,0x10,0x04,0xFF,0xF8,0x00,0x00,0x00,
  0x5F,0xFF,0xFB,0x00,0x4F,0xFF,0x80,0x00,0x00,0x00,0x8F,0xFF,0xF9,0x02,0xBB,0xB5,0x00,0x00,0x00,0x00,
  0x9B,0xBB,0xB0,0x17,0x88,0x30,0x00,0x00,0x00,0x00,0x00,0x04,0xFF,0xF8,0x00,0x00,0x00,0x00,0x00,0x00,
  0x4F,0xFF,0x80,0x00,0x00,0x00,0x00,0x00,0x04,0xFF,0xF8,0x00,0x00,0x00,0x00,0x00,0x00,0x4F,0xFF,0x80,
  0x00,0x00,0x00,0x00,0x00,0x04,0xFF,0xF8,0x00,0x00,0x00,0x00,0x00,0x00,0x4F,0xFF,0x80,0x00,0x00,0x00,
  0x00,0x00,0x04,0xFF,0xF8,0x00,0x00,0x00,0x00,0x00,0x00,0x4F,0xFF,0x80,0x00,0x00,0x00,0x00,0x00,0x04,
  0xFF,0xF8,0x00,0x00,0x00,0x00,0x00,0x00,0x4F,0xFF,0x80,0x00,0x00,0x00,0x00,0x00,0x04,0xFF,0xF8,0x00,
  0x00,0x00,0x00,0x00,0x00,0x4F,0xFF,0x80,0x00,0x00,0x00,0x00,0x00,0x04,0xFF,0xF8,0x00,0x00,0x00,0x00,
  0x00,0x00,0x4F,0xFF,0x80,0x00,0x00,0x00,0x00,0x00,0x04,0xFF,0xF8,0x00,0x00,0x00,0x00,0x00,0x00,0x4F,
  0xFF,0x80,0x00,0x00,0x00,0x00,0x00,0x04,0xFF,0xF8,0x00,0x00,0x00,0x00,0x00,0x00,0x4F,0xFF,0x80,0x00,
  0x00,0x00,0x00,0x00,0x04,0xFF,0xF8,0x00,0x00,0x00,0x00,0x00,0x00,0x4F,0xFF,0xA6,0x66,0x66,0x66,0x66,
  0x66,0x24,0xFF,0xFF,0xFF,0xFF,0xFF,0xFF,0xFF,0xF8,0x4F,0xFF,0xFF,0xFF,0xFF,0xFF,0xFF,0xFF,0x82,0xBB,
  0xBB,0xBB,0xBB,0xBB,0xBB,0xBB,0xB5,0x17,0x88,0x87,0x20,0x00,0x00,0x00,0x00,0x00,0x48,0x88,0x85,0x4F,
  0xFF,0xFF,0x80,0x00,0x00,0x00,0x00,0x00,0xEF,0xFF,0xFB,0x4F,0xFF,0xFF,0xD0,0x00,0x00,0x00,0x00,0x04,
  0xFF,0xFF,0xFB,0x4F,0xFF,0xFF,0xF2,0x00,0x00,0x00,0x00,0x08,0xFF,0xFF,0xFB,0x4F,0xFF,0xFF,0xF7,0x00,
  0x00,0x00,0x00,0x0D,0xFF,0xFF,0xFB,0x4F,0xFF,0xFF,0xFC,0x00,0x00,0x00,0x00,0x3F,0xFF,0xFF,0xFB,0x4F,
  0xFF,0xFF,0xFF,0x20,0x00,0x00,0x00,0x8F,0xFF,0xFF,0xFB,0x4F,0xFF,0xCF,0xFF,0x70,0x00,0x00,0x00,0xDF,
  0xFC,0xFF,0xFB,0x4F,0xFF,0x8E,0xFF,0xC0,0x00,0x00,0x03,0xFF,0xF7,0xFF,0xFB,0x4F,0xFF,0x8A,0xFF,0xF2,
  0x00,0x00,0x08,0xFF,0xF2,0xFF,0xFB,0x4F,0xFF,0x85,0xFF,0xF7,0x00,0x00,0x0D,0xFF,0xC0,0xFF,0xFB,0x4F,
  0xFF,0x81,0xEF,0xFC,0x00,0x00,0x2F,0xFF,0x70,0xFF,0xFB,0x4F,0xFF,0x80,0xAF,0xFF,0x20,0x00,0x7F,0xFF,
  0x20,0xFF,0xFB,0x4F,0xFF,0x80,0x5F,0xFF,0x60,0x00,0xCF,0xFC,0x00,0xFF,0xFB,0x4F,0xFF,0x80,0x0E,0xFF,
  0xB0,0x02,0xFF,0xF7,0x00,0xFF,0xFB,0x4F,0xFF,0x80,0x0A,0xFF,0xF1,0x07,0xFF,0xF2,0x00,0xFF,0xFB,0x4F,
  0xFF,0x80,0x04,0xFF,0xF6,0x0C,0xFF,0xC0,0x00,0xFF,0xFB,0x4F,0xFF,0x80,0x00,0xEF,0xFB,0x2F,0xFF,0x70,
  0x00,0xFF,0xFB,0x4F,0xFF,0x80,0x00,0x9F,0xFF,0x8F,0xFF,0x20,0x00,0xFF,0xFB,0x4F,0xFF,0x80,0x00,0x4F,
  0xFF,0xFF,0xFB,0x00,0x00,0xFF,0xFB,0x4F,0xFF,0x80,0x00,0x0E,0xFF,0xFF,0xF6,0x00,0x00,0xFF,0xFB,0x4F,
  0xFF,0x80,0x00,0x09,0xFF,0xFF,0xF1,0x00,0x00,0xFF,0xFB,0x4F,0xFF,0x80,0x00,0x04,0xFF,0xFF,0xB0,0x00,
  0x00,0xFF,0xFB,0x2B,0xBB,0x50,0x00,0x00,0xAB,0xBB,0x50,0x00,0x00,0xAB,0xB8,0x17,0x88,0x87,0x00,0x00,
  0x00,0x00,0x05,0x88,0x74,0xFF,0xFF,0xF5,0x00,0x00,0x00,0x00,0xBF,0xFF,0x4F,0xFF,0xFF,0xD0,0x00,0x00,
  0x00,0x0B,0xFF,0xF4,0xFF,0xFF,0xFF,0x60,0x00,0x00,0x00,0xBF,0xFF,0x4F,0xFF,0xFF,0xFD,0x00,0x00,0x00,
  0x0B,0xFF,0xF4,0xFF,0xFF,0xFF,0xF7,0x00,0x00,0x00,0xBF,0xFF,0x4F,0xFF,0x9F,0xFF,0xE1,0x00,0x00,0x0B,
  0xFF,0xF4,0xFF,0xF8,0x9F,0xFF,0x70,0x00,0x00,0xBF,0xFF,0x4F,0xFF,0x81,0xEF,0xFE,0x10,0x00,0x0B,0xFF,
  0xF4,0xFF,0xF8,0x08,0xFF,0xF8,0x00,0x00,0xBF,0xFF,0x4F,0xFF,0x80,0x1E,0xFF,0xE1,0x00,0x0B,0xFF,0xF4,
  0xFF,0xF8,0x00,0x7F,0xFF,0x90,0x00,0xBF,0xFF,0x4F,0xFF,0x80,0x01,0xEF,0xFF,0x20,0x0B,0xFF,0xF4,0xFF,
  0xF8,0x00,0x06,0xFF,0xF9,0x00,0xBF,0xFF,0x4F,0xFF,0x80,0x00,0x0D,0xFF,0xF2,0x0B,0xFF,0xF4,0xFF,0xF8,
  0x00,0x00,0x6F,0xFF,0xA0,0xBF,0xFF,0x4F,0xFF,0x80,0x00,0x00,0xDF,0xFF,0x3B,0xFF,0xF4,0xFF,0xF8,0x00,
  0x00,0x05,0xFF,0xFB,0xBF,0xFF,0x4F,0xFF,0x80,0x00,0x00,0x0C,0xFF,0xFE,0xFF,0xF4,0xFF,0xF8,0x00,0x00,
  0x00,0x4F,0xFF,0xFF,0xFF,0x4F,0xFF,0x80,0x00,0x00,0x00,0xBF,0xFF,0xFF,0xF4,0xFF,0xF8,0x00,0x00,0x00,
  0x03,0xFF,0xFF,0xFF,0x4F,0xFF,0x80,0x00,0x00,0x00,0x0A,0xFF,0xFF,0xF2,0xBB,0xB5,0x00,0x00,0x00,0x00,
  0x3B,0xBB,0xBA,0x00,0x00,0x00,0x26,0xAC,0xDD,0xC9,0x51,0x00,0x00,0x00,0x00,0x00,0x1A,0xFF,0xFF,0xFF,
  0xFF,0xFE,0x70,0x00,0x00,0x00,0x03,0xEF,0xFF,0xFF,0xFF,0xFF,0xFF,0xFC,0x20,0x00,0x00,0x3E,0xFF,0xFF,
  0xA6,0x44,0x6B,0xFF,0xFF,0xD1,0x00,0x01,0xDF,0xFF,0xC2,0x00,0x00,0x00,0x4E,0xFF,0xFA,0x00,0x08,0xFF,
  0xFD,0x10,0x00,0x00,0x00,0x03,0xFF,0xFF,0x40,0x1E,0xFF,0xF4,0x00,0x00,0x00,0x00,0x00,0x8F,0xFF,0xB0,
  0x5F,0xFF,0xC0,0x00,0x00,0x00,0x00,0x00,0x1F,0xFF,0xF1,0x9F,0xFF,0x70,0x00,0x00,0x00,0x00,0x00,0x0B,
  0xFF,0xF5,0xCF,0xFF,0x40,0x00,0x00,0x00,0x00,0x00,0x07,0xFF,0xF8,0xEF,0xFF,0x10,0x00,0x00,0x00,0x00,
  0x00,0x05,0xFF,0xFA,0xFF,0xFF,0x00,0x00,0x00,0x00,0x00,0x00,0x04,0xFF,0xFB,0xFF,0xFF,0x00,0x00,0x00,
  0x00,0x00,0x00,0x04,0xFF,0xFB,0xEF,0xFF,0x10,0x00,0x00,0x00,0x00,0x00,0x05,0xFF,0xFB,0xDF,0xFF,0x30,
  0x00,0x00,0x00,0x00,0x00,0x06,0xFF,0xF9,0xAF,0xFF,0x50,0x00,0x00,0x00,0x00,0x00,0x09,0xFF,0xF7,0x7F,
  0xFF,0xA0,0x00,0x00,0x00,0x00,0x00,0x0D,0xFF,0xF3,0x2F,0xFF,0xF2,0x00,0x00,0x00,0x00,0x00,0x5F,0xFF,
  0xD0,0x0A,0xFF,0xFA,0x00,0x00,0x00,0x00,0x01,0xDF,0xFF,0x70,0x02,0xFF,0xFF,0x80,0x00,0x00,0x00,0x1B,
  0xFF,0xFD,0x10,0x00,0x7F,0xFF,0xFB,0x40,0x00,0x15,0xDF,0xFF,0xF3,0x00,0x00,0x08,0xFF,0xFF,0xFF,0xDE,
  0xFF,0xFF,0xFF,0x50,0x00,0x00,0x00,0x6E,0xFF,0xFF,0xFF,0xFF,0xFF,0xD3,0x00,0x00,0x00,0x00,0x01,0x7C,
  0xFF,0xFF,0xFF,0xB6,0x00,0x00,0x00,0x00,0x00,0x00,0x00,0x13,0x43,0x20,0x00,0x00,0x00,0x00,0x04,0x44,
  0x44,0x44,0x43,0x31,0x00,0x00,0x00,0x4F,0xFF,0xFF,0xFF,0xFF,0xFF,0xC7,0x10,0x00,0x4F,0xFF,0xFF,0xFF,
  0xFF,0xFF,0xFF,0xD2,0x00,0x4F,0xFF,0xFF,0xFF,0xFF,0xFF,0xFF,0xFD,0x10,0x4F,0xFF,0x80,0x00,0x00,0x27,
  0xEF,0xFF,0x90,0x4F,0xFF,0x80,0x00,0x00,0x00,0x5F,0xFF,0xE0,0x4F,0xFF,0x80,0x00,0x00,0x00,0x0E,0xFF,
  0xF2,0x4F,0xFF,0x80,0x00,0x00,0x00,0x0C,0xFF,0xF4,0x4F,0xFF,0x80,0x00,0x00,0x00,0x0C,0xFF,0xF3,0x4F,
  0xFF,0x80,0x00,0x00,0x00,0x1F,0xFF,0xF1,0x4F,0xFF,0x80,0x00,0x00,0x01,0xAF,0xFF,0xB0,0x4F,0xFF,0xB8,
  0x88,0x88,0x9E,0xFF,0xFF,0x40,0x4F,0xFF,0xFF,0xFF,0xFF,0xFF,0xFF,0xF7,0x00,0x4F,0xFF,0xFF,0xFF,0xFF,
  0xFF,0xFD,0x50,0x00,0x4F,0xFF,0xDB,0xBB,0xBB,0xA8,0x50,0x00,0x00,0x4F,0xFF,0x80,0x00,0x00,0x00,0x00,
  0x00,0x00,0x4F,0xFF,0x80,0x00,0x00,0x00,0x00,0x00,0x00,0x4F,0xFF,0x80,0x00,0x00,0x00,0x00,0x00,0x00,
  0x4F,0xFF,0x80,0x00,0x00,0x00,0x00,0x00,0x00,0x4F,0xFF,0x80,0x00,0x00,0x00,0x00,0x00,0x00,0x4F,0xFF,
  0x80,0x00,0x00,0x00,0x00,0x00,0x00,0x4F,0xFF,0x80,0x00,0x00,0x00,0x00,0x00,0x00,0x4F,0xFF,0x80,0x00,
  0x00,0x00,0x00,0x00,0x00,0x3D,0xDD,0x60,0x00,0x00,0x00,0x00,0x00,0x00,0x00,0x00,0x00,0x26,0xAC,0xDD,
  0xC9,0x51,0x00,0x00,0x00,0x00,0x00,0x1A,0xFF,0xFF,0xFF,0xFF,0xFE,0x70,0x00,0x00,0x00,0x03,0xEF,0xFF,
  0xFF,0xFF,0xFF,0xFF,0xFC,0x10,0x00,0x00,0x3E,0xFF,0xFF,0xA6,0x44,0x6B,0xFF,0xFF,0xD1,0x00,0x01,0xDF,
  0xFF,0xC2,0x00,0x00,0x00,0x4E,0xFF,0xFA,0x00,0x08,0xFF,0xFD,0x10,0x00,0x00,0x00,0x03,0xFF,0xFF,0x40,
  0x1E,0xFF,0xF4,0x00,0x00,0x00,0x00,0x00,0x8F,0xFF,0xB0,0x5F,0xFF,0xC0,0x00,0x00,0x00,0x00,0x00,0x1F,
  0xFF,0xF1,0x9F,0xFF,0x70,0x00,0x00,0x00,0x00,0x00,0x0B,0xFF,0xF5,0xCF,0xFF,0x40,0x00,0x00,0x00,0x00,
  0x00,0x07,0xFF,0xF8,0xEF,0xFF,0x10,0x00,0x00,0x00,0x00,0x00,0x05,0xFF,0xFA,0xFF,0xFF,0x00,0x00,0x00,
  0x00,0x00,0x00,0x04,0xFF,0xFB,0xFF,0xFF,0x00,0x00,0x00,0x00,0x00,0x00,0x04,0xFF,0xFB,0xEF,0xFF,0x10,
  0x00,0x00,0x00,0x00,0x00,0x05,0xFF,0xFB,0xDF,0xFF,0x30,0x00,0x00,0x00,0x00,0x00,0x06,0xFF,0xF9,0xAF,
  0xFF,0x50,0x00,0x00,0x00,0x00,0x00,0x09,0xFF,0xF6,0x7F,0xFF,0xA0,0x00,0x00,0x00,0x00,0x00,0x0D,0xFF,
  0xF2,0x2F,0xFF,0xF2,0x00,0x00,0x00,0x00,0x00,0x5F,0xFF,0xB0,0x0A,0xFF,0xFA,0x00,0x00,0x00,0x00,0x01,
  0xDF,0xFF,0x30,0x02,0xFF,0xFF,0x80,0x00,0x00,0x00,0x1B,0xFF,0xF7,0x00,0x00,0x7F,0xFF,0xFB,0x40,0x00,
  0x15,0xDF,0xFF,0xA0,0x00,0x00,0x08,0xFF,0xFF,0xFF,0xDE,0xFF,0xFF,0xFF,0xFB,0x30,0x00,0x00,0x6E,0xFF,
  0xFF,0xFF,0xFF,0xFF,0xFF,0xFF,0xF6,0x00,0x00,0x01,0x7C,0xFF,0xFF,0xFE,0xCC,0xEF,0xFF,0xF9,0x00,0x00,
  0x00,0x00,0x13,0x44,0x20,0x00,0x04,0xBF,0xC0,0x00,0x00,0x00,0x00,0x00,0x00,0x00,0x00,0x00,0x05,0x10,
  0x16,0x66,0x66,0x66,0x65,0x54,0x10,0x00,0x00,0x4F,0xFF,0xFF,0xFF,0xFF,0xFF,0xFC,0x50,0x00,0x4F,0xFF,
  0xFF,0xFF,0xFF,0xFF,0xFF,0xFA,0x00,0x4F,0xFF,0xDB,0xBB,0xBC,0xDF,0xFF,0xFF,0x80,0x4F,0xFF,0x80,0x00,
  0x00,0x02,0xAF,0xFF,0xF1,0x4F,0xFF,0x80,0x00,0x00,0x00,0x0D,0xFF,0xF5,0x4F,0xFF,0x80,0x00,0x00,0x00,
  0x09,0xFF,0xF7,0x4F,0xFF,0x80,0x00,0x00,0x00,0x08,0xFF,0xF7,0x4F,0xFF,0x80,0x00,0x00,0x00,0x0A,0xFF,
  0xF6,0x4F,0xFF,0x80,0x00,0x00,0x00,0x2E,0xFF,0xF1,0x4F,0xFF,0x80,0x00,0x00,0x15,0xDF,0xFF,0x80,0x4F,
  0xFF,0xFF,0xFF,0xFF,0xFF,0xFF,0xF8,0x00,0x4F,0xFF,0xFF,0xFF,0xFF,0xFF,0xFF,0x70,0x00,0x4F,0xFF,0xFF,
  0xFF,0xFF,0xFF,0xFF,0xE2,0x00,0x4F,0xFF,0x94,0x44,0x44,0x6D,0xFF,0xFA,0x00,0x4F,0xFF,0x80,0x00,0x00,
  0x02,0xFF,0xFF,0x10,0x4F,0xFF,0x80,0x00,0x00,0x00,0xAF,0xFF,0x40,0x4F,0xFF,0x80,0x00,0x00,0x00,0x7F,
  0xFF,0x60,0x4F,0xFF,0x80,0x00,0x00,0x00,0x5F,0xFF,0x80,0x4F,0xFF,0x80,0x00,0x00,0x00,0x3F,0xFF,0xA0,
  0x4F,0xFF,0x80,0x00,0x00,0x00,0x0F,0xFF,0xD0,0x4F,0xFF,0x80,0x00,0x00,0x00,0x0C,0xFF,0xF2,0x4F,0xFF,
  0x80,0x00,0x00,0x00,0x08,0xFF,0xF8,0x2B,0xBB,0x50,0x00,0x00,0x00,0x02,0xBB,0xB9,0x00,0x00,0x03,0x8B,
  0xDD,0xC9,0x40,0x00,0x00,0x00,0x01,0xAF,0xFF,0xFF,0xFF,0xFC,0x20,0x00,0x00,0x2D,0xFF,0xFF,0xFF,0xFF,
  0xFF,0xE2,0x00,0x00,0xCF,0xFF,0xD7,0x44,0x8E,0xFF,0xFC,0x00,0x05,0xFF,0xFB,0x00,0x00,0x02,0xEF,0xFF,
  0x50,0x09,0xFF,0xF5,0x00,0x00,0x00,0x6F,0xFF,0xB0,0x0B,0xFF,0xF4,0x00,0x00,0x00,0x1F,0xFF,0xE0,0x0B,
  0xFF,0xF7,0x00,0x00,0x00,0x09,0xAA,0xA0,0x08,0xFF,0xFE,0x40,0x00,0x00,0x00,0x00,0x00,0x03,0xFF,0xFF,
  0xFB,0x62,0x00,0x00,0x00,0x00,0x00,0x9F,0xFF,0xFF,0xFF,0xD8,0x30,0x00,0x00,0x00,0x08,0xFF,0xFF,0xFF,
  0xFF,0xFA,0x20,0x00,0x00,0x00,0x3A,0xFF,0xFF,0xFF,0xFF,0xE4,0x00,0x00,0x00,0x00,0x15,0x9D,0xFF,0xFF,
  0xFE,0x30,0x00,0x00,0x00,0x00,0x00,0x4B,0xFF,0xFF,0xB0,0x00,0x00,0x00,0x00,0x00,0x00,0x8F,0xFF,0xF1,
  0x57,0x77,0x10,0x00,0x00,0x00,0x0E,0xFF,0xF3,0xBF,0xFF,0x60,0x00,0x00,0x00,0x0C,0xFF,0xF4,0x7F,0xFF,
  0xB0,0x00,0x00,0x00,0x0C,0xFF,0xF2,0x2F,0xFF,0xF6,0x00,0x00,0x00,0x3F,0xFF,0xE0,0x0A,0xFF,0xFF,0x92,
  0x00,0x16,0xEF,0xFF,0x70,0x01,0xDF,0xFF,0xFF,0xED,0xFF,0xFF,0xFB,0x00,0x00,0x1B,0xFF,0xFF,0xFF,0xFF,
  0xFF,0xA1,0x00,0x00,0x00,0x5B,0xEF,0xFF,0xFF,0xB4,0x00,0x00,0x00,0x00,0x00,0x02,0x34,0x20,0x00,0x00,
  0x00,0x26,0x66,0x66,0x66,0x66,0x66,0x66,0x66,0x66,0x65,0x8F,0xFF,0xFF,0xFF,0xFF,0xFF,0xFF,0xFF,0xFF,
  0xFF,0x8F,0xFF,0xFF,0xFF,0xFF,0xFF,0xFF,0xFF,0xFF,0xFF,0x5B,0xBB,0xBB,0xBB,0xEF,0xFF,0xBB,0xBB,0xBB,
  0xBA,0x00,0x00,0x00,0x00,0xBF,0xFF,0x00,0x00,0x00,0x00,0x00,0x00,0x00,0x00,0xBF,0xFF,0x00,0x00,0x00,
  0x00,0x00,0x00,0x00,0x00,0xBF,0xFF,0x00,0x00,0x00,0x00,0x00,0x00,0x00,0x00,0xBF,0xFF,0x00,0x00,0x00,
  0x00,0x00,0x00,0x00,0x00,0xBF,0xFF,0x00,0x00,0x00,0x00,0x00,0x00,0x00,0x00,0xBF,0xFF,0x00,0x00,0x00,
  0x00,0x00,0x00,0x00,0x00,0xBF,0xFF,0x00,0x00,0x00,0x00,0x00,0x00,0x00,0x00,0xBF,0xFF,0x00,0x00,0x00,
  0x00,0x00,0x00,0x00,0x00,0xBF,0xFF,0x00,0x00,0x00,0x00,0x00,0x00,0x00,0x00,0xBF,0xFF,0x00,0x00,0x00,
  0x00,0x00,0x00,0x00,0x00,0xBF,0xFF,0x00,0x00,0x00,0x00,0x00,0x00,0x00,0x00,0xBF,0xFF,0x00,0x00,0x00,
  0x00,0x00,0x00,0x00,0x00,0xBF,0xFF,0x00,0x00,0x00,0x00,0x00,0x00,0x00,0x00,0xBF,0xFF,0x00,0x00,0x00,
  0x00,0x00,0x00,0x00,0x00,0xBF,0xFF,0x00,0x00,0x00,0x00,0x00,0x00,0x00,0x00,0xBF,0xFF,0x00,0x00,0x00,
  0x00,0x00,0x00,0x00,0x00,0xBF,0xFF,0x00,0x00,0x00,0x00,0x00,0x00,0x00,0x00,0xBF,0xFF,0x00,0x00,0x00,
  0x00,0x00,0x00,0x00,0x00,0xBF,0xFF,0x00,0x00,0x00,0x00,0x00,0x00,0x00,0x00,0x8B,0xBA,0x00,0x00,0x00,
  0x00,0x26,0x66,0x10,0x00,0x00,0x00,0x00,0x36,0x65,0x8F,0xFF,0x40,0x00,0x00,0x00,0x00,0xBF,0xFF,0x8F,
  0xFF,0x40,0x00,0x00,0x00,0x00,0xBF,0xFF,0x8F,0xFF,0x40,0x00,0x00,0x00,0x00,0xBF,0xFF,0x8F,0xFF,0x40,
  0x00,0x00,0x00,0x00,0xBF,0xFF,0x8F,0xFF,0x40,0x00,0x00,0x00,0x00,0xBF,0xFF,0x8F,0xFF,0x40,0x00,0x00,
  0x00,0x00,0xBF,0xFF,0x8F,0xFF,0x40,0x00,0x00,0x00,0x00,0xBF,0xFF,0x8F,0xFF,0x40,0x00,0x00,0x00,0x00,
  0xBF,0xFF,0x8F,0xFF,0x40,0x00,0x00,0x00,0x00,0xBF,0xFF,0x8F,0xFF,0x40,0x00,0x00,0x00,0x00,0xBF,0xFF,
  0x8F,0xFF,0x40,0x00,0x00,0x00,0x00,0xBF,0xFF,0x8F,0xFF,0x40,0x00,0x00,0x00,0x00,0xBF,0xFF,0x8F,0xFF,
  0x40,0x00,0x00,0x00,0x00,0xBF,0xFF,0x8F,0xFF,0x40,0x00,0x00,0x00,0x00,0xBF,0xFF,0x7F,0xFF,0x40,0x00,
  0x00,0x00,0x00,0xBF,0xFF,0x7F,0xFF,0x40,0x00,0x00,0x00,0x00,0xCF,0xFF,0x6F,0xFF,0x60,0x00,0x00,0x00,
  0x00,0xEF,0xFD,0x3F,0xFF,0xB0,0x00,0x00,0x00,0x03,0xFF,0xFA,0x0D,0xFF,0xF5,0x00,0x00,0x00,0x1C,0xFF,
  0xF6,0x06,0xFF,0xFF,0x81,0x00,0x04,0xCF,0xFF,0xD0,0x00,0xAF,0xFF,0xFF,0xED,0xFF,0xFF,0xFE,0x30,0x00,
  0x09,0xFF,0xFF,0xFF,0xFF,0xFF,0xE4,0x00,0x00,0x00,0x4A,0xEF,0xFF,0xFF,0xD7,0x10,0x00,0x00,0x00,0x00,
  0x02,0x34,0x31,0x00,0x00,0x00,0x38,0x88,0x30,0x00,0x00,0x00,0x00,0x00,0x17,0x88,0x55,0xFF,0xFA,0x00,
  0x00,0x00,0x00,0x00,0x05,0xFF,0xFA,0x1E,0xFF,0xF1,0x00,0x00,0x00,0x00,0x00,0xAF,0xFF,0x40,0xAF,0xFF,
  0x50,0x00,0x00,0x00,0x00,0x1F,0xFF,0xE0,0x05,0xFF,0xFA,0x00,0x00,0x00,0x00,0x05,0xFF,0xF9,0x00,0x0E,
  0xFF,0xE1,0x00,0x00,0x00,0x00,0xBF,0xFF,0x30,0x00,0x9F,0xFF,0x50,0x00,0x00,0x00,0x1F,0xFF,0xD0,0x00,
  0x04,0xFF,0xFA,0x00,0x00,0x00,0x06,0xFF,0xF8,0x00,0x00,0x0E,0xFF,0xE0,0x00,0x00,0x00,0xBF,0xFF,0x20,
  0x00,0x00,0x9F,0xFF,0x40,0x00,0x00,0x1F,0xFF,0xC0,0x00,0x00,0x04,0xFF,0xF9,0x00,0x00,0x06,0xFF,0xF6,
  0x00,0x00,0x00,0x0E,0xFF,0xE0,0x00,0x00,0xBF,0xFF,0x10,0x00,0x00,0x00,0x9F,0xFF,0x40,0x00,0x1F,0xFF,
  0xB0,0x00,0x00,0x00,0x03,0xFF,0xF9,0x00,0x06,0xFF,0xF5,0x00,0x00,0x00,0x00,0x0D,0xFF,0xE0,0x00,0xBF,
  0xFE,0x10,0x00,0x00,0x00,0x00,0x8F,0xFF,0x40,0x1F,0xFF,0xA0,0x00,0x00,0x00,0x00,0x03,0xFF,0xF9,0x06,
  0xFF,0xF4,0x00,0x00,0x00,0x00,0x00,0x0D,0xFF,0xD0,0xBF,0xFE,0x00,0x00,0x00,0x00,0x00,0x00,0x8F,0xFF,
  0x5F,0xFF,0x90,0x00,0x00,0x00,0x00,0x00,0x03,0xFF,0xFD,0xFF,0xF3,0x00,0x00,0x00,0x00,0x00,0x00,0x0C,
  0xFF,0xFF,0xFD,0x00,0x00,0x00,0x00,0x00,0x00,0x00,0x7F,0xFF,0xFF,0x80,0x00,0x00,0x00,0x00,0x00,0x00,
  0x02,0xFF,0xFF,0xF2,0x00,0x00,0x00,0x00,0x00,0x00,0x00,0x09,0xBB,0xB9,0x00,0x00,0x00,0x00,0x48,0x88,
  0x30,0x00,0x00,0x00,0x01,0x22,0x21,0x00,0x00,0x00,0x00,0x17,0x88,0x58,0xFF,0xF9,0x00,0x00,0x00,0x00,
  0xCF,0xFF,0xE0,0x00,0x00,0x00,0x05,0xFF,0xF9,0x4F,0xFF,0xD0,0x00,0x00,0x00,0x1F,0xFF,0xFF,0x40,0x00,
  0x00,0x00,0x8F,0xFF,0x51,0xFF,0xFF,0x10,0x00,0x00,0x05,0xFF,0xFF,0xF8,0x00,0x00,0x00,0x0C,0xFF,0xF1,
  0x0C,0xFF,0xF5,0x00,0x00,0x00,0x9F,0xFF,0xFF,0xB0,0x00,0x00,0x01,0xFF,0xFC,0x00,0x8F,0xFF,0x80,0x00,
  0x00,0x0D,0xFF,0xFF,0xFF,0x10,0x00,0x00,0x4F,0xFF,0x80,0x04,0xFF,0xFC,0x00,0x00,0x02,0xFF,0xFB,0xFF,
  0xF4,0x00,0x00,0x08,0xFF,0xF4,0x00,0x0E,0xFF,0xF1,0x00,0x00,0x6F,0xFF,0x4F,0xFF,0x80,0x00,0x00,0xCF,
  0xFE,0x00,0x00,0xBF,0xFF,0x40,0x00,0x0A,0xFF,0xC0,0xDF,0xFC,0x00,0x00,0x1F,0xFF,0xA0,0x00,0x07,0xFF,
  0xF7,0x00,0x00,0xEF,0xF8,0x09,0xFF,0xF1,0x00,0x04,0xFF,0xF6,0x00,0x00,0x3F,0xFF,0xB0,0x00,0x3F,0xFF,
  0x40,0x5F,0xFF,0x50,0x00,0x8F,0xFF,0x20,0x00,0x00,0xEF,0xFE,0x00,0x07,0xFF,0xF1,0x02,0xFF,0xF8,0x00,
  0x0C,0xFF,0xD0,0x00,0x00,0x0A,0xFF,0xF3,0x00,0xBF,0xFB,0x00,0x0D,0xFF,0xC0,0x01,0xFF,0xF9,0x00,0x00,
  0x00,0x6F,0xFF,0x60,0x0E,0xFF,0x70,0x00,0x9F,0xFF,0x10,0x4F,0xFF,0x50,0x00,0x00,0x02,0xFF,0xFA,0x04,
  0xFF,0xF3,0x00,0x05,0xFF,0xF5,0x08,0xFF,0xF1,0x00,0x00,0x00,0x0D,0xFF,0xD0,0x8F,0xFE,0x00,0x00,0x1F,
  0xFF,0x90,0xCF,0xFB,0x00,0x00,0x00,0x00,0x9F,0xFF,0x2C,0xFF,0xA0,0x00,0x00,0xCF,0xFD,0x1F,0xFF,0x70,
  0x00,0x00,0x00,0x06,0xFF,0xF6,0xFF,0xF6,0x00,0x00,0x08,0xFF,0xF6,0xFF,0xF3,0x00,0x00,0x00,0x00,0x2F,
  0xFF,0xDF,0xFF,0x20,0x00,0x00,0x4F,0xFF,0xDF,0xFE,0x00,0x00,0x00,0x00,0x00,0xDF,0xFF,0xFF,0xD0,0x00,
  0x00,0x01,0xFF,0xFF,0xFF,0xA0,0x00,0x00,0x00,0x00,0x09,0xFF,0xFF,0xF9,0x00,0x00,0x00,0x0B,0xFF,0xFF,
  0xF6,0x00,0x00,0x00,0x00,0x00,0x5F,0xFF,0xFF,0x40,0x00,0x00,0x00,0x7F,0xFF,0xFF,0x20,0x00,0x00,0x00,
  0x00,0x01,0xFF,0xFF,0xF1,0x00,0x00,0x00,0x04,0xFF,0xFF,0xC0,0x00,0x00,0x00,0x00,0x00,0x09,0xBB,0xB8,
  0x00,0x00,0x00,0x00,0x0A,0xBB,0xB6,0x00,0x00,0x00,0x07,0x88,0x70,0x00,0x00,0x00,0x00,0x00,0x78,0x87,
  0x00,0xDF,0xFF,0x60,0x00,0x00,0x00,0x00,0x7F,0xFF,0xD0,0x04,0xFF,0xFE,0x20,0x00,0x00,0x00,0x3F,0xFF,
  0xF3,0x00,0x09,0xFF,0xFB,0x00,0x00,0x00,0x0C,0xFF,0xF7,0x00,0x00,0x1D,0xFF,0xF5,0x00,0x00,0x07,0xFF,
  0xFB,0x00,0x00,0x00,0x4F,0xFF,0xE1,0x00,0x03,0xFF,0xFE,0x20,0x00,0x00,0x00,0x9F,0xFF,0xA0,0x00,0xCF,
  0xFF,0x60,0x00,0x00,0x00,0x01,0xDF,0xFF,0x40,0x7F,0xFF,0xA0,0x00,0x00,0x00,0x00,0x04,0xFF,0xFD,0x4F,
  0xFF,0xD1,0x00,0x00,0x00,0x00,0x00,0x09,0xFF,0xFF,0xFF,0xF4,0x00,0x00,0x00,0x00,0x00,0x00,0x1D,0xFF,
  0xFF,0xF8,0x00,0x00,0x00,0x00,0x00,0x00,0x00,0x4F,0xFF,0xFC,0x00,0x00,0x00,0x00,0x00,0x00,0x00,0x04,
  0xFF,0xFF,0xD1,0x00,0x00,0x00,0x00,0x00,0x00,0x01,0xDF,0xFF,0xFF,0xA0,0x00,0x00,0x00,0x00,0x00,0x00,
  0xAF,0xFF,0xEF,0xFF,0x60,0x00,0x00,0x00,0x00,0x00,0x6F,0xFF,0xB4,0xFF,0xFE,0x20,0x00,0x00,0x00,0x00,
  0x2E,0xFF,0xE2,0x08,0xFF,0xFC,0x00,0x00,0x00,0x00,0x0C,0xFF,0xF6,0x00,0x0C,0xFF,0xF7,0x00,0x00,0x00,
  0x07,0xFF,0xFB,0x00,0x00,0x3F,0xFF,0xF3,0x00,0x00,0x03,0xFF,0xFE,0x20,0x00,0x00,0x7F,0xFF,0xD1,0x00,
  0x01,0xDF,0xFF,0x60,0x00,0x00,0x00,0xCF,0xFF,0x90,0x00,0x9F,0xFF,0xB0,0x00,0x00,0x00,0x02,0xEF,0xFF,
  0x50,0x4F,0xFF,0xE2,0x00,0x00,0x00,0x00,0x06,0xFF,0xFE,0x17,0xBB,0xB5,0x00,0x00,0x00,0x00,0x00,0x09,
  0xBB,0xB4,0x58,0x87,0x20,0x00,0x00,0x00,0x00,0x03,0x88,0x83,0x9F,0xFF,0xB0,0x00,0x00,0x00,0x00,0x0D,
  0xFF,0xF5,0x1E,0xFF,0xF4,0x00,0x00,0x00,0x00,0x7F,0xFF,0xC0,0x07,0xFF,0xFD,0x00,0x00,0x00,0x01,0xEF,
  0xFF,0x30,0x00,0xDF,0xFF,0x60,0x00,0x00,0x08,0xFF,0xF9,0x00,0x00,0x4F,0xFF,0xE1,0x00,0x00,0x2F,0xFF,
  0xE1,0x00,0x00,0x0B,0xFF,0xF8,0x00,0x00,0xAF,0xFF,0x70,0x00,0x00,0x02,0xFF,0xFF,0x20,0x03,0xFF,0xFD,
  0x00,0x00,0x00,0x00,0x8F,0xFF,0xB0,0x0B,0xFF,0xF4,0x00,0x00,0x00,0x00,0x1E,0xFF,0xF4,0x5F,0xFF,0xB0,
  0x00,0x00,0x00,0x00,0x06,0xFF,0xFC,0xDF,0xFF,0x20,0x00,0x00,0x00,0x00,0x00,0xCF,0xFF,0xFF,0xF8,0x00,
  0x00,0x00,0x00,0x00,0x00,0x3F,0xFF,0xFF,0xE1,0x00,0x00,0x00,0x00,0x00,0x00,0x0A,0xFF,0xFF,0x60,0x00,
  0x00,0x00,0x00,0x00,0x00,0x02,0xFF,0xFD,0x00,0x00,0x00,0x00,0x00,0x00,0x00,0x00,0xFF,0xFB,0x00,0x00,
  0x00,0x00,0x00,0x00,0x00,0x00,0xFF,0xFB,0x00,0x00,0x00,0x00,0x00,0x00,0x00,0x00,0xFF,0xFB,0x00,0x00,
  0x00,0x00,0x00,0x00,0x00,0x00,0xFF,0xFB,0x00,0x00,0x00,0x00,0x00,0x00,0x00,0x00,0xFF,0xFB,0x00,0x00,
  0x00,0x00,0x00,0x00,0x00,0x00,0xFF,0xFB,0x00,0x00,0x00,0x00,0x00,0x00,0x00,0x00,0xFF,0xFB,0x00,0x00,
  0x00,0x00,0x00,0x00,0x00,0x00,0xFF,0xFB,0x00,0x00,0x00,0x00,0x00,0x00,0x00,0x00,0xAB,0xB8,0x00,0x00,
  0x00,0x00,0x16,0x66,0x66,0x66,0x66,0x66,0x66,0x66,0x62,0x4F,0xFF,0xFF,0xFF,0xFF,0xFF,0xFF,0xFF,0xF8,
  0x4F,0xFF,0xFF,0xFF,0xFF,0xFF,0xFF,0xFF,0xF8,0x2B,0xBB,0xBB,0xBB,0xBB,0xBB,0xCF,0xFF,0xF5,0x00,0x00,
  0x00,0x00,0x00,0x00,0xBF,0xFF,0xA0,0x00,0x00,0x00,0x00,0x00,0x08,0xFF,0xFD,0x10,0x00,0x00,0x00,0x00,
  0x00,0x4F,0xFF,0xF3,0x00,0x00,0x00,0x00,0x00,0x01,0xDF,0xFF,0x60,0x00,0x00,0x00,0x00,0x00,0x0B,0xFF,
  0xFA,0x00,0x00,0x00,0x00,0x00,0x00,0x7F,0xFF,0xD1,0x00,0x00,0x00,0x00,0x00,0x03,0xFF,0xFF,0x30,0x00,
  0x00,0x00,0x00,0x00,0x1D,0xFF,0xF7,0x00,0x00,0x00,0x00,0x00,0x00,0xAF,0xFF,0xA0,0x00,0x00,0x00,0x00,
  0x00,0x06,0xFF,0xFD,0x10,0x00,0x00,0x00,0x00,0x00,0x3F,0xFF,0xF3,0x00,0x00,0x00,0x00,0x00,0x01,0xDF,
  0xFF,0x70,0x00,0x00,0x00,0x00,0x00,0x09,0xFF,0xFB,0x00,0x00,0x00,0x00,0x00,0x00,0x5F,0xFF,0xD1,0x00,
  0x00,0x00,0x00,0x00,0x02,0xEF,0xFF,0x40,0x00,0x00,0x00,0x00,0x00,0x0C,0xFF,0xF7,0x00,0x00,0x00,0x00,
  0x00,0x00,0x9F,0xFF,0xE6,0x66,0x66,0x66,0x66,0x66,0x63,0xFF,0xFF,0xFF,0xFF,0xFF,0xFF,0xFF,0xFF,0xFB,
  0xFF,0xFF,0xFF,0xFF,0xFF,0xFF,0xFF,0xFF,0xFB,0xAB,0xBB,0xBB,0xBB,0xBB,0xBB,0xBB,0xBB,0xB8,0x17,0x88,
  0x88,0x74,0xFF,0xFF,0xFF,0x4F,0xFF,0xFF,0xF4,0xFF,0x94,0x43,0x4F,0xF8,0x00,0x04,0xFF,0x80,0x00,0x4F,
  0xF8,0x00,0x04,0xFF,0x80,0x00,0x4F,0xF8,0x00,0x04,0xFF,0x80,0x00,0x4F,0xF8,0x00,0x04,0xFF,0x80,0x00,
  0x4F,0xF8,0x00,0x04,0xFF,0x80,0x00,0x4F,0xF8,0x00,0x04,0xFF,0x80,0x00,0x4F,0xF8,0x00,0x04,0xFF,0x80,
  0x00,0x4F,0xF8,0x00,0x04,0xFF,0x80,0x00,0x4F,0xF8,0x00,0x04,0xFF,0x80,0x00,0x4F,0xF8,0x00,0x04,0xFF,
  0x80,0x00,0x4F,0xF8,0x00,0x04,0xFF,0x80,0x00,0x4F,0xFB,0x88,0x74,0xFF,0xFF,0xFF,0x4F,0xFF,0xFF,0xF0,
  0x44,0x44,0x43,0x48,0x72,0x00,0x00,0x00,0x00,0x8F,0xF8,0x00,0x00,0x00,0x00,0x3F,0xFD,0x00,0x00,0x00,
  0x00,0x0D,0xFF,0x30,0x00,0x00,0x00,0x08,0xFF,0x80,0x00,0x00,0x00,0x03,0xFF,0xD0,0x00,0x00,0x00,0x00,
  0xDF,0xF3,0x00,0x00,0x00,0x00,0x8F,0xF8,0x00,0x00,0x00,0x00,0x3F,0xFD,0x00,0x00,0x00,0x00,0x0D,0xFF,
  0x30,0x00,0x00,0x00,0x08,0xFF,0x80,0x00,0x00,0x00,0x03,0xFF,0xD0,0x00,0x00,0x00,0x00,0xDF,0xF3,0x00,
  0x00,0x00,0x00,0x8F,0xF8,0x00,0x00,0x00,0x00,0x3F,0xFD,0x00,0x00,0x00,0x00,0x0D,0xFF,0x30,0x00,0x00,
  0x00,0x08,0xFF,0x80,0x00,0x00,0x00,0x03,0xFF,0xD0,0x00,0x00,0x00,0x00,0xDF,0xF3,0x00,0x00,0x00,0x00,
  0x8F,0xF8,0x00,0x00,0x00,0x00,0x3F,0xFD,0x00,0x00,0x00,0x00,0x0D,0xFF,0x30,0x00,0x00,0x00,0x08,0xFF,
  0x80,0x00,0x00,0x00,0x03,0xFF,0xD0,0x00,0x00,0x00,0x00,0xDF,0xF3,0x00,0x00,0x00,0x00,0x59,0x92,0x27,
  0x88,0x88,0x56,0xFF,0xFF,0xFB,0x6F,0xFF,0xFF,0xB1,0x44,0x4F,0xFB,0x00,0x00,0xFF,0xB0,0x00,0x0F,0xFB,
  0x00,0x00,0xFF,0xB0,0x00,0x0F,0xFB,0x00,0x00,0xFF,0xB0,0x00,0x0F,0xFB,0x00,0x00,0xFF,0xB0,0x00,0x0F,
  0xFB,0x00,0x00,0xFF,0xB0,0x00,0x0F,0xFB,0x00,0x00,0xFF,0xB0,0x00,0x0F,0xFB,0x00,0x00,0xFF,0xB0,0x00,
  0x0F,0xFB,0x00,0x00,0xFF,0xB0,0x00,0x0F,0xFB,0x00,0x00,0xFF,0xB0,0x00,0x0F,0xFB,0x00,0x00,0xFF,0xB0,
  0x00,0x0F,0xFB,0x00,0x00,0xFF,0xB0,0x00,0x0F,0xFB,0x27,0x88,0xFF,0xB6,0xFF,0xFF,0xFB,0x6F,0xFF,0xFF,
  0xB1,0x44,0x44,0x42,0x00,0x00,0x00,0x22,0x10,0x00,0x00,0x00,0x00,0x00,0x6F,0xFE,0x10,0x00,0x00,0x00,
  0x00,0x0D,0xFF,0xF6,0x00,0x00,0x00,0x00,0x04,0xFF,0xFF,0xD0,0x00,0x00,0x00,0x00,0xBF,0xFD,0xFF,0x40,
  0x00,0x00,0x00,0x2F,0xFD,0x4F,0xFB,0x00,0x00,0x00,0x09,0xFF,0x70,0xDF,0xF2,0x00,0x00,0x01,0xEF,0xF2,
  0x07,0xFF,0x90,0x00,0x00,0x7F,0xFA,0x00,0x1F,0xFE,0x10,0x00,0x0D,0xFF,0x40,0x00,0xAF,0xF7,0x00,0x05,
  0xFF,0xD0,0x00,0x04,0xFF,0xD0,0x00,0xCF,0xF7,0x00,0x00,0x0D,0xFF,0x50,0x3F,0xFF,0x10,0x00,0x00,0x6F,
  0xFC,0x0A,0xFF,0xA0,0x00,0x00,0x01,0xEF,0xF3,0xAB,0xB3,0x00,0x00,0x00,0x07,0xBB,0x50,0x34,0x44,0x44,
  0x44,0x44,0x44,0x42,0xFF,0xFF,0xFF,0xFF,0xFF,0xFF,0xFB,0xFF,0xFF,0xFF,0xFF,0xFF,0xFF,0xFB,0x78,0x88,
  0x88,0x88,0x88,0x88,0x85,0x17,0x87,0x20,0x01,0xDF,0xFB,0x00,0x03,0xEF,0xF4,0x00,0x06,0xFF,0xC0,0x00,
  0x09,0xFF,0x30,0x00,0x00,0x03,0x8A,0xBB,0x95,0x10,0x00,0x00,0x02,0xBF,0xFF,0xFF,0xFF,0xE4,0x00,0x00,
  0x2D,0xFF,0xFF,0xFF,0xFF,0xFF,0x30,0x00,0xAF,0xFF,0xE8,0x67,0xCF,0xFF,0xB0,0x02,0xFF,0xFE,0x20,0x00,
  0x0D,0xFF,0xF1,0x06,0xFF,0xF8,0x00,0x00,0x09,0xFF,0xF3,0x07,0xFF,0xF5,0x00,0x00,0x08,0xFF,0xF3,0x00,
  0x00,0x00,0x24,0x67,0x7B,0xFF,0xF4,0x00,0x01,0x8D,0xFF,0xFF,0xFF,0xFF,0xF4,0x00,0x5E,0xFF,0xFF,0xFF,
  0xFF,0xFF,0xF4,0x04,0xFF,0xFF,0xFC,0x98,0x8C,0xFF,0xF4,0x0C,0xFF,0xFB,0x20,0x00,0x08,0xFF,0xF4,0x2F,
  0xFF,0xE1,0x00,0x00,0x08,0xFF,0xF4,0x3F,0xFF,0xC0,0x00,0x00,0x0B,0xFF,0xF4,0x3F,0xFF,0xD0,0x00,0x00,
  0x3F,0xFF,0xF4,0x1F,0xFF,0xF8,0x10,0x04,0xDF,0xFF,0xF5,0x09,0xFF,0xFF,0xFD,0xEF,0xFF,0xFF,0xF6,0x01,
  0xCF,0xFF,0xFF,0xFF,0xFE,0xFF,0xF7,0x00,0x18,0xEF,0xFF,0xFE,0x93,0xCC,0xC6,0x00,0x00,0x02,0x43,0x20,
  0x00,0x00,0x00,0x3D,0xDD,0x60,0x00,0x00,0x00,0x00,0x00,0x00,0x4F,0xFF,0x80,0x00,0x00,0x00,0x00,0x00,
  0x00,0x4F,0xFF,0x80,0x00,0x00,0x00,0x00,0x00,0x00,0x4F,0xFF,0x80,0x00,0x00,0x00,0x00,0x00,0x00,0x4F,
  0xFF,0x80,0x00,0x00,0x00,0x00,0x00,0x00,0x4F,0xFF,0x80,0x00,0x00,0x00,0x00,0x00,0x00,0x4F,0xFF,0x80,
  0x37,0xAB,0xB9,0x51,0x00,0x00,0x4F,0xFF,0x8A,0xFF,0xFF,0xFF,0xFE,0x50,0x00,0x4F,0xFF,0xEF,0xFF,0xFF,
  0xFF,0xFF,0xF7,0x00,0x4F,0xFF,0xFF,0xFB,0x76,0x8D,0xFF,0xFF,0x40,0x4F,0xFF,0xFE,0x50,0x00,0x01,0xBF,
  0xFF,0xD0,0x4F,0xFF,0xF6,0x00,0x00,0x00,0x1E,0xFF,0xF5,0x4F,0xFF,0xE0,0x00,0x00,0x00,0x08,0xFF,0xFA,
  0x4F,0xFF,0xA0,0x00,0x00,0x00,0x04,0xFF,0xFD,0x4F,0xFF,0x80,0x00,0x00,0x00,0x01,0xFF,0xFE,0x4F,0xFF,
  0x80,0x00,0x00,0x00,0x00,0xFF,0xFF,0x4F,0xFF,0x80,0x00,0x00,0x00,0x01,0xFF,0xFE,0x4F,0xFF,0x80,0x00,
  0x00,0x00,0x02,0xFF,0xFD,0x4F,0xFF,0xB0,0x00,0x00,0x00,0x05,0xFF,0xFA,0x4F,0xFF,0xF1,0x00,0x00,0x00,
  0x0B,0xFF,0xF6,0x4F,0xFF,0xFA,0x00,0x00,0x00,0x5F,0xFF,0xE1,0x4F,0xFF,0xFF,0xB3,0x00,0x18,0xFF,0xFF,
  0x70,0x4F,0xFF,0xFF,0xFF,0xED,0xFF,0xFF,0xFA,0x00,0x4F,0xFF,0xEF,0xFF,0xFF,0xFF,0xFF,0x80,0x00,0x2C,
  0xCC,0x57,0xDF,0xFF,0xFE,0xA3,0x00,0x00,0x00,0x00,0x00,0x01,0x34,0x20,0x00,0x00,0x00,0x00,0x00,0x01,
  0x69,0xBB,0x96,0x10,0x00,0x00,0x00,0x07,0xEF,0xFF,0xFF,0xFE,0x70,0x00,0x00,0x0A,0xFF,0xFF,0xFF,0xFF,
  0xFF,0x90,0x00,0x09,0xFF,0xFF,0xA6,0x7B,0xFF,0xFF,0x60,0x04,0xFF,0xFE,0x40,0x00,0x06,0xFF,0xFE,0x10,
  0xBF,0xFF,0x60,0x00,0x00,0x0C,0xFF,0xF5,0x1F,0xFF,0xE0,0x00,0x00,0x00,0x6F,0xFF,0x85,0xFF,0xFA,0x00,
  0x00,0x00,0x01,0x67,0x73,0x7F,0xFF,0x80,0x00,0x00,0x00,0x00,0x00,0x07,0xFF,0xF8,0x00,0x00,0x00,0x00,
  0x00,0x00,0x7F,0xFF,0x80,0x00,0x00,0x00,0x00,0x00,0x06,0xFF,0xFA,0x00,0x00,0x00,0x00,0x00,0x00,0x4F,
  0xFF,0xC0,0x00,0x00,0x00,0x3A,0xAA,0x41,0xFF,0xFF,0x20,0x00,0x00,0x0A,0xFF,0xF5,0x0B,0xFF,0xFB,0x00,
  0x00,0x02,0xFF,0xFE,0x10,0x4F,0xFF,0xFA,0x10,0x04,0xDF,0xFF,0x80,0x00,0x9F,0xFF,0xFF,0xDE,0xFF,0xFF,
  0xC1,0x00,0x00,0x9F,0xFF,0xFF,0xFF,0xFF,0xC1,0x00,0x00,0x00,0x4B,0xFF,0xFF,0xFC,0x60,0x00,0x00,0x00,
  0x00,0x01,0x34,0x31,0x00,0x00,0x00,0x00,0x00,0x00,0x00,0x00,0x00,0x00,0xCD,0xD9,0x00,0x00,0x00,0x00,
  0x00,0x00,0x00,0xFF,0xFB,0x00,0x00,0x00,0x00,0x00,0x00,0x00,0xFF,0xFB,0x00,0x00,0x00,0x00,0x00,0x00,
  0x00,0xFF,0xFB,0x00,0x00,0x00,0x00,0x00,0x00,0x00,0xFF,0xFB,0x00,0x00,0x00,0x00,0x00,0x00,0x00,0xFF,
  0xFB,0x00,0x00,0x00,0x59,0xBB,0xA7,0x30,0xFF,0xFB,0x00,0x00,0x6E,0xFF,0xFF,0xFF,0xF9,0xFF,0xFB,0x00,
  0x09,0xFF,0xFF,0xFF,0xFF,0xFF,0xFF,0xFB,0x00,0x9F,0xFF,0xFB,0x76,0x8D,0xFF,0xFF,0xFB,0x04,0xFF,0xFF,
  0x50,0x00,0x01,0xAF,0xFF,0xFB,0x0B,0xFF,0xF8,0x00,0x00,0x00,0x0C,0xFF,0xFB,0x1F,0xFF,0xE1,0x00,0x00,
  0x00,0x05,0xFF,0xFB,0x4F,0xFF,0xB0,0x00,0x00,0x00,0x02,0xFF,0xFB,0x6F,0xFF,0x90,0x00,0x00,0x00,0x00,
  0xFF,0xFB,0x7F,0xFF,0x80,0x00,0x00,0x00,0x00,0xFF,0xFB,0x7F,0xFF,0x80,0x00,0x00,0x00,0x00,0xFF,0xFB,
  0x6F,0xFF,0xA0,0x00,0x00,0x00,0x02,0xFF,0xFB,0x4F,0xFF,0xD0,0x00,0x00,0x00,0x04,0xFF,0xFB,0x1F,0xFF,
  0xF4,0x00,0x00,0x00,0x0A,0xFF,0xFB,0x0A,0xFF,0xFC,0x10,0x00,0x00,0x4F,0xFF,0xFB,0x02,0xFF,0xFF,0xB3,
  0x00,0x17,0xFF,0xFF,0xFB,0x00,0x6F,0xFF,0xFF,0xED,0xFF,0xFF,0xFF,0xFB,0x00,0x07,0xFF,0xFF,0xFF,0xFF,
  0xFB,0xFF,0xFB,0x00,0x00,0x3A,0xEF,0xFF,0xFD,0x70,0xBC,0xC8,0x00,0x00,0x00,0x03,0x43,0x20,0x00,0x00,
  0x00,0x00,0x00,0x01,0x69,0xBB,0xA6,0x10,0x00,0x00,0x00,0x07,0xEF,0xFF,0xFF,0xFE,0x70,0x00,0x00,0x0A,
  0xFF,0xFF,0xFF,0xFF,0xFF,0x90,0x00,0x09,0xFF,0xFF,0xA6,0x6A,0xFF,0xFF,0x50,0x04,0xFF,0xFE,0x30,0x00,
  0x05,0xFF,0xFD,0x00,0xBF,0xFF,0x50,0x00,0x00,0x0A,0xFF,0xF4,0x1F,0xFF,0xD0,0x00,0x00,0x00,0x4F,0xFF,
  0x94,0xFF,0xF9,0x00,0x00,0x00,0x01,0xFF,0xFB,0x6F,0xFF,0xFF,0xFF,0xFF,0xFF,0xFF,0xFF,0xD7,0xFF,0xFF,
  0xFF,0xFF,0xFF,0xFF,0xFF,0xFD,0x7F,0xFF,0xFF,0xFF,0xFF,0xFF,0xFF,0xFF,0xC6,0xFF,0xF9,0x22,0x22,0x22,
  0x22,0x22,0x21,0x4F,0xFF,0xA0,0x00,0x00,0x00,0x2A,0xAA,0x61,0xFF,0xFE,0x00,0x00,0x00,0x07,0xFF,0xF8,
  0x0A,0xFF,0xF7,0x00,0x00,0x01,0xDF,0xFF,0x30,0x3F,0xFF,0xF7,0x10,0x04,0xCF,0xFF,0xB0,0x00,0x7F,0xFF,
  0xFF,0xDE,0xFF,0xFF,0xE2,0x00,0x00,0x7F,0xFF,0xFF,0xFF,0xFF,0xD3,0x00,0x00,0x00,0x3A,0xEF,0xFF,0xFD,
  0x71,0x00,0x00,0x00,0x00,0x00,0x34,0x31,0x00,0x00,0x00,0x00,0x00,0x04,0x77,0x62,0x00,0x03,0xDF,0xFF,
  0xF9,0x00,0x2E,0xFF,0xFF,0xF9,0x00,0x9F,0xFF,0xFD,0xD8,0x00,0xDF,0xFE,0x20,0x00,0x00,0xEF,0xFC,0x00,
  0x00,0x00,0xFF,0xFB,0x00,0x00,0x12,0xFF,0xFC,0x22,0x20,0xBF,0xFF,0xFF,0xFF,0xF3,0xBF,0xFF,0xFF,0xFF,
  0xF4,0xAF,0xFF,0xFF,0xFF,0xF3,0x00,0xFF,0xFB,0x00,0x00,0x00,0xFF,0xFB,0x00,0x00,0x00,0xFF,0xFB,0x00,
  0x00,0x00,0xFF,0xFB,0x00,0x00,0x00,0xFF,0xFB,0x00,0x00,0x00,0xFF,0xFB,0x00,0x00,0x00,0xFF,0xFB,0x00,
  0x00,0x00,0xFF,0xFB,0x00,0x00,0x00,0xFF,0xFB,0x00,0x00,0x00,0xFF,0xFB,0x00,0x00,0x00,0xFF,0xFB,0x00,
  0x00,0x00,0xFF,0xFB,0x00,0x00,0x00,0xFF,0xFB,0x00,0x00,0x00,0xFF,0xFB,0x00,0x00,0x00,0xAB,0xB8,0x00,
  0x00,0x00,0x00,0x00,0x59,0xBB,0xA7,0x30,0x45,0x53,0x00,0x00,0x6E,0xFF,0xFF,0xFF,0xF9,0xFF,0xFB,0x00,
  0x09,0xFF,0xFF,0xFF,0xFF,0xFF,0xFF,0xFB,0x00,0x9F,0xFF,0xFB,0x76,0x8D,0xFF,0xFF,0xFB,0x04,0xFF,0xFF,
  0x50,0x00,0x01,0xAF,0xFF,0xFB,0x0B,0xFF,0xF8,0x00,0x00,0x00,0x0C,0xFF,0xFB,0x1F,0xFF,0xE1,0x00,0x00,
  0x00,0x05,0xFF,0xFB,0x4F,0xFF,0xB0,0x00,0x00,0x00,0x02,0xFF,0xFB,0x6F,0xFF,0x90,0x00,0x00,0x00,0x00,
  0xFF,0xFB,0x7F,0xFF,0x80,0x00,0x00,0x00,0x00,0xFF,0xFB,0x7F,0xFF,0x80,0x00,0x00,0x00,0x00,0xFF,0xFB,
  0x6F,0xFF,0xA0,0x00,0x00,0x00,0x02,0xFF,0xFB,0x4F,0xFF,0xD0,0x00,0x00,0x00,0x04,0xFF,0xFB,0x1F,0xFF,
  0xF4,0x00,0x00,0x00,0x0A,0xFF,0xFB,0x0A,0xFF,0xFC,0x10,0x00,0x00,0x4F,0xFF,0xFB,0x02,0xFF,0xFF,0xB3,
  0x00,0x17,0xFF,0xFF,0xFB,0x00,0x7F,0xFF,0xFF,0xED,0xFF,0xFF,0xFF,0xFB,0x00,0x07,0xFF,0xFF,0xFF,0xFF,
  0xFB,0xFF,0xFB,0x05,0x66,0x7A,0xFF,0xFF,0xFD,0x62,0xFF,0xFA,0x0E,0xFF,0xD0,0x03,0x43,0x10,0x05,0xFF,
  0xF8,0x0C,0xFF,0xF3,0x00,0x00,0x00,0x0C,0xFF,0xF4,0x07,0xFF,0xFD,0x30,0x00,0x01,0xAF,0xFF,0xD0,0x01,
  0xEF,0xFF,0xFC,0xAA,0xBF,0xFF,0xFF,0x40,0x00,0x3E,0xFF,0xFF,0xFF,0xFF,0xFF,0xF5,0x00,0x00,0x02,0x9E,
  0xFF,0xFF,0xFF,0xFA,0x20,0x00,0x00,0x00,0x01,0x46,0x77,0x74,0x10,0x00,0x00,0x3F,0xFF,0x70,0x00,0x00,
  0x00,0x00,0x00,0x4F,0xFF,0x80,0x00,0x00,0x00,0x00,0x00,0x4F,0xFF,0x80,0x00,0x00,0x00,0x00,0x00,0x4F,
  0xFF,0x80,0x00,0x00,0x00,0x00,0x00,0x4F,0xFF,0x80,0x00,0x00,0x00,0x00,0x00,0x4F,0xFF,0x80,0x00,0x00,
  0x00,0x00,0x00,0x4F,0xFF,0x80,0x26,0x99,0x86,0x10,0x00,0x4F,0xFF,0x9A,0xFF,0xFF,0xFF,0xF8,0x00,0x4F,
  0xFF,0xFF,0xFF,0xFF,0xFF,0xFF,0xA0,0x4F,0xFF,0xFF,0xFB,0x88,0xCF,0xFF,0xF5,0x4F,0xFF,0xFF,0x50,0x00,
  0x09,0xFF,0xFA,0x4F,0xFF,0xF8,0x00,0x00,0x01,0xFF,0xFD,0x4F,0xFF,0xF1,0x00,0x00,0x00,0xCF,0xFF,0x4F,
  0xFF,0xC0,0x00,0x00,0x00,0xCF,0xFF,0x4F,0xFF,0x90,0x00,0x00,0x00,0xBF,0xFF,0x4F,0xFF,0x80,0x00,0x00,
  0x00,0xBF,0xFF,0x4F,0xFF,0x80,0x00,0x00,0x00,0xBF,0xFF,0x4F,0xFF,0x80,0x00,0x00,0x00,0xBF,0xFF,0x4F,
  0xFF,0x80,0x00,0x00,0x00,0xBF,0xFF,0x4F,0xFF,0x80,0x00,0x00,0x00,0xBF,0xFF,0x4F,0xFF,0x80,0x00,0x00,
  0x00,0xBF,0xFF,0x4F,0xFF,0x80,0x00,0x00,0x00,0xBF,0xFF,0x4F,0xFF,0x80,0x00,0x00,0x00,0xBF,0xFF,0x4F,
  0xFF,0x80,0x00,0x00,0x00,0xBF,0xFF,0x2B,0xBB,0x50,0x00,0x00,0x00,0x8B,0xBA,0x09,0xED,0x35,0xFF,0xFD,
  0x7F,0xFF,0xE2,0xEF,0xF9,0x02,0x75,0x00,0x34,0x42,0x0F,0xFF,0xB0,0xFF,0xFB,0x0F,0xFF,0xB0,0xFF,0xFB,
  0x0F,0xFF,0xB0,0xFF,0xFB,0x0F,0xFF,0xB0,0xFF,0xFB,0x0F,0xFF,0xB0,0xFF,0xFB,0x0F,0xFF,0xB0,0xFF,0xFB,
  0x0F,0xFF,0xB0,0xFF,0xFB,0x0F,0xFF,0xB0,0xFF,0xFB,0x0F,0xFF,0xB0,0xAB,0xB8,0x00,0x07,0xB7,0x00,0x07,
  0xFF,0xF7,0x00,0xBF,0xFF,0xB0,0x07,0xFF,0xF7,0x00,0x07,0xB7,0x00,0x00,0x33,0x31,0x00,0x4F,0xFF,0x70,
  0x04,0xFF,0xF8,0x00,0x4F,0xFF,0x80,0x04,0xFF,0xF8,0x00,0x4F,0xFF,0x80,0x04,0xFF,0xF8,0x00,0x4F,0xFF,
  0x80,0x04,0xFF,0xF8,0x00,0x4F,0xFF,0x80,0x04,0xFF,0xF8,0x00,0x4F,0xFF,0x80,0x04,0xFF,0xF8,0x00,0x4F,
  0xFF,0x80,0x04,0xFF,0xF8,0x00,0x4F,0xFF,0x80,0x04,0xFF,0xF8,0x00,0x4F,0xFF,0x80,0x04,0xFF,0xF8,0x00,
  0x4F,0xFF,0x80,0x04,0xFF,0xF7,0x00,0x6F,0xFF,0x79,0xBE,0xFF,0xF4,0xFF,0xFF,0xFE,0x1F,0xFF,0xFE,0x40,
  0x89,0x96,0x10,0x00,0x3D,0xDD,0x60,0x00,0x00,0x00,0x00,0x00,0x4F,0xFF,0x80,0x00,0x00,0x00,0x00,0x00,
  0x4F,0xFF,0x80,0x00,0x00,0x00,0x00,0x00,0x4F,0xFF,0x80,0x00,0x00,0x00,0x00,0x00,0x4F,0xFF,0x80,0x00,
  0x00,0x00,0x00,0x00,0x4F,0xFF,0x80,0x00,0x00,0x00,0x00,0x00,0x4F,0xFF,0x80,0x00,0x00,0x01,0x44,0x43,
  0x4F,0xFF,0x80,0x00,0x00,0x2D,0xFF,0xFB,0x4F,0xFF,0x80,0x00,0x01,0xDF,0xFF,0xC1,0x4F,0xFF,0x80,0x00,
  0x1C,0xFF,0xFC,0x10,0x4F,0xFF,0x80,0x00,0xBF,0xFF,0xD1,0x00,0x4F,0xFF,0x80,0x0A,0xFF,0xFD,0x10,0x00,
  0x4F,0xFF,0x80,0x9F,0xFF,0xD1,0x00,0x00,0x4F,0xFF,0x88,0xFF,0xFD,0x20,0x00,0x00,0x4F,0xFF,0xDF,0xFF,
  0xD2,0x00,0x00,0x00,0x4F,0xFF,0xFF,0xFF,0x70,0x00,0x00,0x00,0x4F,0xFF,0xFF,0xFF,0xF4,0x00,0x00,0x00,
  0x4F,0xFF,0xFF,0xFF,0xFE,0x30,0x00,0x00,0x4F,0xFF,0xD2,0xCF,0xFF,0xE2,0x00,0x00,0x4F,0xFF,0x80,0x1D,
  0xFF,0xFD,0x10,0x00,0x4F,0xFF,0x80,0x03,0xEF,0xFF,0xC1,0x00,0x4F,0xFF,0x80,0x00,0x4F,0xFF,0xFB,0x00,
  0x4F,0xFF,0x80,0x00,0x06,0xFF,0xFF,0x90,0x4F,0xFF,0x80,0x00,0x00,0x8F,0xFF,0xF8,0x2B,0xBB,0x50,0x00,
  0x00,0x09,0xBB,0xBA,0x2B,0xBB,0x50,0x04,0xFF,0xF8,0x00,0x4F,0xFF,0x80,0x04,0xFF,0xF8,0x00,0x4F,0xFF,
  0x80,0x04,0xFF,0xF8,0x00,0x4F,0xFF,0x80,0x04,0xFF,0xF8,0x00,0x4F,0xFF,0x80,0x04,0xFF,0xF8,0x00,0x4F,
  0xFF,0x80,0x04,0xFF,0xF8,0x00,0x4F,0xFF,0x80,0x04,0xFF,0xF8,0x00,0x4F,0xFF,0x80,0x04,0xFF,0xF8,0x00,
  0x4F,0xFF,0x80,0x04,0xFF,0xF8,0x00,0x4F,0xFF,0x80,0x04,0xFF,0xF8,0x00,0x4F,0xFF,0x80,0x04,0xFF,0xFA,
  0x11,0x3F,0xFF,0xFF,0x90,0xDF,0xFF,0xF9,0x03,0xBE,0xFE,0x70,0x04,0x44,0x12,0x7A,0xBA,0x82,0x00,0x02,
  0x7A,0xBB,0x82,0x00,0x04,0xFF,0xFC,0xFF,0xFF,0xFF,0xF7,0x05,0xFF,0xFF,0xFF,0xF7,0x00,0x4F,0xFF,0xFF,
  0xFF,0xFF,0xFF,0xF8,0xEF,0xFF,0xFF,0xFF,0xF6,0x04,0xFF,0xFF,0xFA,0x67,0xCF,0xFF,0xFF,0xFA,0x67,0xCF,
  0xFF,0xE0,0x4F,0xFF,0xF9,0x00,0x00,0xCF,0xFF,0xF9,0x00,0x00,0xCF,0xFF,0x44,0xFF,0xFF,0x20,0x00,0x07,
  0xFF,0xFF,0x20,0x00,0x07,0xFF,0xF6,0x4F,0xFF,0xC0,0x00,0x00,0x5F,0xFF,0xC0,0x00,0x00,0x5F,0xFF,0x74,
  0xFF,0xF9,0x00,0x00,0x04,0xFF,0xF9,0x00,0x00,0x04,0xFF,0xF7,0x4F,0xFF,0x80,0x00,0x00,0x4F,0xFF,0x80,
  0x00,0x00,0x4F,0xFF,0x84,0xFF,0xF8,0x00,0x00,0x04,0xFF,0xF8,0x00,0x00,0x04,0xFF,0xF8,0x4F,0xFF,0x80,
  0x00,0x00,0x4F,0xFF,0x80,0x00,0x00,0x4F,0xFF,0x84,0xFF,0xF8,0x00,0x00,0x04,0xFF,0xF8,0x00,0x00,0x04,
  0xFF,0xF8,0x4F,0xFF,0x80,0x00,0x00,0x4F,0xFF,0x80,0x00,0x00,0x4F,0xFF,0x84,0xFF,0xF8,0x00,0x00,0x04,
  0xFF,0xF8,0x00,0x00,0x04,0xFF,0xF8,0x4F,0xFF,0x80,0x00,0x00,0x4F,0xFF,0x80,0x00,0x00,0x4F,0xFF,0x84,
  0xFF,0xF8,0x00,0x00,0x04,0xFF,0xF8,0x00,0x00,0x04,0xFF,0xF8,0x4F,0xFF,0x80,0x00,0x00,0x4F,0xFF,0x80,
  0x00,0x00,0x4F,0xFF,0x84,0xFF,0xF8,0x00,0x00,0x04,0xFF,0xF8,0x00,0x00,0x04,0xFF,0xF8,0x2B,0xBB,0x50,
  0x00,0x00,0x2B,0xBB,0x50,0x00,0x00,0x2B,0xBB,0x50,0x04,0x44,0x10,0x38,0xAB,0xA8,0x30,0x00,0x4F,0xFF,
  0x9B,0xFF,0xFF,0xFF,0xFA,0x10,0x4F,0xFF,0xFF,0xFF,0xFF,0xFF,0xFF,0xB0,0x4F,0xFF,0xFF,0xFA,0x66,0xAF,
  0xFF,0xF5,0x4F,0xFF,0xFF,0x40,0x00,0x07,0xFF,0xFB,0x4F,0xFF,0xF7,0x00,0x00,0x00,0xEF,0xFE,0x4F,0xFF,
  0xF1,0x00,0x00,0x00,0xCF,0xFF,0x4F,0xFF,0xC0,0x00,0x00,0x00,0xCF,0xFF,0x4F,0xFF,0x90,0x00,0x00,0x00,
  0xBF,0xFF,0x4F,0xFF,0x80,0x00,0x00,0x00,0xBF,0xFF,0x4F,0xFF,0x80,0x00,0x00,0x00,0xBF,0xFF,0x4F,0xFF,
  0x80,0x00,0x00,0x00,0xBF,0xFF,0x4F,0xFF,0x80,0x00,0x00,0x00,0xBF,0xFF,0x4F,0xFF,0x80,0x00,0x00,0x00,
  0xBF,0xFF,0x4F,0xFF,0x80,0x00,0x00,0x00,0xBF,0xFF,0x4F,0xFF,0x80,0x00,0x00,0x00,0xBF,0xFF,0x4F,0xFF,
  0x80,0x00,0x00,0x00,0xBF,0xFF,0x4F,0xFF,0x80,0x00,0x00,0x00,0xBF,0xFF,0x2B,0xBB,0x50,0x00,0x00,0x00,
  0x8B,0xBA,0x00,0x00,0x01,0x69,0xBB,0xA8,0x40,0x00,0x00,0x00,0x00,0x07,0xEF,0xFF,0xFF,0xFF,0xD5,0x00,
  0x00,0x00,0x0B,0xFF,0xFF,0xFF,0xFF,0xFF,0xF8,0x00,0x00,0x09,0xFF,0xFF,0xB7,0x68,0xDF,0xFF,0xF5,0x00,
  0x04,0xFF,0xFF,0x60,0x00,0x00,0x9F,0xFF,0xE1,0x00,0xBF,0xFF,0x80,0x00,0x00,0x00,0xCF,0xFF,0x70,0x1F,
  0xFF,0xF1,0x00,0x00,0x00,0x05,0xFF,0xFC,0x04,0xFF,0xFB,0x00,0x00,0x00,0x00,0x0F,0xFF,0xF1,0x7F,0xFF,
  0x90,0x00,0x00,0x00,0x00,0xCF,0xFF,0x37,0xFF,0xF8,0x00,0x00,0x00,0x00,0x0B,0xFF,0xF4,0x7F,0xFF,0x80,
  0x00,0x00,0x00,0x00,0xCF,0xFF,0x36,0xFF,0xFA,0x00,0x00,0x00,0x00,0x0D,0xFF,0xF2,0x3F,0xFF,0xD0,0x00,
  0x00,0x00,0x02,0xFF,0xFE,0x00,0xEF,0xFF,0x40,0x00,0x00,0x00,0x8F,0xFF,0xA0,0x08,0xFF,0xFD,0x10,0x00,
  0x00,0x3F,0xFF,0xF4,0x00,0x1D,0xFF,0xFC,0x40,0x00,0x6E,0xFF,0xFB,0x00,0x00,0x4F,0xFF,0xFF,0xED,0xFF,
  0xFF,0xFD,0x10,0x00,0x00,0x4E,0xFF,0xFF,0xFF,0xFF,0xFC,0x20,0x00,0x00,0x00,0x18,0xDF,0xFF,0xFF,0xC6,
  0x00,0x00,0x00,0x00,0x00,0x00,0x13,0x43,0x10,0x00,0x00,0x00,0x04,0x55,0x10,0x37,0xAB,0xB9,0x51,0x00,
  0x00,0x4F,0xFF,0x8A,0xFF,0xFF,0xFF,0xFE,0x50,0x00,0x4F,0xFF,0xEF,0xFF,0xFF,0xFF,0xFF,0xF7,0x00,0x4F,
  0xFF,0xFF,0xFB,0x76,0x8D,0xFF,0xFF,0x40,0x4F,0xFF,0xFE,0x50,0x00,0x01,0xBF,0xFF,0xD0,0x4F,0xFF,0xF6,
  0x00,0x00,0x00,0x1E,0xFF,0xF5,0x4F,0xFF,0xE0,0x00,0x00,0x00,0x08,0xFF,0xFA,0x4F,0xFF,0xA0,0x00,0x00,
  0x00,0x04,0xFF,0xFD,0x4F,0xFF,0x80,0x00,0x00,0x00,0x01,0xFF,0xFE,0x4F,0xFF,0x80,0x00,0x00,0x00,0x00,
  0xFF,0xFF,0x4F,0xFF,0x80,0x00,0x00,0x00,0x01,0xFF,0xFE,0x4F,0xFF,0x80,0x00,0x00,0x00,0x02,0xFF,0xFD,
  0x4F,0xFF,0xB0,0x00,0x00,0x00,0x05,0xFF,0xFA,0x4F,0xFF,0xF1,0x00,0x00,0x00,0x0B,0xFF,0xF6,0x4F,0xFF,
  0xFA,0x00,0x00,0x00,0x5F,0xFF,0xE1,0x4F,0xFF,0xFF,0xB3,0x00,0x18,0xFF,0xFF,0x70,0x4F,0xFF,0xFF,0xFF,
  0xED,0xFF,0xFF,0xFA,0x00,0x4F,0xFF,0xEF,0xFF,0xFF,0xFF,0xFF,0x80,0x00,0x4F,0xFF,0x87,0xDF,0xFF,0xFE,
  0xA3,0x00,0x00,0x4F,0xFF,0x80,0x01,0x34,0x20,0x00,0x00,0x00,0x4F,0xFF,0x80,0x00,0x00,0x00,0x00,0x00,
  0x00,0x4F,0xFF,0x80,0x00,0x00,0x00,0x00,0x00,0x00,0x4F,0xFF,0x80,0x00,0x00,0x00,0x00,0x00,0x00,0x4F,
  0xFF,0x80,0x00,0x00,0x00,0x00,0x00,0x00,0x3F,0xFF,0x70,0x00,0x00,0x00,0x00,0x00,0x00,0x02,0x22,0x00,
  0x00,0x00,0x00,0x00,0x00,0x00,0x00,0x00,0x00,0x59,0xBB,0xA7,0x30,0x45,0x53,0x00,0x00,0x6E,0xFF,0xFF,
  0xFF,0xF9,0xFF,0xFB,0x00,0x09,0xFF,0xFF,0xFF,0xFF,0xFF,0xFF,0xFB,0x00,0x9F,0xFF,0xFB,0x76,0x8D,0xFF,
  0xFF,0xFB,0x04,0xFF,0xFF,0x50,0x00,0x01,0xAF,0xFF,0xFB,0x0B,0xFF,0xF8,0x00,0x00,0x00,0x0C,0xFF,0xFB,
  0x1F,0xFF,0xE1,0x00,0x00,0x00,0x05,0xFF,0xFB,0x4F,0xFF,0xB0,0x00,0x00,0x00,0x02,0xFF,0xFB,0x6F,0xFF,
  0x90,0x00,0x00,0x00,0x00,0xFF,0xFB,0x7F,0xFF,0x80,0x00,0x00,0x00,0x00,0xFF,0xFB,0x7F,0xFF,0x80,0x00,
  0x00,0x00,0x00,0xFF,0xFB,0x6F,0xFF,0xA0,0x00,0x00,0x00,0x02,0xFF,0xFB,0x4F,0xFF,0xD0,0x00,0x00,0x00,
  0x04,0xFF,0xFB,0x1F,0xFF,0xF4,0x00,0x00,0x00,0x0A,0xFF,0xFB,0x0A,0xFF,0xFC,0x10,0x00,0x00,0x4F,0xFF,
  0xFB,0x02,0xFF,0xFF,0xB3,0x00,0x17,0xFF,0xFF,0xFB,0x00,0x6F,0xFF,0xFF,0xED,0xFF,0xFF,0xFF,0xFB,0x00,
  0x07,0xFF,0xFF,0xFF,0xFF,0xFB,0xFF,0xFB,0x00,0x00,0x3A,0xEF,0xFF,0xFD,0x70,0xFF,0xFB,0x00,0x00,0x00,
  0x03,0x43,0x20,0x00,0xFF,0xFB,0x00,0x00,0x00,0x00,0x00,0x00,0x00,0xFF,0xFB,0x00,0x00,0x00,0x00,0x00,
  0x00,0x00,0xFF,0xFB,0x00,0x00,0x00,0x00,0x00,0x00,0x00,0xFF,0xFB,0x00,0x00,0x00,0x00,0x00,0x00,0x00,
  0xFF,0xFB,0x00,0x00,0x00,0x00,0x00,0x00,0x00,0xFF,0xFB,0x00,0x00,0x00,0x00,0x00,0x00,0x00,0x12,0x21,
  0x04,0x44,0x11,0x69,0x82,0x4F,0xFF,0x9D,0xFF,0xF8,0x4F,0xFF,0xFF,0xFF,0xF8,0x4F,0xFF,0xFF,0xFB,0x83,
  0x4F,0xFF,0xFD,0x30,0x00,0x4F,0xFF,0xF3,0x00,0x00,0x4F,0xFF,0xB0,0x00,0x00,0x4F,0xFF,0x90,0x00,0x00,
  0x4F,0xFF,0x80,0x00,0x00,0x4F,0xFF,0x80,0x00,0x00,0x4F,0xFF,0x80,0x00,0x00,0x4F,0xFF,0x80,0x00,0x00,
  0x4F,0xFF,0x80,0x00,0x00,0x4F,0xFF,0x80,0x00,0x00,0x4F,0xFF,0x80,0x00,0x00,0x4F,0xFF,0x80,0x00,0x00,
  0x4F,0xFF,0x80,0x00,0x00,0x4F,0xFF,0x80,0x00,0x00,0x2B,0xBB,0x50,0x00,0x00,0x00,0x00,0x48,0xBB,0xA7,
  0x20,0x00,0x00,0x02,0xCF,0xFF,0xFF,0xFF,0x90,0x00,0x01,0xDF,0xFF,0xFF,0xFF,0xFF,0x90,0x00,0x8F,0xFF,
  0xC7,0x6A,0xFF,0xFF,0x40,0x0D,0xFF,0xE1,0x00,0x07,0xFF,0xFB,0x00,0xFF,0xFC,0x00,0x00,0x0E,0xFF,0xE0,
  0x0E,0xFF,0xE3,0x00,0x00,0x69,0x98,0x00,0xBF,0xFF,0xF9,0x40,0x00,0x00,0x00,0x03,0xFF,0xFF,0xFF,0xE9,
  0x30,0x00,0x00,0x04,0xEF,0xFF,0xFF,0xFF,0xB2,0x00,0x00,0x01,0x7D,0xFF,0xFF,0xFF,0xD2,0x00,0x00,0x00,
  0x03,0x8D,0xFF,0xFF,0xB0,0x24,0x43,0x00,0x00,0x06,0xFF,0xFF,0x19,0xFF,0xF3,0x00,0x00,0x09,0xFF,0xF3,
  0x6F,0xFF,0x90,0x00,0x00,0x8F,0xFF,0x32,0xFF,0xFF,0x71,0x00,0x4E,0xFF,0xF1,0x08,0xFF,0xFF,0xFD,0xEF,
  0xFF,0xF9,0x00,0x0A,0xFF,0xFF,0xFF,0xFF,0xFB,0x10,0x00,0x05,0xCF,0xFF,0xFF,0xC6,0x00,0x00,0x00,0x00,
  0x13,0x43,0x10,0x00,0x00,0x00,0x02,0x22,0x00,0x00,0x00,0x7F,0xFF,0x30,0x00,0x00,0x8F,0xFF,0x40,0x00,
  0x00,0x8F,0xFF,0x40,0x00,0x12,0x8F,0xFF,0x52,0x20,0xBF,0xFF,0xFF,0xFF,0xF7,0xBF,0xFF,0xFF,0xFF,0xF8,
  0xAF,0xFF,0xFF,0xFF,0xF7,0x00,0x8F,0xFF,0x40,0x00,0x00,0x8F,0xFF,0x40,0x00,0x00,0x8F,0xFF,0x40,0x00,
  0x00,0x8F,0xFF,0x40,0x00,0x00,0x8F,0xFF,0x40,0x00,0x00,0x8F,0xFF,0x40,0x00,0x00,0x8F,0xFF,0x40,0x00,
  0x00,0x8F,0xFF,0x40,0x00,0x00,0x8F,0xFF,0x40,0x00,0x00,0x8F,0xFF,0x40,0x00,0x00,0x7F,0xFF,0x40,0x00,
  0x00,0x7F,0xFF,0x92,0x20,0x00,0x4F,0xFF,0xFF,0xF4,0x00,0x0D,0xFF,0xFF,0xF5,0x00,0x02,0xAE,0xFF,0xD3,
  0x14,0x44,0x00,0x00,0x00,0x00,0x34,0x42,0x7F,0xFF,0x40,0x00,0x00,0x00,0xFF,0xFB,0x8F,0xFF,0x40,0x00,
  0x00,0x00,0xFF,0xFB,0x8F,0xFF,0x40,0x00,0x00,0x00,0xFF,0xFB,0x8F,0xFF,0x40,0x00,0x00,0x00,0xFF,0xFB,
  0x8F,0xFF,0x40,0x00,0x00,0x00,0xFF,0xFB,0x8F,0xFF,0x40,0x00,0x00,0x00,0xFF,0xFB,0x8F,0xFF,0x40,0x00,
  0x00,0x00,0xFF,0xFB,0x8F,0xFF,0x40,0x00,0x00,0x00,0xFF,0xFB,0x8F,0xFF,0x40,0x00,0x00,0x00,0xFF,0xFB,
  0x8F,0xFF,0x40,0x00,0x00,0x01,0xFF,0xFB,0x8F,0xFF,0x40,0x00,0x00,0x03,0xFF,0xFB,0x7F,0xFF,0x50,0x00,
  0x00,0x06,0xFF,0xFB,0x7F,0xFF,0x60,0x00,0x00,0x0A,0xFF,0xFB,0x5F,0xFF,0xB0,0x00,0x00,0x4F,0xFF,0xFB,
  0x1F,0xFF,0xF9,0x10,0x05,0xEF,0xFF,0xFB,0x08,0xFF,0xFF,0xFD,0xEF,0xFF,0xFF,0xFB,0x00,0xBF,0xFF,0xFF,
  0xFF,0xFD,0xFF,0xFB,0x00,0x06,0xDF,0xFF,0xFE,0x81,0xAB,0xB8,0x00,0x00,0x02,0x34,0x20,0x00,0x00,0x00,
  0x14,0x44,0x10,0x00,0x00,0x00,0x00,0x34,0x42,0x6F,0xFF,0xA0,0x00,0x00,0x00,0x04,0xFF,0xFA,0x1F,0xFF,
  0xF1,0x00,0x00,0x00,0x09,0xFF,0xF5,0x0A,0xFF,0xF6,0x00,0x00,0x00,0x0E,0xFF,0xE0,0x04,0xFF,0xFB,0x00,
  0x00,0x00,0x4F,0xFF,0x80,0x00,0xDF,0xFF,0x10,0x00,0x00,0x9F,0xFF,0x30,0x00,0x8F,0xFF,0x60,0x00,0x00,
  0xEF,0xFC,0x00,0x00,0x2F,0xFF,0xB0,0x00,0x05,0xFF,0xF6,0x00,0x00,0x0B,0xFF,0xF2,0x00,0x0A,0xFF,0xF1,
  0x00,0x00,0x06,0xFF,0xF7,0x00,0x1E,0xFF,0xA0,0x00,0x00,0x01,0xEF,0xFC,0x00,0x5F,0xFF,0x40,0x00,0x00,
  0x00,0x9F,0xFF,0x20,0xAF,0xFE,0x00,0x00,0x00,0x00,0x4F,0xFF,0x71,0xEF,0xF8,0x00,0x00,0x00,0x00,0x0D,
  0xFF,0xD5,0xFF,0xF2,0x00,0x00,0x00,0x00,0x07,0xFF,0xFD,0xFF,0xC0,0x00,0x00,0x00,0x00,0x02,0xFF,0xFF,
  0xFF,0x60,0x00,0x00,0x00,0x00,0x00,0xBF,0xFF,0xFE,0x10,0x00,0x00,0x00,0x00,0x00,0x5F,0xFF,0xFA,0x00,
  0x00,0x00,0x00,0x00,0x00,0x1B,0xBB,0xB3,0x00,0x00,0x00,0x14,0x44,0x20,0x00,0x00,0x02,0x44,0x42,0x00,
  0x00,0x00,0x14,0x44,0x16,0xFF,0xFC,0x00,0x00,0x00,0xBF,0xFF,0xD0,0x00,0x00,0x09,0xFF,0xF5,0x2F,0xFF,
  0xF1,0x00,0x00,0x0E,0xFF,0xFF,0x20,0x00,0x00,0xDF,0xFF,0x10,0xCF,0xFF,0x50,0x00,0x04,0xFF,0xFF,0xF6,
  0x00,0x00,0x2F,0xFF,0xB0,0x07,0xFF,0xF9,0x00,0x00,0x8F,0xFF,0xFF,0xA0,0x00,0x06,0xFF,0xF6,0x00,0x2F,
  0xFF,0xD0,0x00,0x0C,0xFF,0xFF,0xFE,0x00,0x00,0xBF,0xFF,0x20,0x00,0xCF,0xFF,0x20,0x01,0xFF,0xFA,0xFF,
  0xF3,0x00,0x0E,0xFF,0xC0,0x00,0x08,0xFF,0xF6,0x00,0x4F,0xFF,0x3F,0xFF,0x70,0x04,0xFF,0xF7,0x00,0x00,
  0x3F,0xFF,0xB0,0x08,0xFF,0xC0,0xDF,0xFB,0x00,0x8F,0xFF,0x20,0x00,0x00,0xDF,0xFE,0x00,0xCF,0xF8,0x09,
  0xFF,0xE0,0x0C,0xFF,0xC0,0x00,0x00,0x08,0xFF,0xF4,0x1F,0xFF,0x40,0x5F,0xFF,0x41,0xFF,0xF8,0x00,0x00,
  0x00,0x3F,0xFF,0x85,0xFF,0xF1,0x01,0xFF,0xF8,0x5F,0xFF,0x30,0x00,0x00,0x00,0xEF,0xFC,0x9F,0xFB,0x00,
  0x0C,0xFF,0xCA,0xFF,0xD0,0x00,0x00,0x00,0x09,0xFF,0xFD,0xFF,0x70,0x00,0x8F,0xFF,0xEF,0xF8,0x00,0x00,
  0x00,0x00,0x4F,0xFF,0xFF,0xF3,0x00,0x04,0xFF,0xFF,0xFF,0x40,0x00,0x00,0x00,0x00,0xEF,0xFF,0xFE,0x00,
  0x00,0x0E,0xFF,0xFF,0xE0,0x00,0x00,0x00,0x00,0x0A,0xFF,0xFF,0xA0,0x00,0x00,0xBF,0xFF,0xF9,0x00,0x00,
  0x00,0x00,0x00,0x5F,0xFF,0xF6,0x00,0x00,0x07,0xFF,0xFF,0x40,0x00,0x00,0x00,0x00,0x01,0xBB,0xBB,0x20,
  0x00,0x00,0x2B,0xBB,0xA0,0x00,0x00,0x00,0x14,0x44,0x20,0x00,0x00,0x00,0x24,0x44,0x15,0xFF,0xFE,0x20,
  0x00,0x00,0x1D,0xFF,0xF5,0x0B,0xFF,0xFB,0x00,0x00,0x09,0xFF,0xFA,0x00,0x1E,0xFF,0xF5,0x00,0x04,0xFF,
  0xFE,0x10,0x00,0x5F,0xFF,0xE1,0x01,0xDF,0xFF,0x40,0x00,0x00,0x9F,0xFF,0xA0,0x8F,0xFF,0x80,0x00,0x00,
  0x01,0xDF,0xFF,0x7F,0xFF,0xC0,0x00,0x00,0x00,0x04,0xFF,0xFF,0xFF,0xE3,0x00,0x00,0x00,0x00,0x08,0xFF,
  0xFF,0xF6,0x00,0x00,0x00,0x00,0x00,0x0D,0xFF,0xFC,0x00,0x00,0x00,0x00,0x00,0x05,0xFF,0xFF,0xF4,0x00,
  0x00,0x00,0x00,0x02,0xEF,0xFF,0xFF,0xD1,0x00,0x00,0x00,0x00,0xBF,0xFF,0xBF,0xFF,0xA0,0x00,0x00,0x00,
  0x7F,0xFF,0xA0,0xCF,0xFF,0x50,0x00,0x00,0x3F,0xFF,0xE1,0x03,0xFF,0xFE,0x20,0x00,0x0C,0xFF,0xF5,0x00,
  0x08,0xFF,0xFB,0x00,0x09,0xFF,0xFB,0x00,0x00,0x1D,0xFF,0xF6,0x04,0xFF,0xFE,0x20,0x00,0x00,0x4F,0xFF,
  0xE2,0x7B,0xBB,0x50,0x00,0x00,0x00,0x7B,0xBB,0x50,0x14,0x44,0x20,0x00,0x00,0x00,0x00,0x34,0x42,0x4F,
  0xFF,0xD0,0x00,0x00,0x00,0x04,0xFF,0xFB,0x0E,0xFF,0xF3,0x00,0x00,0x00,0x09,0xFF,0xF6,0x08,0xFF,0xF8,
  0x00,0x00,0x00,0x0E,0xFF,0xE1,0x02,0xFF,0xFD,0x00,0x00,0x00,0x4F,0xFF,0xA0,0x00,0xCF,0xFF,0x30,0x00,
  0x00,0x9F,0xFF,0x40,0x00,0x6F,0xFF,0x80,0x00,0x00,0xEF,0xFD,0x00,0x00,0x1F,0xFF,0xD0,0x00,0x04,0xFF,
  0xF8,0x00,0x00,0x0A,0xFF,0xF3,0x00,0x09,0xFF,0xF2,0x00,0x00,0x04,0xFF,0xF8,0x00,0x0E,0xFF,0xB0,0x00,
  0x00,0x00,0xDF,0xFD,0x00,0x5F,0xFF,0x60,0x00,0x00,0x00,0x8F,0xFF,0x40,0xAF,0xFE,0x10,0x00,0x00,0x00,
  0x2F,0xFF,0x90,0xEF,0xF9,0x00,0x00,0x00,0x00,0x0C,0xFF,0xE5,0xFF,0xF4,0x00,0x00,0x00,0x00,0x06,0xFF,
  0xFD,0xFF,0xD0,0x00,0x00,0x00,0x00,0x01,0xEF,0xFF,0xFF,0x70,0x00,0x00,0x00,0x00,0x00,0xAF,0xFF,0xFF,
  0x20,0x00,0x00,0x00,0x00,0x00,0x4F,0xFF,0xFB,0x00,0x00,0x00,0x00,0x00,0x00,0x0D,0xFF,0xF5,0x00,0x00,
  0x00,0x00,0x00,0x00,0x0C,0xFF,0xE1,0x00,0x00,0x00,0x00,0x00,0x00,0x3F,0xFF,0x90,0x00,0x00,0x00,0x00,
  0x00,0x02,0xDF,0xFF,0x20,0x00,0x00,0x00,0x00,0x5B,0xCF,0xFF,0xF8,0x00,0x00,0x00,0x00,0x00,0x8F,0xFF,
  0xFF,0xB0,0x00,0x00,0x00,0x00,0x00,0x8F,0xFF,0xF9,0x10,0x00,0x00,0x00,0x00,0x00,0x27,0x76,0x20,0x00,
  0x00,0x00,0x00,0x00,0x01,0x22,0x22,0x22,0x22,0x22,0x22,0x00,0xFF,0xFF,0xFF,0xFF,0xFF,0xFF,0xF3,0x0F,
  0xFF,0xFF,0xFF,0xFF,0xFF,0xFF,0x40,0xEF,0xFF,0xFF,0xFF,0xFF,0xFF,0xF3,0x00,0x00,0x00,0x00,0x0C,0xFF,
  0xFA,0x00,0x00,0x00,0x00,0x09,0xFF,0xFC,0x10,0x00,0x00,0x00,0x06,0xFF,0xFE,0x20,0x00,0x00,0x00,0x03,
  0xEF,0xFF,0x50,0x00,0x00,0x00,0x01,0xDF,0xFF,0x80,0x00,0x00,0x00,0x00,0xAF,0xFF,0xB0,0x00,0x00,0x00,
  0x00,0x7F,0xFF,0xE2,0x00,0x00,0x00,0x00,0x4F,0xFF,0xF4,0x00,0x00,0x00,0x00,0x2E,0xFF,0xF7,0x00,0x00,
  0x00,0x00,0x0C,0xFF,0xFA,0x00,0x00,0x00,0x00,0x09,0xFF,0xFD,0x10,0x00,0x00,0x00,0x05,0xFF,0xFF,0x86,
  0x66,0x66,0x66,0x62,0xBF,0xFF,0xFF,0xFF,0xFF,0xFF,0xFF,0x8B,0xFF,0xFF,0xFF,0xFF,0xFF,0xFF,0xF8,0x8B,
  0xBB,0xBB,0xBB,0xBB,0xBB,0xBB,0x50,0x00,0x00,0x15,0x77,0x10,0x00,0x6E,0xFF,0xF4,0x00,0x2F,0xFF,0xFF,
  0x40,0x06,0xFF,0xB5,0x40,0x00,0x7F,0xF4,0x00,0x00,0x06,0xFF,0x60,0x00,0x00,0x5F,0xF8,0x00,0x00,0x03,
  0xFF,0xB0,0x00,0x00,0x1F,0xFD,0x00,0x00,0x00,0xEF,0xF1,0x00,0x00,0x0C,0xFF,0x30,0x00,0x00,0xBF,0xF4,
  0x00,0x00,0x1E,0xFF,0x20,0x02,0x9E,0xFF,0xC0,0x00,0x6F,0xFF,0xD2,0x00,0x06,0xFF,0xFF,0x40,0x00,0x15,
  0xBF,0xFD,0x00,0x00,0x00,0xDF,0xF3,0x00,0x00,0x0B,0xFF,0x40,0x00,0x00,0xCF,0xF2,0x00,0x00,0x0E,0xFF,
  0x00,0x00,0x01,0xFF,0xD0,0x00,0x00,0x3F,0xFA,0x00,0x00,0x05,0xFF,0x70,0x00,0x00,0x7F,0xF5,0x00,0x00,
  0x07,0xFF,0x40,0x00,0x00,0x6F,0xFD,0x87,0x10,0x01,0xEF,0xFF,0xF4,0x00,0x03,0xBF,0xFF,0x40,0x00,0x00,
  0x13,0x40,0x6D,0xD3,0x8F,0xF4,0x8F,0xF4,0x8F,0xF4,0x8F,0xF4,0x8F,0xF4,0x8F,0xF4,0x8F,0xF4,0x8F,0xF4,
  0x8F,0xF4,0x8F,0xF4,0x8F,0xF4,0x8F,0xF4,0x8F,0xF4,0x8F,0xF4,0x8F,0xF4,0x8F,0xF4,0x8F,0xF4,0x8F,0xF4,
  0x8F,0xF4,0x8F,0xF4,0x8F,0xF4,0x8F,0xF4,0x8F,0xF4,0x8F,0xF4,0x8F,0xF4,0x8F,0xF4,0x8F,0xF4,0x8F,0xF4,
  0x8F,0xF4,0x8F,0xF4,0x8F,0xF4,0x7F,0xF4,0x14,0x40,0x27,0x74,0x00,0x00,0x06,0xFF,0xFD,0x30,0x00,0x6F,
  0xFF,0xFD,0x00,0x01,0x45,0xDF,0xF3,0x00,0x00,0x08,0xFF,0x40,0x00,0x00,0x9F,0xF3,0x00,0x00,0x0B,0xFF,
  0x20,0x00,0x00,0xDF,0xF0,0x00,0x00,0x0F,0xFE,0x00,0x00,0x01,0xFF,0xD0,0x00,0x00,0x3F,0xFC,0x00,0x00,
  0x04,0xFF,0xB0,0x00,0x00,0x2F,0xFE,0x10,0x00,0x00,0xCF,0xFD,0x91,0x00,0x03,0xEF,0xFF,0x40,0x00,0x5F,
  0xFF,0xF4,0x00,0x0E,0xFF,0xB5,0x00,0x03,0xFF,0xD0,0x00,0x00,0x4F,0xFB,0x00,0x00,0x03,0xFF,0xC0,0x00,
  0x00,0x1F,0xFD,0x00,0x00,0x00,0xEF,0xE0,0x00,0x00,0x0C,0xFF,0x10,0x00,0x00,0xAF,0xF2,0x00,0x00,0x08,
  0xFF,0x30,0x00,0x00,0x8F,0xF4,0x00,0x28,0x9E,0xFF,0x20,0x06,0xFF,0xFF,0xB0,0x00,0x6F,0xFF,0xA1,0x00,
  0x01,0x43,0x10,0x00,0x00,0x01,0x8B,0xB8,0x20,0x00,0x02,0xBB,0x51,0xDF,0xFF,0xFF,0x91,0x00,0x5F,0xF7,
  0x9F,0xFF,0xFF,0xFF,0xE9,0x4B,0xFF,0x5D,0xFE,0x22,0x8E,0xFF,0xFF,0xFF,0xE1,0xFF,0xC0,0x00,0x29,0xFF,
  0xFF,0xE4,0x07,0x85,0x00,0x00,0x01,0x67,0x61,0x00,0x00,0x23,0x00,0x09,0xFF,0xD3,0x4F,0xFF,0xFC,0x7F,
  0xFF,0xFF,0x4F,0xFF,0xFC,0x09,0xFF,0xE3,0x00,0x23,0x00,0x02,0x9B,0x60,0x00,0x6B,0x92,0x00,0x29,0xB6,
  0x00,0xDF,0xFF,0x60,0x6F,0xFF,0xD0,0x0D,0xFF,0xF6,0x3F,0xFF,0xFB,0x0B,0xFF,0xFF,0x33,0xFF,0xFF,0xB2,
  0xFF,0xFF,0x90,0x9F,0xFF,0xF2,0x2F,0xFF,0xF9,0x08,0xFF,0xD2,0x02,0xDF,0xF8,0x00,0x8F,0xFD,0x20,0x02,
  0x30,0x00,0x00,0x32,0x00,0x00,0x23,0x00,0x00,0x5C,0xFE,0xB3,0x00,0x07,0xFF,0xFF,0xFF,0x40,0x2F,0xFF,
  0xDD,0xFF,0xD0,0x6F,0xFB,0x01,0xEF,0xF3,0x7F,0xF8,0x00,0xCF,0xF4,0x6F,0xFC,0x13,0xFF,0xF2,0x1E,0xFF,
  0xFF,0xFF,0xB0,0x04,0xFF,0xFF,0xFD,0x20,0x00,0x28,0xBB,0x71,0x00,
};
static const FontGlyph kFontXLGlyphs[] = {
  {    0,  0,  0,  -1,    1,  8},  // 0x20 ' '
  {    0,  6, 25,   1,  -23,  8},  // 0x21 '!'
  {   75,  9, 10,   2,  -24, 11},  // 0x22 '"'
  {  120, 16, 24,   1,  -23, 19},  // 0x23 '#'
  {  312, 17, 30,   1,  -26, 19},  // 0x24 '$'
  {  567, 23, 25,   0,  -23, 24},  // 0x25 '%'
  {  855, 20, 25,   1,  -23, 22},  // 0x26 '&'
  { 1105,  5, 10,   0,  -24,  6},  // 0x27 "'"
  { 1130,  8, 30,   2,  -26, 11},  // 0x28 '('
  { 1250,  8, 30,   0,  -26, 11},  // 0x29 ')'
  { 1370, 14, 15,   2,  -16, 18},  // 0x2A '*'
  { 1475, 15, 16,   2,  -18, 19},  // 0x2B '+'
  { 1595,  7,  9,  -2,   -4,  8},  // 0x2C ','
  { 1627,  9,  4,   0,  -11,  9},  // 0x2D '-'
  { 1645,  6,  6,   0,   -4,  8},  // 0x2E '.'
  { 1663, 12, 26,  -1,  -24, 10},  // 0x2F '/'
  { 1819, 18, 25,   0,  -23, 19},  // 0x30 '0'
  { 2044, 11, 24,   3,  -23, 19},  // 0x31 '1'
  { 2176, 17, 24,   1,  -23, 19},  // 0x32 '2'
  { 2380, 17, 25,   1,  -23, 19},  // 0x33 '3'
  { 2593, 18, 24,   0,  -23, 19},  // 0x34 '4'
  { 2809, 17, 25,   1,  -23, 19},  // 0x35 '5'
  { 3022, 18, 25,   0,  -23, 19},  // 0x36 '6'
  { 3247, 17, 24,   1,  -23, 19},  // 0x37 '7'
  { 3451, 17, 25,   1,  -23, 19},  // 0x38 '8'
  { 3664, 17, 25,   1,  -23, 19},  // 0x39 '9'
  { 3877,  6, 20,   0,  -18,  8},  // 0x3A ':'
  { 3937,  8, 23,  -2,  -18,  8},  // 0x3B ';'
  { 4029, 15, 17,   2,  -17, 19},  // 0x3C '<'
  { 4157, 15, 10,   2,  -15, 19},  // 0x3D '='
  { 4232, 15, 17,   1,  -17, 19},  // 0x3E '>'
  { 4360, 16, 25,   0,  -23, 16},  // 0x3F '?'
  { 4560, 25, 26,   1,  -22, 28},  // 0x40 '@'
  { 4885, 21, 24,   0,  -23, 21},  // 0x41 'A'
  { 5137, 18, 24,   2,  -23, 21},  // 0x42 'B'
  { 5353, 21, 25,   1,  -23, 23},  // 0x43 'C'
  { 5616, 20, 24,   2,  -23, 23},  // 0x44 'D'
  { 5856, 17, 24,   2,  -23, 20},  // 0x45 'E'
  { 6060, 17, 24,   2,  -23, 19},  // 0x46 'F'
  { 6264, 21, 25,   1,  -23, 23},  // 0x47 'G'
  { 6527, 20, 24,   2,  -23, 24},  // 0x48 'H'
  { 6767,  5, 24,   2,  -23,  9},  // 0x49 'I'
  { 6827, 15, 25,   1,  -23, 18},  // 0x4A 'J'
  { 7015, 19, 24,   2,  -23, 20},  // 0x4B 'K'
  { 7243, 17, 24,   2,  -23, 19},  // 0x4C 'L'
  { 7447, 24, 24,   2,  -23, 28},  // 0x4D 'M'
  { 7735, 19, 24,   2,  -23, 24},  // 0x4E 'N'
  { 7963, 22, 25,   1,  -23, 24},  // 0x4F 'O'
  { 8238, 18, 24,   2,  -23, 20},  // 0x50 'P'
  { 8454, 22, 26,   1,  -23, 24},  // 0x51 'Q'
  { 8740, 18, 24,   2,  -23, 20},  // 0x52 'R'
  { 8956, 18, 25,   1,  -23, 19},  // 0x53 'S'
  { 9181, 20, 24,   0,  -23, 20},  // 0x54 'T'
  { 9421, 18, 25,   2,  -23, 22},  // 0x55 'U'
  { 9646, 21, 24,   0,  -23, 20},  // 0x56 'V'
  { 9898, 31, 24,   0,  -23, 31},  // 0x57 'W'
  {10270, 21, 24,   0,  -23, 20},  // 0x58 'X'
  {10522, 20, 24,   0,  -23, 19},  // 0x59 'Y'
  {10762, 18, 24,   1,  -23, 20},  // 0x5A 'Z'
  {10978,  7, 30,   2,  -26, 10},  // 0x5B '['
  {11083, 12, 26,  -1,  -24, 10},  // 0x5C '//'
  {11239,  7, 30,   0,  -26, 10},  // 0x5D ']'
  {11344, 15, 15,   2,  -21, 19},  // 0x5E '^'
  {11457, 14,  4,   1,    0, 16},  // 0x5F '_'
  {11485,  7,  5,   0,  -23, 10},  // 0x60 '`'
  {11503, 16, 20,   0,  -18, 18},  // 0x61 'a'
  {11663, 18, 26,   1,  -24, 20},  // 0x62 'b'
  {11897, 17, 20,   0,  -18, 18},  // 0x63 'c'
  {12067, 18, 26,   0,  -24, 20},  // 0x64 'd'
  {12301, 17, 20,   0,  -18, 18},  // 0x65 'e'
  {12471, 10, 26,   0,  -25, 10},  // 0x66 'f'
  {12601, 18, 26,   0,  -18, 20},  // 0x67 'g'
  {12835, 16, 25,   1,  -24, 19},  // 0x68 'h'
  {13035,  5, 24,   1,  -23,  8},  // 0x69 'i'
  {13095,  7, 31,  -1,  -23,  8},  // 0x6A 'j'
  {13204, 16, 25,   1,  -24, 17},  // 0x6B 'k'
  {13404,  7, 25,   1,  -24,  8},  // 0x6C 'l'
  {13492, 25, 19,   1,  -18, 28},  // 0x6D 'm'
  {13730, 16, 19,   1,  -18, 19},  // 0x6E 'n'
  {13882, 19, 20,   0,  -18, 19},  // 0x6F 'o'
  {14072, 18, 26,   1,  -18, 20},  // 0x70 'p'
  {14306, 18, 26,   0,  -18, 20},  // 0x71 'q'
  {14540, 10, 19,   1,  -18, 11},  // 0x72 'r'
  {14635, 15, 20,   0,  -18, 15},  // 0x73 's'
  {14785, 10, 23,   0,  -22, 11},  // 0x74 't'
  {14900, 16, 20,   1,  -18, 19},  // 0x75 'u'
  {15060, 18, 19,  -1,  -18, 17},  // 0x76 'v'
  {15231, 27, 19,  -1,  -18, 26},  // 0x77 'w'
  {15488, 17, 19,  -1,  -18, 16},  // 0x78 'x'
  {15650, 18, 26,  -1,  -18, 17},  // 0x79 'y'
  {15884, 15, 19,   0,  -18, 16},  // 0x7A 'z'
  {16027,  9, 30,   1,  -26, 10},  // 0x7B '{'
  {16162,  4, 34,   2,  -26,  8},  // 0x7C '|'
  {16230,  9, 30,   0,  -26, 10},  // 0x7D '}'
  {16365, 15,  6,   2,  -12, 19},  // 0x7E '~'
  {16410,  6,  7,   0,  -13,  7},  // 0x7F '·'
  {16431, 19,  6,   0,   -4, 20},  // 0x80 '…'
  {16488, 10,  9,   0,  -23, 10},  // 0x81 '°'
};
const Font kFontXL = { kFontXLBits, kFontXLGlyphs, 0x20, 0x81, 43, 32, 23 };

// kFontD: 44 px, line 57 px, cap height 30 px
static const uint8_t kFontDBits[] = {
  0x2F,0xFF,0xF0,0x2F,0xFF,0xF0,0x2F,0xFF,0xF0,0x2F,0xFF,0xF0,0x2F,0xFF,0xF0,0x2F,0xFF,0xF0,0x2F,0xFF,
  0xF0,0x2F,0xFF,0xF0,0x2F,0xFF,0xF0,0x2F,0xFF,0xF0,0x2F,0xFF,0xF0,0x2F,0xFF,0xF0,0x2F,0xFF,0xF0,0x2F,
  0xFF,0xF0,0x2F,0xFF,0xF0,0x2F,0xFF,0xF0,0x2F,0xFF,0xF0,0x2F,0xFF,0xF0,0x2F,0xFF,0xF0,0x2F,0xFF,0xF0,
  0x2F,0xFF,0xF0,0x2F,0xFF,0xF0,0x2F,0xFF,0xF0,0x00,0x00,0x00,0x02,0x66,0x20,0x4E,0xFF,0xE4,0xCF,0xFF,
  0xFC,0xEF,0xFF,0xFE,0xCF,0xFF,0xFC,0x4E,0xFF,0xE4,0x02,0x66,0x20,0xFF,0xFF,0x22,0xFF,0xFF,0xFF,0xFF,
  0x22,0xFF,0xFF,0xFF,0xFF,0x22,0xFF,0xFF,0xFF,0xFF,0x22,0xFF,0xFF,0xFF,0xFF,0x22,0xFF,0xFF,0xFF,0xFF,
  0x22,0xFF,0xFF,0xFF,0xFF,0x22,0xFF,0xFF,0xFF,0xFF,0x22,0xFF,0xFF,0xFF,0xFF,0x22,0xFF,0xFF,0xFF,0xFF,
  0x22,0xFF,0xFF,0xFF,0xFF,0x22,0xFF,0xFF,0x00,0x00,0x00,0x00,0xEF,0x90,0x00,0x4F,0xF5,0x00,0x00,0x00,
  0x00,0x3F,0xF6,0x00,0x08,0xFF,0x10,0x00,0x00,0x00,0x06,0xFF,0x20,0x00,0xBF,0xD0,0x00,0x00,0x00,0x00,
  0xAF,0xE0,0x00,0x0F,0xF9,0x00,0x00,0x00,0x00,0x0D,0xFB,0x00,0x03,0xFF,0x50,0x00,0x00,0x00,0x02,0xFF,
  0x70,0x00,0x7F,0xF2,0x00,0x00,0x00,0x00,0x5F,0xF4,0x00,0x0B,0xFD,0x00,0x00,0x00,0x00,0x09,0xFF,0x00,
  0x00,0xEF,0xA0,0x00,0x00,0x00,0x00,0xCF,0xC0,0x00,0x2F,0xF6,0x00,0x00,0xFF,0xFF,0xFF,0xFF,0xFF,0xFF,
  0xFF,0xFF,0xFF,0x0F,0xFF,0xFF,0xFF,0xFF,0xFF,0xFF,0xFF,0xFF,0xF0,0x77,0x77,0xBF,0xF8,0x77,0x7E,0xFD,
  0x77,0x77,0x00,0x00,0x0A,0xFE,0x00,0x00,0xEF,0x90,0x00,0x00,0x00,0x00,0xDF,0xB0,0x00,0x3F,0xF6,0x00,
  0x00,0x00,0x00,0x1F,0xF8,0x00,0x06,0xFF,0x30,0x00,0x00,0x00,0x04,0xFF,0x50,0x00,0x9F,0xE0,0x00,0x00,
  0x00,0x00,0x7F,0xF2,0x00,0x0C,0xFC,0x00,0x00,0x00,0x00,0x0A,0xFE,0x00,0x00,0xFF,0x90,0x00,0x00,0xFF,
  0xFF,0xFF,0xFF,0xFF,0xFF,0xFF,0xFF,0xFF,0x0F,0xFF,0xFF,0xFF,0xFF,0xFF,0xFF,0xFF,0xFF,0xF0,0xEE,0xEE,
  0xFF,0xEE,0xEE,0xFF,0xFE,0xEE,0xEE,0x00,0x00,0x7F,0xF2,0x00,0x0C,0xFC,0x00,0x00,0x00,0x00,0x0A,0xFE,
  0x00,0x01,0xFF,0x90,0x00,0x00,0x00,0x00,0xEF,0xA0,0x00,0x4F,0xF5,0x00,0x00,0x00,0x00,0x2F,0xF7,0x00,
  0x07,0xFF,0x20,0x00,0x00,0x00,0x06,0xFF,0x30,0x00,0xBF,0xD0,0x00,0x00,0x00,0x00,0x9F,0xE0,0x00,0x0E,
  0xFA,0x00,0x00,0x00,0x00,0x0D,0xFB,0x00,0x03,0xFF,0x60,0x00,0x00,0x00,0x01,0xFF,0x80,0x00,0x6F,0xF3,
  0x00,0x00,0x00,0x00,0x5F,0xF4,0x00,0x0A,0xFE,0x00,0x00,0x00,0x00,0x00,0x00,0x00,0x00,0x06,0x88,0x00,
  0x00,0x00,0x00,0x00,0x00,0x00,0x00,0x00,0xDF,0xF0,0x00,0x00,0x00,0x00,0x00,0x00,0x00,0x00,0x0D,0xFF,
  0x00,0x00,0x00,0x00,0x00,0x00,0x00,0x00,0x00,0xDF,0xF0,0x00,0x00,0x00,0x00,0x00,0x00,0x01,0x6B,0xEF,
  0xFF,0xFD,0x93,0x00,0x00,0x00,0x00,0x06,0xEF,0xFF,0xFF,0xFF,0xFF,0xFA,0x10,0x00,0x00,0x09,0xFF,0xFF,
  0xFF,0xFF,0xFF,0xFF,0xFC,0x10,0x00,0x08,0xFF,0xFF,0x93,0xDF,0xF1,0x6E,0xFF,0xFB,0x00,0x02,0xFF,0xFF,
  0x50,0x0D,0xFF,0x00,0x2D,0xFF,0xF6,0x00,0x8F,0xFF,0x90,0x00,0xDF,0xF0,0x00,0x5F,0xFF,0xD0,0x0C,0xFF,
  0xF4,0x00,0x0D,0xFF,0x00,0x00,0xDF,0xFF,0x40,0xEF,0xFF,0x20,0x00,0xDF,0xF0,0x00,0x09,0xFF,0xF7,0x0F,
  0xFF,0xF3,0x00,0x0D,0xFF,0x00,0x00,0x48,0x88,0x50,0xEF,0xFF,0x50,0x00,0xDF,0xF0,0x00,0x00,0x00,0x00,
  0x0C,0xFF,0xFB,0x00,0x0D,0xFF,0x00,0x00,0x00,0x00,0x00,0x8F,0xFF,0xF5,0x00,0xDF,0xF0,0x00,0x00,0x00,
  0x00,0x02,0xFF,0xFF,0xF9,0x1D,0xFF,0x00,0x00,0x00,0x00,0x00,0x07,0xFF,0xFF,0xFF,0xFF,0xF4,0x00,0x00,
  0x00,0x00,0x00,0x08,0xFF,0xFF,0xFF,0xFF,0xFD,0x71,0x00,0x00,0x00,0x00,0x04,0xDF,0xFF,0xFF,0xFF,0xFF,
  0xE7,0x00,0x00,0x00,0x00,0x00,0x6C,0xFF,0xFF,0xFF,0xFF,0xFC,0x20,0x00,0x00,0x00,0x00,0x02,0xDF,0xFF,
  0xFF,0xFF,0xFE,0x20,0x00,0x00,0x00,0x00,0x0D,0xFF,0x17,0xEF,0xFF,0xFC,0x00,0x00,0x00,0x00,0x00,0xDF,
  0xF0,0x02,0xDF,0xFF,0xF4,0x00,0x00,0x00,0x00,0x0D,0xFF,0x00,0x02,0xEF,0xFF,0xA0,0x00,0x00,0x00,0x00,
  0xDF,0xF0,0x00,0x08,0xFF,0xFD,0x00,0x00,0x00,0x00,0x0D,0xFF,0x00,0x00,0x4F,0xFF,0xEE,0xFF,0xF2,0x00,
  0x00,0xDF,0xF0,0x00,0x02,0xFF,0xFE,0xDF,0xFF,0x60,0x00,0x0D,0xFF,0x00,0x00,0x3F,0xFF,0xDA,0xFF,0xFC,
  0x00,0x00,0xDF,0xF0,0x00,0x07,0xFF,0xF9,0x5F,0xFF,0xF6,0x00,0x0D,0xFF,0x00,0x01,0xDF,0xFF,0x40,0xCF,
  0xFF,0xF6,0x00,0xDF,0xF0,0x02,0xCF,0xFF,0xA0,0x02,0xEF,0xFF,0xFD,0x8E,0xFF,0x6A,0xFF,0xFF,0xC1,0x00,
  0x03,0xDF,0xFF,0xFF,0xFF,0xFF,0xFF,0xFF,0xA1,0x00,0x00,0x01,0x8E,0xFF,0xFF,0xFF,0xFF,0xFB,0x40,0x00,
  0x00,0x00,0x00,0x03,0x67,0xEF,0xF8,0x51,0x00,0x00,0x00,0x00,0x00,0x00,0x00,0x0D,0xFF,0x00,0x00,0x00,
  0x00,0x00,0x00,0x00,0x00,0x00,0xDF,0xF0,0x00,0x00,0x00,0x00,0x00,0x00,0x00,0x00,0x0D,0xFF,0x00,0x00,
  0x00,0x00,0x00,0x00,0x00,0x36,0x76,0x40,0x00,0x00,0x00,0x00,0x00,0x00,0x00,0x00,0x00,0x00,0x00,0x4D,
  0xFF,0xFF,0xFD,0x50,0x00,0x00,0x00,0x00,0x00,0xCF,0xFC,0x00,0x00,0x05,0xFF,0xFF,0xFF,0xFF,0xF7,0x00,
  0x00,0x00,0x00,0x07,0xFF,0xF3,0x00,0x00,0x2E,0xFF,0xFC,0x7B,0xFF,0xFF,0x30,0x00,0x00,0x00,0x2F,0xFF,
  0x80,0x00,0x00,0x8F,0xFF,0xC0,0x00,0xAF,0xFF,0xA0,0x00,0x00,0x00,0xBF,0xFD,0x00,0x00,0x00,0xCF,0xFF,
  0x60,0x00,0x4F,0xFF,0xE0,0x00,0x00,0x06,0xFF,0xF3,0x00,0x00,0x00,0xEF,0xFF,0x30,0x00,0x1F,0xFF,0xF1,
  0x00,0x00,0x2E,0xFF,0x80,0x00,0x00,0x00,0xFF,0xFF,0x30,0x00,0x0F,0xFF,0xF2,0x00,0x00,0xBF,0xFD,0x10,
  0x00,0x00,0x00,0xEF,0xFF,0x40,0x00,0x2F,0xFF,0xF1,0x00,0x05,0xFF,0xF4,0x00,0x00,0x00,0x00,0xAF,0xFF,
  0x90,0x00,0x6F,0xFF,0xC0,0x00,0x1E,0xFF,0x90,0x00,0x00,0x00,0x00,0x5F,0xFF,0xE5,0x03,0xEF,0xFF,0x70,
  0x00,0xAF,0xFD,0x10,0x00,0x00,0x00,0x00,0x0B,0xFF,0xFF,0xFF,0xFF,0xFD,0x10,0x05,0xFF,0xF5,0x00,0x00,
  0x00,0x00,0x00,0x01,0xBF,0xFF,0xFF,0xFF,0xD2,0x00,0x1D,0xFF,0xA0,0x00,0x00,0x00,0x00,0x00,0x00,0x05,
  0xBE,0xFE,0xB6,0x00,0x00,0x9F,0xFE,0x10,0x00,0x00,0x00,0x00,0x00,0x00,0x00,0x00,0x00,0x00,0x00,0x04,
  0xFF,0xF5,0x00,0x00,0x00,0x00,0x00,0x00,0x00,0x00,0x00,0x00,0x00,0x00,0x1D,0xFF,0xA0,0x00,0x00,0x00,
  0x00,0x00,0x00,0x00,0x00,0x00,0x00,0x00,0x00,0x8F,0xFE,0x20,0x00,0x00,0x00,0x00,0x00,0x00,0x00,0x00,
  0x00,0x00,0x00,0x03,0xFF,0xF6,0x00,0x01,0x58,0x98,0x51,0x00,0x00,0x00,0x00,0x00,0x00,0x00,0x0C,0xFF,
  0xB0,0x00,0x6E,0xFF,0xFF,0xFE,0x60,0x00,0x00,0x00,0x00,0x00,0x00,0x7F,0xFE,0x20,0x07,0xFF,0xFF,0xFF,
  0xFF,0xF7,0x00,0x00,0x00,0x00,0x00,0x02,0xFF,0xF7,0x00,0x3F,0xFF,0xF5,0x05,0xFF,0xFF,0x30,0x00,0x00,
  0x00,0x00,0x0C,0xFF,0xC0,0x00,0xAF,0xFF,0x80,0x00,0x8F,0xFF,0xA0,0x00,0x00,0x00,0x00,0x7F,0xFF,0x20,
  0x00,0xEF,0xFF,0x30,0x00,0x3F,0xFF,0xE0,0x00,0x00,0x00,0x02,0xEF,0xF7,0x00,0x01,0xFF,0xFF,0x10,0x00,
  0x1F,0xFF,0xF1,0x00,0x00,0x00,0x0B,0xFF,0xC0,0x00,0x02,0xFF,0xFF,0x00,0x00,0x0F,0xFF,0xF2,0x00,0x00,
  0x00,0x6F,0xFF,0x30,0x00,0x01,0xFF,0xFF,0x20,0x00,0x2F,0xFF,0xF1,0x00,0x00,0x01,0xEF,0xF8,0x00,0x00,
  0x00,0xEF,0xFF,0x50,0x00,0x5F,0xFF,0xD0,0x00,0x00,0x0A,0xFF,0xD0,0x00,0x00,0x00,0x9F,0xFF,0xB0,0x00,
  0xBF,0xFF,0x90,0x00,0x00,0x5F,0xFF,0x40,0x00,0x00,0x00,0x2F,0xFF,0xFB,0x7B,0xFF,0xFF,0x20,0x00,0x01,
  0xEF,0xF9,0x00,0x00,0x00,0x00,0x06,0xFF,0xFF,0xFF,0xFF,0xF6,0x00,0x00,0x09,0xFF,0xD1,0x00,0x00,0x00,
  0x00,0x00,0x5D,0xFF,0xFF,0xFD,0x50,0x00,0x00,0x00,0x00,0x00,0x00,0x00,0x00,0x00,0x00,0x00,0x36,0x76,
  0x30,0x00,0x00,0x00,0x00,0x00,0x00,0x35,0x67,0x76,0x53,0x10,0x00,0x00,0x00,0x00,0x00,0x00,0x39,0xEF,
  0xFF,0xFF,0xFF,0xF9,0x00,0x00,0x00,0x00,0x00,0x00,0x8F,0xFF,0xFF,0xFF,0xFF,0xFF,0x90,0x00,0x00,0x00,
  0x00,0x01,0xBF,0xFF,0xFD,0x97,0x67,0x79,0xB8,0x00,0x00,0x00,0x00,0x00,0x9F,0xFF,0xE6,0x00,0x00,0x00,
  0x00,0x00,0x00,0x00,0x00,0x00,0x3F,0xFF,0xF3,0x00,0x00,0x00,0x00,0x00,0x00,0x00,0x00,0x00,0x09,0xFF,
  0xF9,0x00,0x00,0x00,0x00,0x00,0x00,0x00,0x00,0x00,0x00,0xDF,0xFF,0x40,0x00,0x00,0x00,0x00,0x00,0x00,
  0x00,0x00,0x00,0x0E,0xFF,0xF2,0x00,0x00,0x00,0x00,0x00,0x00,0x00,0x00,0x00,0x00,0xEF,0xFF,0x30,0x00,
  0x00,0x00,0x00,0x1A,0xAA,0xA0,0x00,0x00,0x0C,0xFF,0xF5,0x00,0x00,0x00,0x00,0x02,0xFF,0xFF,0x00,0x00,
  0x00,0x7F,0xFF,0xA0,0x00,0x00,0x00,0x00,0x2F,0xFF,0xF0,0x00,0x00,0x01,0xDF,0xFF,0x50,0x00,0x00,0x00,
  0x02,0xFF,0xFF,0x00,0x00,0x00,0x02,0xDF,0xFF,0xA4,0x10,0x00,0x00,0x2F,0xFF,0xF0,0x00,0x00,0x00,0x01,
  0x9F,0xFF,0xFF,0xFF,0xFF,0xFF,0xFF,0xFF,0xFF,0xFF,0x80,0x00,0x00,0x5D,0xFF,0xFF,0xFF,0xFF,0xFF,0xFF,
  0xFF,0xFF,0xF8,0x00,0x04,0xCF,0xFF,0xFF,0xFE,0xEE,0xEE,0xFF,0xFF,0xEE,0xEE,0x70,0x07,0xFF,0xFF,0xB6,
  0x30,0x00,0x00,0x2F,0xFF,0xF0,0x00,0x00,0x05,0xFF,0xFE,0x40,0x00,0x00,0x00,0x02,0xFF,0xFF,0x00,0x00,
  0x01,0xEF,0xFF,0x30,0x00,0x00,0x00,0x00,0x2F,0xFF,0xF0,0x00,0x00,0x7F,0xFF,0x90,0x00,0x00,0x00,0x00,
  0x02,0xFF,0xFF,0x00,0x00,0x0C,0xFF,0xF4,0x00,0x00,0x00,0x00,0x00,0x2F,0xFF,0xF0,0x00,0x00,0xEF,0xFF,
  0x20,0x00,0x00,0x00,0x00,0x02,0xFF,0xFF,0x00,0x00,0x0F,0xFF,0xF3,0x00,0x00,0x00,0x00,0x00,0x2F,0xFF,
  0xF0,0x00,0x00,0xDF,0xFF,0x50,0x00,0x00,0x00,0x00,0x02,0xFF,0xFF,0x00,0x00,0x0B,0xFF,0xFA,0x00,0x00,
  0x00,0x00,0x00,0x2F,0xFF,0xF0,0x00,0x00,0x7F,0xFF,0xF4,0x00,0x00,0x00,0x00,0x02,0xFF,0xFF,0x00,0x00,
  0x01,0xEF,0xFF,0xE6,0x00,0x00,0x00,0x00,0x2F,0xFF,0xF0,0x00,0x00,0x04,0xFF,0xFF,0xFE,0xB8,0x76,0x77,
  0x9C,0xFF,0xFF,0x00,0x00,0x00,0x03,0xDF,0xFF,0xFF,0xFF,0xFF,0xFF,0xFF,0xFF,0xF0,0x00,0x00,0x00,0x00,
  0x5A,0xEF,0xFF,0xFF,0xFF,0xFF,0xFF,0xDA,0x00,0x00,0x00,0x00,0x00,0x00,0x24,0x67,0x77,0x65,0x53,0x00,
  0x00,0x00,0x00,0xFF,0xFF,0xFF,0xFF,0xFF,0xFF,0xFF,0xFF,0xFF,0xFF,0xFF,0xFF,0xFF,0xFF,0xFF,0xFF,0xFF,
  0xFF,0xFF,0xFF,0xFF,0xFF,0x00,0x00,0x0D,0xFB,0x00,0x00,0x7F,0xF3,0x00,0x01,0xEF,0xA0,0x00,0x08,0xFF,
  0x30,0x00,0x1E,0xFB,0x00,0x00,0x6F,0xF5,0x00,0x00,0xCF,0xE0,0x00,0x02,0xFF,0x90,0x00,0x07,0xFF,0x50,
  0x00,0x0B,0xFF,0x10,0x00,0x0F,0xFC,0x00,0x00,0x3F,0xF9,0x00,0x00,0x6F,0xF6,0x00,0x00,0x9F,0xF4,0x00,
  0x00,0xBF,0xF2,0x00,0x00,0xCF,0xF0,0x00,0x00,0xEF,0xE0,0x00,0x00,0xEF,0xD0,0x00,0x00,0xFF,0xD0,0x00,
  0x00,0xFF,0xD0,0x00,0x00,0xEF,0xD0,0x00,0x00,0xEF,0xE0,0x00,0x00,0xCF,0xF0,0x00,0x00,0xBF,0xF2,0x00,
  0x00,0x9F,0xF4,0x00,0x00,0x6F,0xF6,0x00,0x00,0x3F,0xF9,0x00,0x00,0x0F,0xFC,0x00,0x00,0x0B,0xFF,0x10,
  0x00,0x07,0xFF,0x50,0x00,0x02,0xFF,0x90,0x00,0x00,0xCF,0xE0,0x00,0x00,0x6F,0xF5,0x00,0x00,0x1E,0xFB,
  0x00,0x00,0x08,0xFF,0x30,0x00,0x01,0xEF,0xA0,0x00,0x00,0x7F,0xF3,0x00,0x00,0x0D,0xFB,0xDF,0xB0,0x00,
  0x00,0x5F,0xF5,0x00,0x00,0x0C,0xFD,0x00,0x00,0x05,0xFF,0x60,0x00,0x00,0xDF,0xD0,0x00,0x00,0x8F,0xF4,
  0x00,0x00,0x2F,0xFA,0x00,0x00,0x0C,0xFE,0x00,0x00,0x07,0xFF,0x50,0x00,0x03,0xFF,0x90,0x00,0x00,0xEF,
  0xC0,0x00,0x00,0xBF,0xF1,0x00,0x00,0x9F,0xF4,0x00,0x00,0x6F,0xF6,0x00,0x00,0x4F,0xF8,0x00,0x00,0x3F,
  0xFA,0x00,0x00,0x1F,0xFB,0x00,0x00,0x1F,0xFC,0x00,0x00,0x0F,0xFC,0x00,0x00,0x0F,0xFC,0x00,0x00,0x1F,
  0xFC,0x00,0x00,0x1F,0xFB,0x00,0x00,0x3F,0xFA,0x00,0x00,0x4F,0xF8,0x00,0x00,0x6F,0xF6,0x00,0x00,0x9F,
  0xF4,0x00,0x00,0xBF,0xF1,0x00,0x00,0xEF,0xC0,0x00,0x03,0xFF,0x90,0x00,0x07,0xFF,0x50,0x00,0x0C,0xFE,
  0x00,0x00,0x2F,0xFA,0x00,0x00,0x8F,0xF4,0x00,0x00,0xDF,0xD0,0x00,0x05,0xFF,0x60,0x00,0x0C,0xFD,0x00,
  0x00,0x5F,0xF5,0x00,0x00,0xDF,0xB0,0x00,0x00,0x00,0x00,0x00,0x00,0xFF,0x20,0x00,0x00,0x00,0x00,0x00,
  0x00,0x00,0xFF,0x20,0x00,0x00,0x00,0x00,0x00,0x00,0x00,0xFF,0x20,0x00,0x00,0x00,0x00,0x00,0x00,0x00,
  0xFF,0x20,0x00,0x00,0x00,0x00,0x00,0x00,0x00,0xFF,0x20,0x00,0x00,0x00,0x08,0x50,0x00,0x00,0xFF,0x20,
  0x00,0x04,0x90,0x1F,0xFE,0x82,0x00,0xFF,0x20,0x17,0xDF,0xF2,0x4F,0xFF,0xFF,0xB5,0xFF,0x6A,0xFF,0xFF,
  0xF6,0x01,0x59,0xCF,0xFF,0xFF,0xFF,0xFD,0x95,0x10,0x00,0x00,0x01,0x5C,0xFF,0xD6,0x20,0x00,0x00,0x00,
  0x00,0x00,0x3E,0xFE,0xF5,0x00,0x00,0x00,0x00,0x00,0x01,0xDF,0x85,0xFE,0x30,0x00,0x00,0x00,0x00,0x0C,
  0xFD,0x00,0xBF,0xD1,0x00,0x00,0x00,0x00,0x9F,0xF4,0x00,0x2E,0xFB,0x00,0x00,0x00,0x06,0xFF,0x90,0x00,
  0x07,0xFF,0x90,0x00,0x00,0x2F,0xFE,0x10,0x00,0x00,0xCF,0xF4,0x00,0x00,0x06,0xE5,0x00,0x00,0x00,0x3F,
  0x70,0x00,0x00,0x00,0x20,0x00,0x00,0x00,0x02,0x00,0x00,0x00,0x00,0x00,0x00,0xFF,0xD0,0x00,0x00,0x00,
  0x00,0x00,0x00,0x00,0xFF,0xD0,0x00,0x00,0x00,0x00,0x00,0x00,0x00,0xFF,0xD0,0x00,0x00,0x00,0x00,0x00,
  0x00,0x00,0xFF,0xD0,0x00,0x00,0x00,0x00,0x00,0x00,0x00,0xFF,0xD0,0x00,0x00,0x00,0x00,0x00,0x00,0x00,
  0xFF,0xD0,0x00,0x00,0x00,0x00,0x00,0x00,0x00,0xFF,0xD0,0x00,0x00,0x00,0x00,0x00,0x00,0x00,0xFF,0xD0,
  0x00,0x00,0x00,0xEE,0xEE,0xEE,0xEE,0xFF,0xFE,0xEE,0xEE,0xEE,0xFF,0xFF,0xFF,0xFF,0xFF,0xFF,0xFF,0xFF,
  0xFF,0xFF,0xFF,0xFF,0xFF,0xFF,0xFF,0xFF,0xFF,0xFF,0x00,0x00,0x00,0x00,0xFF,0xD0,0x00,0x00,0x00,0x00,
  0x00,0x00,0x00,0xFF,0xD0,0x00,0x00,0x00,0x00,0x00,0x00,0x00,0xFF,0xD0,0x00,0x00,0x00,0x00,0x00,0x00,
  0x00,0xFF,0xD0,0x00,0x00,0x00,0x00,0x00,0x00,0x00,0xFF,0xD0,0x00,0x00,0x00,0x00,0x00,0x00,0x00,0xFF,
  0xD0,0x00,0x00,0x00,0x00,0x00,0x00,0x00,0xFF,0xD0,0x00,0x00,0x00,0x00,0x00,0x00,0x00,0xFF,0xD0,0x00,
  0x00,0x00,0x00,0x00,0x00,0x00,0xFF,0xD0,0x00,0x00,0x00,0x00,0x04,0xFF,0xFE,0x00,0x09,0xFF,0xF9,0x00,
  0x0E,0xFF,0xF2,0x00,0x4F,0xFF,0xB0,0x00,0xAF,0xFF,0x50,0x00,0xEF,0xFD,0x00,0x05,0xFF,0xF7,0x00,0x0A,
  0xFF,0xF1,0x00,0x1E,0xFF,0xA0,0x00,0x5F,0xFF,0x40,0x00,0xEE,0xEE,0xEE,0xEE,0xEF,0xFF,0xFF,0xFF,0xFF,
  0xFF,0xFF,0xFF,0xFF,0xF0,0x02,0x66,0x20,0x4E,0xFF,0xE4,0xCF,0xFF,0xFC,0xEF,0xFF,0xFE,0xCF,0xFF,0xFC,
  0x4E,0xFF,0xE4,0x02,0x66,0x20,0x00,0x00,0x00,0x00,0x00,0x05,0xFF,0x60,0x00,0x00,0x00,0x00,0x00,0xAF,
  0xF1,0x00,0x00,0x00,0x00,0x00,0x1E,0xFB,0x00,0x00,0x00,0x00,0x00,0x05,0xFF,0x60,0x00,0x00,0x00,0x00,
  0x00,0xAF,0xF1,0x00,0x00,0x00,0x00,0x00,0x1E,0xFB,0x00,0x00,0x00,0x00,0x00,0x05,0xFF,0x60,0x00,0x00,
  0x00,0x00,0x00,0xAF,0xF1,0x00,0x00,0x00,0x00,0x00,0x1F,0xFB,0x00,0x00,0x00,0x00,0x00,0x05,0xFF,0x60,
  0x00,0x00,0x00,0x00,0x00,0xAF,0xF1,0x00,0x00,0x00,0x00,0x00,0x1F,0xFB,0x00,0x00,0x00,0x00,0x00,0x05,
  0xFF,0x60,0x00,0x00,0x00,0x00,0x00,0xAF,0xF1,0x00,0x00,0x00,0x00,0x00,0x1F,0xFA,0x00,0x00,0x00,0x00,
  0x00,0x05,0xFF,0x50,0x00,0x00,0x00,0x00,0x00,0xAF,0xF1,0x00,0x00,0x00,0x00,0x00,0x1F,0xFA,0x00,0x00,
  0x00,0x00,0x00,0x06,0xFF,0x50,0x00,0x00,0x00,0x00,0x00,0xBF,0xF1,0x00,0x00,0x00,0x00,0x00,0x1F,0xFA,
  0x00,0x00,0x00,0x00,0x00,0x06,0xFF,0x50,0x00,0x00,0x00,0x00,0x00,0xBF,0xF1,0x00,0x00,0x00,0x00,0x00,
  0x1F,0xFA,0x00,0x00,0x00,0x00,0x00,0x06,0xFF,0x50,0x00,0x00,0x00,0x00,0x00,0xBF,0xF1,0x00,0x00,0x00,
  0x00,0x00,0x1F,0xFA,0x00,0x00,0x00,0x00,0x00,0x06,0xFF,0x50,0x00,0x00,0x00,0x00,0x00,0xBF,0xF1,0x00,
  0x00,0x00,0x00,0x00,0x1F,0xFA,0x00,0x00,0x00,0x00,0x00,0x06,0xFF,0x50,0x00,0x00,0x00,0x00,0x00,0xBF,
  0xF1,0x00,0x00,0x00,0x00,0x00,0x1F,0xFA,0x00,0x00,0x00,0x00,0x00,0x00,0x00,0x00,0x00,0x00,0x45,0x77,
  0x54,0x00,0x00,0x00,0x00,0x00,0x00,0x02,0x9E,0xFF,0xFF,0xFF,0xE9,0x20,0x00,0x00,0x00,0x00,0x6E,0xFF,
  0xFF,0xFF,0xFF,0xFF,0xE6,0x00,0x00,0x00,0x07,0xFF,0xFF,0xE9,0x77,0x9E,0xFF,0xFF,0x70,0x00,0x00,0x4F,
  0xFF,0xF9,0x10,0x00,0x01,0x9F,0xFF,0xF4,0x00,0x00,0xDF,0xFF,0x90,0x00,0x00,0x00,0x09,0xFF,0xFD,0x00,
  0x06,0xFF,0xFD,0x10,0x00,0x00,0x00,0x01,0xDF,0xFF,0x60,0x0B,0xFF,0xF7,0x00,0x00,0x00,0x00,0x00,0x7F,
  0xFF,0xB0,0x1F,0xFF,0xF1,0x00,0x00,0x00,0x00,0x00,0x1F,0xFF,0xF1,0x5F,0xFF,0xC0,0x00,0x00,0x00,0x00,
  0x00,0x0C,0xFF,0xF5,0x8F,0xFF,0x90,0x00,0x00,0x00,0x00,0x00,0x09,0xFF,0xF8,0xAF,0xFF,0x70,0x00,0x00,
  0x00,0x00,0x00,0x07,0xFF,0xFA,0xCF,0xFF,0x50,0x00,0x00,0x00,0x00,0x00,0x05,0xFF,0xFC,0xDF,0xFF,0x30,
  0x00,0x00,0x00,0x00,0x00,0x03,0xFF,0xFD,0xEF,0xFF,0x30,0x00,0x00,0x00,0x00,0x00,0x03,0xFF,0xFE,0xFF,
  0xFF,0x20,0x00,0x00,0x00,0x00,0x00,0x02,0xFF,0xFF,0xFF,0xFF,0x20,0x00,0x00,0x00,0x00,0x00,0x02,0xFF,
  0xFF,0xEF,0xFF,0x30,0x00,0x00,0x00,0x00,0x00,0x03,0xFF,0xFE,0xDF,0xFF,0x30,0x00,0x00,0x00,0x00,0x00,
  0x03,0xFF,0xFD,0xCF,0xFF,0x50,0x00,0x00,0x00,0x00,0x00,0x05,0xFF,0xFC,0xAF,0xFF,0x70,0x00,0x00,0x00,
  0x00,0x00,0x07,0xFF,0xFA,0x8F,0xFF,0x90,0x00,0x00,0x00,0x00,0x00,0x09,0xFF,0xF8,0x5F,0xFF,0xC0,0x00,
  0x00,0x00,0x00,0x00,0x0C,0xFF,0xF5,0x1F,0xFF,0xF1,0x00,0x00,0x00,0x00,0x00,0x1F,0xFF,0xF1,0x0B,0xFF,
  0xF7,0x00,0x00,0x00,0x00,0x00,0x7F,0xFF,0xB0,0x06,0xFF,0xFD,0x10,0x00,0x00,0x00,0x01,0xDF,0xFF,0x60,
  0x00,0xDF,0xFF,0x90,0x00,0x00,0x00,0x09,0xFF,0xFD,0x00,0x00,0x4F,0xFF,0xF9,0x10,0x00,0x01,0x9F,0xFF,
  0xF4,0x00,0x00,0x07,0xFF,0xFF,0xE9,0x77,0x9E,0xFF,0xFF,0x70,0x00,0x00,0x00,0x6E,0xFF,0xFF,0xFF,0xFF,
  0xFF,0xE6,0x00,0x00,0x00,0x00,0x02,0x9E,0xFF,0xFF,0xFF,0xE9,0x20,0x00,0x00,0x00,0x00,0x00,0x00,0x45,
  0x77,0x54,0x00,0x00,0x00,0x00,0x00,0x00,0x00,0x03,0x9D,0xFF,0xF2,0x00,0x00,0x01,0xAF,0xFF,0xFF,0xF2,
  0x00,0x00,0x7E,0xFF,0xFF,0xFF,0xF2,0x00,0x4D,0xFF,0xFF,0xFF,0xFF,0xF2,0x2A,0xFF,0xFF,0xFC,0x4F,0xFF,
  0xF2,0x8F,0xFF,0xFE,0x60,0x0F,0xFF,0xF2,0x8F,0xFF,0x81,0x00,0x0F,0xFF,0xF2,0x8F,0xB2,0x00,0x00,0x0F,
  0xFF,0xF2,0x54,0x00,0x00,0x00,0x0F,0xFF,0xF2,0x00,0x00,0x00,0x00,0x0F,0xFF,0xF2,0x00,0x00,0x00,0x00,
  0x0F,0xFF,0xF2,0x00,0x00,0x00,0x00,0x0F,0xFF,0xF2,0x00,0x00,0x00,0x00,0x0F,0xFF,0xF2,0x00,0x00,0x00,
  0x00,0x0F,0xFF,0xF2,0x00,0x00,0x00,0x00,0x0F,0xFF,0xF2,0x00,0x00,0x00,0x00,0x0F,0xFF,0xF2,0x00,0x00,
  0x00,0x00,0x0F,0xFF,0xF2,0x00,0x00,0x00,0x00,0x0F,0xFF,0xF2,0x00,0x00,0x00,0x00,0x0F,0xFF,0xF2,0x00,
  0x00,0x00,0x00,0x0F,0xFF,0xF2,0x00,0x00,0x00,0x00,0x0F,0xFF,0xF2,0x00,0x00,0x00,0x00,0x0F,0xFF,0xF2,
  0x00,0x00,0x00,0x00,0x0F,0xFF,0xF2,0x00,0x00,0x00,0x00,0x0F,0xFF,0xF2,0x00,0x00,0x00,0x00,0x0F,0xFF,
  0xF2,0x00,0x00,0x00,0x00,0x0F,0xFF,0xF2,0x00,0x00,0x00,0x00,0x0F,0xFF,0xF2,0x00,0x00,0x00,0x00,0x0F,
  0xFF,0xF2,0x00,0x00,0x00,0x00,0x0F,0xFF,0xF2,0x00,0x00,0x00,0x00,0x0F,0xFF,0xF2,0x00,0x00,0x00,0x00,
  0x46,0x77,0x64,0x10,0x00,0x00,0x00,0x00,0x00,0x3A,0xFF,0xFF,0xFF,0xFF,0xA2,0x00,0x00,0x00,0x00,0x8F,
  0xFF,0xFF,0xFF,0xFF,0xFF,0xE5,0x00,0x00,0x00,0x9F,0xFF,0xFB,0x86,0x7B,0xFF,0xFF,0xF5,0x00,0x00,0x6F,
  0xFF,0xD3,0x00,0x00,0x03,0xDF,0xFF,0xE1,0x00,0x1E,0xFF,0xE2,0x00,0x00,0x00,0x02,0xEF,0xFF,0x80,0x06,
  0xFF,0xF7,0x00,0x00,0x00,0x00,0x08,0xFF,0xFC,0x00,0xBF,0xFF,0x10,0x00,0x00,0x00,0x00,0x3F,0xFF,0xF0,
  0x0E,0xFF,0xB0,0x00,0x00,0x00,0x00,0x01,0xFF,0xFF,0x22,0xFF,0xF9,0x00,0x00,0x00,0x00,0x00,0x0F,0xFF,
  0xF1,0x27,0x77,0x30,0x00,0x00,0x00,0x00,0x02,0xFF,0xFE,0x00,0x00,0x00,0x00,0x00,0x00,0x00,0x00,0x6F,
  0xFF,0xB0,0x00,0x00,0x00,0x00,0x00,0x00,0x00,0x0D,0xFF,0xF6,0x00,0x00,0x00,0x00,0x00,0x00,0x00,0x07,
  0xFF,0xFD,0x00,0x00,0x00,0x00,0x00,0x00,0x00,0x03,0xFF,0xFF,0x50,0x00,0x00,0x00,0x00,0x00,0x00,0x02,
  0xEF,0xFF,0x80,0x00,0x00,0x00,0x00,0x00,0x00,0x01,0xDF,0xFF,0xB0,0x00,0x00,0x00,0x00,0x00,0x00,0x01,
  0xCF,0xFF,0xC1,0x00,0x00,0x00,0x00,0x00,0x00,0x01,0xBF,0xFF,0xD1,0x00,0x00,0x00,0x00,0x00,0x00,0x00,
  0xBF,0xFF,0xD2,0x00,0x00,0x00,0x00,0x00,0x00,0x00,0xBF,0xFF,0xD2,0x00,0x00,0x00,0x00,0x00,0x00,0x00,
  0xAF,0xFF,0xD2,0x00,0x00,0x00,0x00,0x00,0x00,0x00,0xAF,0xFF,0xD2,0x00,0x00,0x00,0x00,0x00,0x00,0x00,
  0xAF,0xFF,0xD2,0x00,0x00,0x00,0x00,0x00,0x00,0x00,0xAF,0xFF,0xD2,0x00,0x00,0x00,0x00,0x00,0x00,0x00,
  0x9F,0xFF,0xD2,0x00,0x00,0x00,0x00,0x00,0x00,0x00,0x9F,0xFF,0xD2,0x00,0x00,0x00,0x00,0x00,0x00,0x00,
  0x8F,0xFF,0xD2,0x00,0x00,0x00,0x00,0x00,0x00,0x00,0x8F,0xFF,0xFE,0xEE,0xEE,0xEE,0xEE,0xEE,0xEE,0xEE,
  0x2F,0xFF,0xFF,0xFF,0xFF,0xFF,0xFF,0xFF,0xFF,0xFF,0xF2,0xFF,0xFF,0xFF,0xFF,0xFF,0xFF,0xFF,0xFF,0xFF,
  0xFF,0x20,0x00,0x00,0x00,0x00,0x03,0x67,0x76,0x41,0x00,0x00,0x00,0x00,0x00,0x00,0x3A,0xFF,0xFF,0xFF,
  0xFF,0xB4,0x00,0x00,0x00,0x00,0x08,0xFF,0xFF,0xFF,0xFF,0xFF,0xFF,0x80,0x00,0x00,0x00,0xAF,0xFF,0xFC,
  0x86,0x7A,0xEF,0xFF,0xF9,0x00,0x00,0x07,0xFF,0xFD,0x40,0x00,0x00,0x1B,0xFF,0xFF,0x40,0x00,0x2F,0xFF,
  0xE2,0x00,0x00,0x00,0x01,0xCF,0xFF,0xA0,0x00,0x7F,0xFF,0x60,0x00,0x00,0x00,0x00,0x5F,0xFF,0xF0,0x00,
  0xCF,0xFF,0x10,0x00,0x00,0x00,0x00,0x1F,0xFF,0xF1,0x00,0xFF,0xFC,0x00,0x00,0x00,0x00,0x00,0x0F,0xFF,
  0xF2,0x01,0x88,0x85,0x00,0x00,0x00,0x00,0x00,0x2F,0xFF,0xE0,0x00,0x00,0x00,0x00,0x00,0x00,0x00,0x00,
  0x6F,0xFF,0xB0,0x00,0x00,0x00,0x00,0x00,0x00,0x00,0x01,0xDF,0xFF,0x40,0x00,0x00,0x00,0x00,0x00,0x00,
  0x00,0x1B,0xFF,0xF9,0x00,0x00,0x00,0x00,0x00,0x00,0x01,0x38,0xEF,0xFF,0x90,0x00,0x00,0x00,0x00,0x00,
  0x00,0xFF,0xFF,0xFF,0xC5,0x00,0x00,0x00,0x00,0x00,0x00,0x00,0xFF,0xFF,0xFF,0xB4,0x00,0x00,0x00,0x00,
  0x00,0x00,0x00,0xEE,0xFF,0xFF,0xFF,0xB2,0x00,0x00,0x00,0x00,0x00,0x00,0x00,0x03,0x8E,0xFF,0xFD,0x20,
  0x00,0x00,0x00,0x00,0x00,0x00,0x00,0x01,0xBF,0xFF,0xC0,0x00,0x00,0x00,0x00,0x00,0x00,0x00,0x00,0x1D,
  0xFF,0xF5,0x00,0x00,0x00,0x00,0x00,0x00,0x00,0x00,0x07,0xFF,0xFB,0x12,0x22,0x10,0x00,0x00,0x00,0x00,
  0x00,0x04,0xFF,0xFE,0x4F,0xFF,0x80,0x00,0x00,0x00,0x00,0x00,0x02,0xFF,0xFF,0x1F,0xFF,0xB0,0x00,0x00,
  0x00,0x00,0x00,0x03,0xFF,0xFE,0x0D,0xFF,0xE1,0x00,0x00,0x00,0x00,0x00,0x06,0xFF,0xFC,0x09,0xFF,0xF7,
  0x00,0x00,0x00,0x00,0x00,0x0C,0xFF,0xF7,0x03,0xFF,0xFE,0x30,0x00,0x00,0x00,0x00,0x7F,0xFF,0xE1,0x00,
  0x9F,0xFF,0xE6,0x00,0x00,0x00,0x18,0xFF,0xFF,0x50,0x00,0x1C,0xFF,0xFF,0xEA,0x76,0x7A,0xEF,0xFF,0xF6,
  0x00,0x00,0x01,0xBF,0xFF,0xFF,0xFF,0xFF,0xFF,0xFD,0x40,0x00,0x00,0x00,0x05,0xBF,0xFF,0xFF,0xFF,0xFC,
  0x60,0x00,0x00,0x00,0x00,0x00,0x01,0x46,0x77,0x64,0x10,0x00,0x00,0x00,0x00,0x00,0x00,0x00,0x00,0x00,
  0x00,0x8F,0xFF,0xF0,0x00,0x00,0x00,0x00,0x00,0x00,0x00,0x00,0x4F,0xFF,0xFF,0x00,0x00,0x00,0x00,0x00,
  0x00,0x00,0x00,0x1D,0xFF,0xFF,0xF0,0x00,0x00,0x00,0x00,0x00,0x00,0x00,0x0B,0xFF,0xFF,0xFF,0x00,0x00,
  0x00,0x00,0x00,0x00,0x00,0x07,0xFF,0xFF,0xFF,0xF0,0x00,0x00,0x00,0x00,0x00,0x00,0x03,0xFF,0xFA,0xFF,
  0xFF,0x00,0x00,0x00,0x00,0x00,0x00,0x01,0xDF,0xFD,0x3F,0xFF,0xF0,0x00,0x00,0x00,0x00,0x00,0x00,0xAF,
  0xFF,0x32,0xFF,0xFF,0x00,0x00,0x00,0x00,0x00,0x00,0x6F,0xFF,0x80,0x2F,0xFF,0xF0,0x00,0x00,0x00,0x00,
  0x00,0x2E,0xFF,0xB0,0x02,0xFF,0xFF,0x00,0x00,0x00,0x00,0x00,0x0C,0xFF,0xE2,0x00,0x2F,0xFF,0xF0,0x00,
  0x00,0x00,0x00,0x09,0xFF,0xF5,0x00,0x02,0xFF,0xFF,0x00,0x00,0x00,0x00,0x05,0xFF,0xF9,0x00,0x00,0x2F,
  0xFF,0xF0,0x00,0x00,0x00,0x02,0xEF,0xFC,0x00,0x00,0x02,0xFF,0xFF,0x00,0x00,0x00,0x00,0xCF,0xFE,0x20,
  0x00,0x00,0x2F,0xFF,0xF0,0x00,0x00,0x00,0x8F,0xFF,0x60,0x00,0x00,0x02,0xFF,0xFF,0x00,0x00,0x00,0x4F,
  0xFF,0xA0,0x00,0x00,0x00,0x2F,0xFF,0xF0,0x00,0x00,0x1E,0xFF,0xD1,0x00,0x00,0x00,0x02,0xFF,0xFF,0x00,
  0x00,0x0B,0xFF,0xF3,0x00,0x00,0x00,0x00,0x2F,0xFF,0xF0,0x00,0x07,0xFF,0xFF,0xEE,0xEE,0xEE,0xEE,0xEE,
  0xFF,0xFF,0xEE,0xEE,0xFF,0xFF,0xFF,0xFF,0xFF,0xFF,0xFF,0xFF,0xFF,0xFF,0xFF,0xFF,0xFF,0xFF,0xFF,0xFF,
  0xFF,0xFF,0xFF,0xFF,0xFF,0xFF,0xFF,0x00,0x00,0x00,0x00,0x00,0x00,0x00,0x2F,0xFF,0xF0,0x00,0x00,0x00,
  0x00,0x00,0x00,0x00,0x00,0x02,0xFF,0xFF,0x00,0x00,0x00,0x00,0x00,0x00,0x00,0x00,0x00,0x2F,0xFF,0xF0,
  0x00,0x00,0x00,0x00,0x00,0x00,0x00,0x00,0x02,0xFF,0xFF,0x00,0x00,0x00,0x00,0x00,0x00,0x00,0x00,0x00,
  0x2F,0xFF,0xF0,0x00,0x00,0x00,0x00,0x00,0x00,0x00,0x00,0x02,0xFF,0xFF,0x00,0x00,0x00,0x00,0x00,0x00,
  0x00,0x00,0x00,0x2F,0xFF,0xF0,0x00,0x00,0x00,0x00,0x00,0x00,0x00,0x00,0x02,0xFF,0xFF,0x00,0x00,0x00,
  0x5F,0xFF,0xFF,0xFF,0xFF,0xFF,0xFF,0xFF,0xFE,0x00,0x00,0x7F,0xFF,0xFF,0xFF,0xFF,0xFF,0xFF,0xFF,0xFE,
  0x00,0x00,0x9F,0xFF,0xEE,0xEE,0xEE,0xEE,0xEE,0xEE,0xEC,0x00,0x00,0xBF,0xFB,0x00,0x00,0x00,0x00,0x00,
  0x00,0x00,0x00,0x00,0xDF,0xF9,0x00,0x00,0x00,0x00,0x00,0x00,0x00,0x00,0x00,0xFF,0xF7,0x00,0x00,0x00,
  0x00,0x00,0x00,0x00,0x00,0x02,0xFF,0xF5,0x00,0x00,0x00,0x00,0x00,0x00,0x00,0x00,0x03,0xFF,0xF3,0x00,
  0x00,0x00,0x00,0x00,0x00,0x00,0x00,0x05,0xFF,0xF1,0x00,0x00,0x00,0x00,0x00,0x00,0x00,0x00,0x07,0xFF,
  0xE0,0x00,0x00,0x00,0x00,0x00,0x00,0x00,0x00,0x09,0xFF,0xC0,0x05,0xAD,0xEF,0xDC,0x83,0x00,0x00,0x00,
  0x0B,0xFF,0xA1,0xCF,0xFF,0xFF,0xFF,0xFF,0xB2,0x00,0x00,0x0D,0xFF,0x9C,0xFF,0xFF,0xEF,0xFF,0xFF,0xFE,
  0x40,0x00,0x0E,0xFF,0xFF,0xF9,0x30,0x00,0x39,0xFF,0xFF,0xE2,0x00,0x1F,0xFF,0xFE,0x40,0x00,0x00,0x00,
  0x3E,0xFF,0xFB,0x00,0x3F,0xFF,0xF4,0x00,0x00,0x00,0x00,0x05,0xFF,0xFF,0x40,0x5F,0xFF,0x90,0x00,0x00,
  0x00,0x00,0x00,0xBF,0xFF,0x90,0x13,0x33,0x10,0x00,0x00,0x00,0x00,0x00,0x6F,0xFF,0xD0,0x00,0x00,0x00,
  0x00,0x00,0x00,0x00,0x00,0x2F,0xFF,0xF0,0x00,0x00,0x00,0x00,0x00,0x00,0x00,0x00,0x1F,0xFF,0xF1,0x00,
  0x00,0x00,0x00,0x00,0x00,0x00,0x00,0x0F,0xFF,0xF2,0x78,0x88,0x00,0x00,0x00,0x00,0x00,0x00,0x1F,0xFF,
  0xF0,0xBF,0xFF,0x20,0x00,0x00,0x00,0x00,0x00,0x4F,0xFF,0xD0,0x9F,0xFF,0x70,0x00,0x00,0x00,0x00,0x00,
  0x8F,0xFF,0x90,0x4F,0xFF,0xD0,0x00,0x00,0x00,0x00,0x01,0xEF,0xFF,0x40,0x0E,0xFF,0xF8,0x00,0x00,0x00,
  0x00,0x0A,0xFF,0xFB,0x00,0x06,0xFF,0xFF,0x91,0x00,0x00,0x02,0xBF,0xFF,0xE2,0x00,0x00,0xAF,0xFF,0xFE,
  0xA7,0x68,0xBF,0xFF,0xFE,0x30,0x00,0x00,0x09,0xFF,0xFF,0xFF,0xFF,0xFF,0xFF,0xB2,0x00,0x00,0x00,0x00,
  0x4A,0xFF,0xFF,0xFF,0xFF,0xB5,0x00,0x00,0x00,0x00,0x00,0x00,0x13,0x67,0x76,0x51,0x00,0x00,0x00,0x00,
  0x00,0x00,0x00,0x00,0x14,0x77,0x75,0x20,0x00,0x00,0x00,0x00,0x00,0x00,0x3A,0xFF,0xFF,0xFF,0xFC,0x50,
  0x00,0x00,0x00,0x00,0x07,0xFF,0xFF,0xFF,0xFF,0xFF,0xFB,0x10,0x00,0x00,0x00,0xAF,0xFF,0xE9,0x77,0x8D,
  0xFF,0xFF,0xC1,0x00,0x00,0x08,0xFF,0xF8,0x00,0x00,0x00,0x5F,0xFF,0xF9,0x00,0x00,0x4F,0xFF,0x70,0x00,
  0x00,0x00,0x05,0xFF,0xFF,0x20,0x00,0xDF,0xFB,0x00,0x00,0x00,0x00,0x00,0xBF,0xFF,0x70,0x05,0xFF,0xF4,
  0x00,0x00,0x00,0x00,0x00,0x6F,0xFF,0xA0,0x0B,0xFF,0xE0,0x00,0x00,0x00,0x00,0x00,0x17,0x77,0x60,0x1F,
  0xFF,0xA0,0x00,0x00,0x00,0x00,0x00,0x00,0x00,0x00,0x4F,0xFF,0x70,0x01,0x7B,0xDD,0xCA,0x62,0x00,0x00,
  0x00,0x8F,0xFF,0x50,0x7E,0xFF,0xFF,0xFF,0xFF,0x91,0x00,0x00,0xAF,0xFF,0x37,0xFF,0xFF,0xFF,0xFF,0xFF,
  0xFC,0x20,0x00,0xCF,0xFF,0x5E,0xFC,0x51,0x01,0x4A,0xFF,0xFF,0xC1,0x00,0xDF,0xFF,0xDF,0x80,0x00,0x00,
  0x00,0x5F,0xFF,0xF9,0x00,0xEF,0xFF,0xFA,0x00,0x00,0x00,0x00,0x07,0xFF,0xFF,0x20,0xFF,0xFF,0xE1,0x00,
  0x00,0x00,0x00,0x00,0xDF,0xFF,0x80,0xFF,0xFF,0x90,0x00,0x00,0x00,0x00,0x00,0x8F,0xFF,0xC0,0xEF,0xFF,
  0x60,0x00,0x00,0x00,0x00,0x00,0x4F,0xFF,0xF0,0xEF,0xFF,0x30,0x00,0x00,0x00,0x00,0x00,0x1F,0xFF,0xF1,
  0xDF,0xFF,0x20,0x00,0x00,0x00,0x00,0x00,0x0F,0xFF,0xF2,0xBF,0xFF,0x30,0x00,0x00,0x00,0x00,0x00,0x1F,
  0xFF,0xF1,0x8F,0xFF,0x40,0x00,0x00,0x00,0x00,0x00,0x2F,0xFF,0xF0,0x5F,0xFF,0x70,0x00,0x00,0x00,0x00,
  0x00,0x5F,0xFF,0xC0,0x1F,0xFF,0xC0,0x00,0x00,0x00,0x00,0x00,0xAF,0xFF,0x80,0x0A,0xFF,0xF5,0x00,0x00,
  0x00,0x00,0x03,0xFF,0xFF,0x20,0x03,0xFF,0xFD,0x20,0x00,0x00,0x00,0x1C,0xFF,0xF9,0x00,0x00,0xAF,0xFF,
  0xD3,0x00,0x00,0x03,0xCF,0xFF,0xD1,0x00,0x00,0x1C,0xFF,0xFF,0xB8,0x68,0xBF,0xFF,0xFD,0x20,0x00,0x00,
  0x01,0xBF,0xFF,0xFF,0xFF,0xFF,0xFF,0xC2,0x00,0x00,0x00,0x00,0x05,0xCF,0xFF,0xFF,0xFF,0xC5,0x00,0x00,
  0x00,0x00,0x00,0x00,0x02,0x56,0x76,0x52,0x00,0x00,0x00,0x00,0xFF,0xFF,0xFF,0xFF,0xFF,0xFF,0xFF,0xFF,
  0xFF,0xFF,0xFF,0xFF,0xFF,0xFF,0xFF,0xFF,0xFF,0xFF,0xFF,0xFF,0xFF,0xEE,0xEE,0xEE,0xEE,0xEE,0xEE,0xEE,
  0xEE,0xEF,0xFF,0x80,0x00,0x00,0x00,0x00,0x00,0x00,0x00,0x0C,0xFF,0xE1,0x00,0x00,0x00,0x00,0x00,0x00,
  0x00,0x05,0xFF,0xF8,0x00,0x00,0x00,0x00,0x00,0x00,0x00,0x00,0xDF,0xFE,0x10,0x00,0x00,0x00,0x00,0x00,
  0x00,0x00,0x6F,0xFF,0x70,0x00,0x00,0x00,0x00,0x00,0x00,0x00,0x1D,0xFF,0xE1,0x00,0x00,0x00,0x00,0x00,
  0x00,0x00,0x07,0xFF,0xF6,0x00,0x00,0x00,0x00,0x00,0x00,0x00,0x01,0xEF,0xFD,0x00,0x00,0x00,0x00,0x00,
  0x00,0x00,0x00,0x8F,0xFF,0x60,0x00,0x00,0x00,0x00,0x00,0x00,0x00,0x1E,0xFF,0xD0,0x00,0x00,0x00,0x00,
  0x00,0x00,0x00,0x08,0xFF,0xF5,0x00,0x00,0x00,0x00,0x00,0x00,0x00,0x02,0xFF,0xFC,0x00,0x00,0x00,0x00,
  0x00,0x00,0x00,0x00,0x9F,0xFF,0x40,0x00,0x00,0x00,0x00,0x00,0x00,0x00,0x2F,0xFF,0xC0,0x00,0x00,0x00,
  0x00,0x00,0x00,0x00,0x0A,0xFF,0xF4,0x00,0x00,0x00,0x00,0x00,0x00,0x00,0x03,0xFF,0xFB,0x00,0x00,0x00,
  0x00,0x00,0x00,0x00,0x00,0xBF,0xFF,0x30,0x00,0x00,0x00,0x00,0x00,0x00,0x00,0x4F,0xFF,0xA0,0x00,0x00,
  0x00,0x00,0x00,0x00,0x00,0x0C,0xFF,0xF3,0x00,0x00,0x00,0x00,0x00,0x00,0x00,0x04,0xFF,0xFA,0x00,0x00,
  0x00,0x00,0x00,0x00,0x00,0x00,0xCF,0xFF,0x20,0x00,0x00,0x00,0x00,0x00,0x00,0x00,0x5F,0xFF,0x90,0x00,
  0x00,0x00,0x00,0x00,0x00,0x00,0x0D,0xFF,0xF2,0x00,0x00,0x00,0x00,0x00,0x00,0x00,0x06,0xFF,0xF8,0x00,
  0x00,0x00,0x00,0x00,0x00,0x00,0x00,0xDF,0xFE,0x10,0x00,0x00,0x00,0x00,0x00,0x00,0x00,0x7F,0xFF,0x80,
  0x00,0x00,0x00,0x00,0x00,0x00,0x00,0x1E,0xFF,0xE1,0x00,0x00,0x00,0x00,0x00,0x00,0x00,0x08,0xFF,0xF7,
  0x00,0x00,0x00,0x00,0x00,0x00,0x00,0x00,0x00,0x00,0x01,0x46,0x77,0x64,0x10,0x00,0x00,0x00,0x00,0x00,
  0x06,0xCF,0xFF,0xFF,0xFF,0xFC,0x60,0x00,0x00,0x00,0x02,0xCF,0xFF,0xFF,0xFF,0xFF,0xFF,0xFC,0x20,0x00,
  0x00,0x3E,0xFF,0xFF,0xC8,0x77,0x8C,0xFF,0xFF,0xE2,0x00,0x00,0xDF,0xFF,0xE4,0x00,0x00,0x00,0x4E,0xFF,
  0xFC,0x00,0x06,0xFF,0xFF,0x30,0x00,0x00,0x00,0x03,0xFF,0xFF,0x60,0x0B,0xFF,0xF9,0x00,0x00,0x00,0x00,
  0x00,0x9F,0xFF,0xB0,0x0E,0xFF,0xF4,0x00,0x00,0x00,0x00,0x00,0x4F,0xFF,0xD0,0x0F,0xFF,0xF2,0x00,0x00,
  0x00,0x00,0x00,0x2F,0xFF,0xF0,0x0E,0xFF,0xF3,0x00,0x00,0x00,0x00,0x00,0x3F,0xFF,0xE0,0x0B,0xFF,0xF6,
  0x00,0x00,0x00,0x00,0x00,0x7F,0xFF,0xB0,0x05,0xFF,0xFD,0x00,0x00,0x00,0x00,0x00,0xDF,0xFF,0x50,0x00,
  0xBF,0xFF,0xA0,0x00,0x00,0x00,0x1A,0xFF,0xFA,0x00,0x00,0x1C,0xFF,0xFC,0x62,0x01,0x26,0xDF,0xFF,0xA0,
  0x00,0x00,0x01,0x8E,0xFF,0xFF,0xFF,0xFF,0xFF,0xD5,0x00,0x00,0x00,0x00,0x4B,0xFF,0xFF,0xFF,0xFF,0xFF,
  0xA3,0x00,0x00,0x00,0x1A,0xFF,0xFF,0xFF,0xEE,0xFF,0xFF,0xFF,0x90,0x00,0x01,0xCF,0xFF,0xE8,0x30,0x00,
  0x03,0x8E,0xFF,0xFB,0x10,0x0B,0xFF,0xFD,0x20,0x00,0x00,0x00,0x02,0xDF,0xFF,0xA0,0x4F,0xFF,0xF2,0x00,
  0x00,0x00,0x00,0x00,0x2E,0xFF,0xF4,0xAF,0xFF,0x90,0x00,0x00,0x00,0x00,0x00,0x09,0xFF,0xFA,0xEF,0xFF,
  0x40,0x00,0x00,0x00,0x00,0x00,0x04,0xFF,0xFD,0xFF,0xFF,0x20,0x00,0x00,0x00,0x00,0x00,0x03,0xFF,0xFF,
  0xEF,0xFF,0x30,0x00,0x00,0x00,0x00,0x00,0x03,0xFF,0xFE,0xCF,0xFF,0x60,0x00,0x00,0x00,0x00,0x00,0x06,
  0xFF,0xFC,0x8F,0xFF,0xC0,0x00,0x00,0x00,0x00,0x00,0x0C,0xFF,0xF8,0x3F,0xFF,0xF7,0x00,0x00,0x00,0x00,
  0x00,0x6F,0xFF,0xF2,0x09,0xFF,0xFF,0x91,0x00,0x00,0x00,0x18,0xFF,0xFF,0x80,0x01,0xBF,0xFF,0xFF,0xB8,
  0x76,0x8A,0xEF,0xFF,0xFA,0x00,0x00,0x08,0xFF,0xFF,0xFF,0xFF,0xFF,0xFF,0xFE,0x70,0x00,0x00,0x00,0x28,
  0xEF,0xFF,0xFF,0xFF,0xFD,0x71,0x00,0x00,0x00,0x00,0x00,0x02,0x56,0x77,0x65,0x10,0x00,0x00,0x00,0x00,
  0x00,0x00,0x01,0x56,0x76,0x52,0x00,0x00,0x00,0x00,0x00,0x00,0x05,0xCF,0xFF,0xFF,0xFF,0xC6,0x00,0x00,
  0x00,0x00,0x01,0xBF,0xFF,0xFF,0xFF,0xFF,0xFF,0xC2,0x00,0x00,0x00,0x2D,0xFF,0xFF,0xC8,0x67,0xBF,0xFF,
  0xFD,0x20,0x00,0x01,0xDF,0xFF,0xD3,0x00,0x00,0x02,0xBF,0xFF,0xC0,0x00,0x09,0xFF,0xFD,0x10,0x00,0x00,
  0x00,0x0B,0xFF,0xF5,0x00,0x2F,0xFF,0xF3,0x00,0x00,0x00,0x00,0x02,0xEF,0xFC,0x00,0x7F,0xFF,0xA0,0x00,
  0x00,0x00,0x00,0x00,0x9F,0xFF,0x20,0xBF,0xFF,0x60,0x00,0x00,0x00,0x00,0x00,0x4F,0xFF,0x70,0xDF,0xFF,
  0x30,0x00,0x00,0x00,0x00,0x00,0x1F,0xFF,0xA0,0xEF,0xFF,0x20,0x00,0x00,0x00,0x00,0x00,0x0F,0xFF,0xD0,
  0xEF,0xFF,0x30,0x00,0x00,0x00,0x00,0x00,0x1F,0xFF,0xF0,0xDF,0xFF,0x50,0x00,0x00,0x00,0x00,0x00,0x3F,
  0xFF,0xF0,0xBF,0xFF,0x80,0x00,0x00,0x00,0x00,0x00,0x6F,0xFF,0xF1,0x7F,0xFF,0xE0,0x00,0x00,0x00,0x00,
  0x00,0xCF,0xFF,0xF2,0x2F,0xFF,0xF7,0x00,0x00,0x00,0x00,0x06,0xFF,0xFF,0xF2,0x09,0xFF,0xFF,0x50,0x00,
  0x00,0x00,0x5F,0xDF,0xFF,0xF1,0x01,0xCF,0xFF,0xFA,0x51,0x01,0x4A,0xFF,0x5F,0xFF,0xF0,0x00,0x2C,0xFF,
  0xFF,0xFF,0xFF,0xFF,0xFA,0x1F,0xFF,0xE0,0x00,0x01,0x9F,0xFF,0xFF,0xFF,0xFF,0x91,0x2F,0xFF,0xC0,0x00,
  0x00,0x02,0x6A,0xCD,0xDB,0x82,0x00,0x4F,0xFF,0xA0,0x00,0x00,0x00,0x00,0x00,0x00,0x00,0x00,0x6F,0xFF,
  0x60,0x23,0x33,0x10,0x00,0x00,0x00,0x00,0x00,0xAF,0xFF,0x30,0x9F,0xFF,0x60,0x00,0x00,0x00,0x00,0x00,
  0xDF,0xFD,0x00,0x7F,0xFF,0xA0,0x00,0x00,0x00,0x00,0x04,0xFF,0xF7,0x00,0x3F,0xFF,0xF2,0x00,0x00,0x00,
  0x00,0x0B,0xFF,0xE1,0x00,0x0C,0xFF,0xFA,0x00,0x00,0x00,0x00,0x7F,0xFF,0x60,0x00,0x04,0xFF,0xFF,0x91,
  0x00,0x00,0x08,0xFF,0xFA,0x00,0x00,0x00,0x7F,0xFF,0xFE,0x97,0x79,0xEF,0xFF,0xB1,0x00,0x00,0x00,0x07,
  0xFF,0xFF,0xFF,0xFF,0xFF,0xF9,0x00,0x00,0x00,0x00,0x00,0x3A,0xFF,0xFF,0xFF,0xFB,0x40,0x00,0x00,0x00,
  0x00,0x00,0x00,0x14,0x67,0x75,0x10,0x00,0x00,0x00,0x00,0x02,0x66,0x20,0x4E,0xFF,0xE3,0xCF,0xFF,0xFC,
  0xEF,0xFF,0xFE,0xCF,0xFF,0xFC,0x4E,0xFF,0xE4,0x02,0x66,0x20,0x00,0x00,0x00,0x00,0x00,0x00,0x00,0x00,
  0x00,0x00,0x00,0x00,0x00,0x00,0x00,0x00,0x00,0x00,0x00,0x00,0x00,0x00,0x00,0x00,0x00,0x00,0x00,0x00,
  0x00,0x00,0x00,0x00,0x00,0x02,0x66,0x20,0x4E,0xFF,0xE4,0xCF,0xFF,0xFC,0xEF,0xFF,0xFE,0xCF,0xFF,0xFC,
  0x4E,0xFF,0xE4,0x02,0x66,0x20,0x00,0x00,0x26,0x62,0x00,0x00,0x4E,0xFF,0xE3,0x00,0x0C,0xFF,0xFF,0xC0,
  0x00,0xEF,0xFF,0xFE,0x00,0x0C,0xFF,0xFF,0xC0,0x00,0x4E,0xFF,0xE4,0x00,0x00,0x26,0x62,0x00,0x00,0x00,
  0x00,0x00,0x00,0x00,0x00,0x00,0x00,0x00,0x00,0x00,0x00,0x00,0x00,0x00,0x00,0x00,0x00,0x00,0x00,0x00,
  0x00,0x00,0x00,0x00,0x00,0x00,0x00,0x00,0x00,0x00,0x00,0x00,0x00,0x00,0x00,0x00,0x00,0x00,0x00,0x00,
  0x00,0x00,0x00,0x00,0x00,0x00,0x00,0x00,0x00,0x00,0x00,0x00,0x00,0x00,0x00,0x00,0x00,0x0B,0xFF,0xFC,
  0x00,0x01,0xFF,0xFF,0x70,0x00,0x6F,0xFF,0xE1,0x00,0x0B,0xFF,0xF8,0x00,0x01,0xFF,0xFF,0x20,0x00,0x7F,
  0xFF,0xA0,0x00,0x0C,0xFF,0xF3,0x00,0x02,0xFF,0xFC,0x00,0x00,0x7F,0xFF,0x50,0x00,0x0C,0xFF,0xD0,0x00,
  0x00,0x00,0x00,0x00,0x00,0x00,0x00,0x00,0x01,0x87,0x00,0x00,0x00,0x00,0x00,0x00,0x01,0x8E,0xF8,0x00,
  0x00,0x00,0x00,0x00,0x01,0x8E,0xFF,0xF7,0x00,0x00,0x00,0x00,0x01,0x8E,0xFF,0xFD,0x60,0x00,0x00,0x00,
  0x01,0x7E,0xFF,0xFD,0x60,0x00,0x00,0x00,0x01,0x7E,0xFF,0xFD,0x60,0x00,0x00,0x00,0x01,0x7E,0xFF,0xFD,
  0x60,0x00,0x00,0x00,0x01,0x7E,0xFF,0xFD,0x50,0x00,0x00,0x00,0x00,0x7E,0xFF,0xFC,0x50,0x00,0x00,0x00,
  0x00,0x00,0xFF,0xFC,0x50,0x00,0x00,0x00,0x00,0x00,0x00,0xFF,0xE4,0x00,0x00,0x00,0x00,0x00,0x00,0x00,
  0xFF,0xFF,0xC4,0x00,0x00,0x00,0x00,0x00,0x00,0x19,0xFF,0xFF,0xC5,0x00,0x00,0x00,0x00,0x00,0x00,0x29,
  0xFF,0xFF,0xC5,0x00,0x00,0x00,0x00,0x00,0x00,0x29,0xFF,0xFF,0xD5,0x00,0x00,0x00,0x00,0x00,0x00,0x29,
  0xFF,0xFF,0xD6,0x00,0x00,0x00,0x00,0x00,0x00,0x29,0xFF,0xFF,0xD6,0x00,0x00,0x00,0x00,0x00,0x00,0x2A,
  0xFF,0xFF,0xD4,0x00,0x00,0x00,0x00,0x00,0x00,0x2A,0xFF,0xF8,0x00,0x00,0x00,0x00,0x00,0x00,0x00,0x2A,
  0xF8,0x00,0x00,0x00,0x00,0x00,0x00,0x00,0x00,0x34,0xEE,0xEE,0xEE,0xEE,0xEE,0xEE,0xEE,0xEE,0xEE,0xFF,
  0xFF,0xFF,0xFF,0xFF,0xFF,0xFF,0xFF,0xFF,0xFF,0xFF,0xFF,0xFF,0xFF,0xFF,0xFF,0xFF,0xFF,0x00,0x00,0x00,
  0x00,0x00,0x00,0x00,0x00,0x00,0x00,0x00,0x00,0x00,0x00,0x00,0x00,0x00,0x00,0x00,0x00,0x00,0x00,0x00,
  0x00,0x00,0x00,0x00,0x00,0x00,0x00,0x00,0x00,0x00,0x00,0x00,0x00,0x00,0x00,0x00,0x00,0x00,0x00,0x00,
  0x00,0x00,0x00,0x00,0x00,0x00,0x00,0x00,0x00,0x00,0x00,0xEE,0xEE,0xEE,0xEE,0xEE,0xEE,0xEE,0xEE,0xEE,
  0xFF,0xFF,0xFF,0xFF,0xFF,0xFF,0xFF,0xFF,0xFF,0xFF,0xFF,0xFF,0xFF,0xFF,0xFF,0xFF,0xFF,0xFF,0xC5,0x00,
  0x00,0x00,0x00,0x00,0x00,0x00,0x00,0xFF,0xC4,0x00,0x00,0x00,0x00,0x00,0x00,0x00,0xFF,0xFF,0xC4,0x00,
  0x00,0x00,0x00,0x00,0x00,0x4C,0xFF,0xFF,0xB4,0x00,0x00,0x00,0x00,0x00,0x00,0x4B,0xFF,0xFF,0xB4,0x00,
  0x00,0x00,0x00,0x00,0x00,0x4B,0xFF,0xFF,0xB3,0x00,0x00,0x00,0x00,0x00,0x00,0x3B,0xFF,0xFF,0xB3,0x00,
  0x00,0x00,0x00,0x00,0x00,0x3B,0xFF,0xFF,0xB3,0x00,0x00,0x00,0x00,0x00,0x00,0x3A,0xFF,0xFF,0xA2,0x00,
  0x00,0x00,0x00,0x00,0x00,0x3A,0xFF,0xF8,0x00,0x00,0x00,0x00,0x00,0x00,0x01,0x9F,0xF8,0x00,0x00,0x00,
  0x00,0x00,0x01,0x7E,0xFF,0xF7,0x00,0x00,0x00,0x00,0x01,0x7E,0xFF,0xFC,0x50,0x00,0x00,0x00,0x01,0x7E,
  0xFF,0xFC,0x50,0x00,0x00,0x00,0x01,0x8E,0xFF,0xFD,0x50,0x00,0x00,0x00,0x01,0x8E,0xFF,0xFD,0x50,0x00,
  0x00,0x00,0x01,0x8E,0xFF,0xFD,0x60,0x00,0x00,0x00,0x00,0x9F,0xFF,0xFD,0x60,0x00,0x00,0x00,0x00,0x00,
  0xFF,0xFD,0x60,0x00,0x00,0x00,0x00,0x00,0x00,0xFD,0x60,0x00,0x00,0x00,0x00,0x00,0x00,0x00,0x60,0x00,
  0x00,0x00,0x00,0x00,0x00,0x00,0x00,0x00,0x00,0x00,0x14,0x67,0x76,0x30,0x00,0x00,0x00,0x00,0x04,0xBF,
  0xFF,0xFF,0xFF,0xE9,0x20,0x00,0x00,0x1A,0xFF,0xFF,0xFF,0xFF,0xFF,0xFE,0x50,0x00,0x1C,0xFF,0xFF,0xC8,
  0x77,0xAE,0xFF,0xFF,0x50,0x09,0xFF,0xFE,0x50,0x00,0x00,0x1B,0xFF,0xFE,0x13,0xFF,0xFF,0x40,0x00,0x00,
  0x00,0x1D,0xFF,0xF7,0x8F,0xFF,0xA0,0x00,0x00,0x00,0x00,0x7F,0xFF,0xCC,0xFF,0xF6,0x00,0x00,0x00,0x00,
  0x03,0xFF,0xFE,0xEF,0xFF,0x30,0x00,0x00,0x00,0x00,0x3F,0xFF,0xF6,0x66,0x61,0x00,0x00,0x00,0x00,0x04,
  0xFF,0xFD,0x00,0x00,0x00,0x00,0x00,0x00,0x00,0x8F,0xFF,0xA0,0x00,0x00,0x00,0x00,0x00,0x00,0x1E,0xFF,
  0xF5,0x00,0x00,0x00,0x00,0x00,0x00,0x08,0xFF,0xFD,0x00,0x00,0x00,0x00,0x00,0x00,0x04,0xFF,0xFF,0x40,
  0x00,0x00,0x00,0x00,0x00,0x03,0xEF,0xFF,0x80,0x00,0x00,0x00,0x00,0x00,0x02,0xDF,0xFF,0xB0,0x00,0x00,
  0x00,0x00,0x00,0x01,0xDF,0xFF,0xC1,0x00,0x00,0x00,0x00,0x00,0x00,0xBF,0xFF,0xC1,0x00,0x00,0x00,0x00,
  0x00,0x00,0x7F,0xFF,0xC1,0x00,0x00,0x00,0x00,0x00,0x00,0x2F,0xFF,0xE2,0x00,0x00,0x00,0x00,0x00,0x00,
  0x07,0xFF,0xF8,0x00,0x00,0x00,0x00,0x00,0x00,0x00,0xCF,0xFF,0x30,0x00,0x00,0x00,0x00,0x00,0x00,0x0A,
  0xBB,0xB1,0x00,0x00,0x00,0x00,0x00,0x00,0x00,0x00,0x00,0x00,0x00,0x00,0x00,0x00,0x00,0x00,0x00,0x00,
  0x00,0x00,0x00,0x00,0x00,0x00,0x00,0x00,0x26,0x62,0x00,0x00,0x00,0x00,0x00,0x00,0x00,0x4E,0xFF,0xE4,
  0x00,0x00,0x00,0x00,0x00,0x00,0x0C,0xFF,0xFF,0xC0,0x00,0x00,0x00,0x00,0x00,0x00,0xEF,0xFF,0xFE,0x00,
  0x00,0x00,0x00,0x00,0x00,0x0C,0xFF,0xFF,0xC0,0x00,0x00,0x00,0x00,0x00,0x00,0x4E,0xFF,0xE4,0x00,0x00,
  0x00,0x00,0x00,0x00,0x00,0x26,0x62,0x00,0x00,0x00,0x00,0x00,0x00,0x00,0x00,0x00,0x00,0x04,0x8B,0xDE,
  0xFE,0xDB,0x73,0x00,0x00,0x00,0x00,0x00,0x00,0x00,0x00,0x00,0x02,0x9E,0xFF,0xFF,0xFF,0xFF,0xFF,0xFD,
  0x50,0x00,0x00,0x00,0x00,0x00,0x00,0x00,0x2A,0xFF,0xFF,0xFF,0xFE,0xEF,0xFF,0xFF,0xFF,0xC2,0x00,0x00,
  0x00,0x00,0x00,0x00,0x6E,0xFF,0xFF,0xB6,0x31,0x00,0x01,0x58,0xEF,0xFF,0xE4,0x00,0x00,0x00,0x00,0x00,
  0x9F,0xFF,0xF9,0x20,0x00,0x00,0x00,0x00,0x01,0x7E,0xFF,0xF4,0x00,0x00,0x00,0x00,0xBF,0xFF,0xB2,0x00,
  0x00,0x00,0x00,0x00,0x00,0x00,0x2C,0xFF,0xE2,0x00,0x00,0x00,0xAF,0xFF,0x70,0x00,0x00,0x00,0x00,0x00,
  0x00,0x00,0x00,0x1D,0xFF,0xB0,0x00,0x00,0x7F,0xFF,0x40,0x00,0x00,0x00,0x00,0x00,0x00,0x00,0x00,0x00,
  0x2E,0xFF,0x40,0x00,0x2F,0xFF,0x50,0x00,0x00,0x01,0x6A,0xCD,0xC9,0x20,0x12,0x21,0x00,0x7F,0xFB,0x00,
  0x0B,0xFF,0x90,0x00,0x00,0x06,0xEF,0xFF,0xFF,0xFE,0x2C,0xFF,0xB0,0x01,0xEF,0xF1,0x03,0xFF,0xE1,0x00,
  0x00,0x08,0xFF,0xFF,0xFF,0xFF,0xF8,0xFF,0xF7,0x00,0x09,0xFF,0x50,0xAF,0xF6,0x00,0x00,0x08,0xFF,0xFF,
  0x82,0x02,0x9F,0xEF,0xFF,0x40,0x00,0x5F,0xF9,0x1F,0xFE,0x10,0x00,0x03,0xFF,0xFF,0x40,0x00,0x00,0xBF,
  0xFF,0xF0,0x00,0x03,0xFF,0xA5,0xFF,0x90,0x00,0x00,0xCF,0xFF,0x70,0x00,0x00,0x06,0xFF,0xFB,0x00,0x00,
  0x1F,0xFB,0x9F,0xF5,0x00,0x00,0x4F,0xFF,0xD0,0x00,0x00,0x00,0x6F,0xFF,0x80,0x00,0x00,0xFF,0xCB,0xFF,
  0x20,0x00,0x09,0xFF,0xF8,0x00,0x00,0x00,0x07,0xFF,0xF4,0x00,0x00,0x1F,0xFC,0xDF,0xF0,0x00,0x00,0xDF,
  0xFF,0x40,0x00,0x00,0x00,0xAF,0xFF,0x10,0x00,0x02,0xFF,0xBE,0xFD,0x00,0x00,0x0F,0xFF,0xF1,0x00,0x00,
  0x00,0x0E,0xFF,0xC0,0x00,0x00,0x4F,0xF9,0xFF,0xD0,0x00,0x01,0xFF,0xFF,0x00,0x00,0x00,0x03,0xFF,0xF8,
  0x00,0x00,0x07,0xFF,0x5F,0xFE,0x00,0x00,0x2F,0xFF,0xF0,0x00,0x00,0x00,0x9F,0xFF,0x40,0x00,0x00,0xDF,
  0xF1,0xEF,0xF0,0x00,0x01,0xFF,0xFF,0x20,0x00,0x00,0x3F,0xFF,0xF1,0x00,0x00,0x6F,0xF9,0x0C,0xFF,0x20,
  0x00,0x0D,0xFF,0xF7,0x00,0x00,0x1C,0xFF,0xFF,0x00,0x00,0x3E,0xFE,0x20,0xAF,0xF5,0x00,0x00,0x8F,0xFF,
  0xE5,0x00,0x4D,0xFD,0xFF,0xF5,0x01,0x6E,0xFF,0x50,0x06,0xFF,0x90,0x00,0x01,0xEF,0xFF,0xFF,0xFF,0xFC,
  0x5F,0xFF,0xFE,0xFF,0xFF,0x50,0x00,0x2F,0xFE,0x10,0x00,0x03,0xDF,0xFF,0xFF,0xFD,0x30,0x9F,0xFF,0xFF,
  0xFB,0x20,0x00,0x00,0xBF,0xF8,0x00,0x00,0x01,0x7C,0xEE,0xC7,0x10,0x00,0x38,0x99,0x72,0x00,0x00,0x00,
  0x04,0xFF,0xF4,0x00,0x00,0x00,0x00,0x00,0x00,0x00,0x00,0x00,0x00,0x00,0x00,0x00,0x00,0x0A,0xFF,0xE2,
  0x00,0x00,0x00,0x00,0x00,0x00,0x00,0x00,0x00,0x04,0x00,0x00,0x00,0x00,0x1D,0xFF,0xE5,0x00,0x00,0x00,
  0x00,0x00,0x00,0x00,0x00,0x3C,0xF1,0x00,0x00,0x00,0x00,0x2E,0xFF,0xFA,0x20,0x00,0x00,0x00,0x00,0x00,
  0x05,0xBF,0xFF,0x70,0x00,0x00,0x00,0x00,0x2C,0xFF,0xFF,0xB7,0x31,0x00,0x01,0x36,0xAE,0xFF,0xFF,0x70,
  0x00,0x00,0x00,0x00,0x00,0x08,0xFF,0xFF,0xFF,0xFF,0xEF,0xFF,0xFF,0xFF,0xFA,0x20,0x00,0x00,0x00,0x00,
  0x00,0x00,0x02,0x9F,0xFF,0xFF,0xFF,0xFF,0xFF,0xFE,0x92,0x00,0x00,0x00,0x00,0x00,0x00,0x00,0x00,0x00,
  0x15,0x9C,0xDE,0xFE,0xDB,0x84,0x00,0x00,0x00,0x00,0x00,0x00,0x00,0x00,0x00,0x00,0x00,0x1E,0xFF,0xFF,
  0x70,0x00,0x00,0x00,0x00,0x00,0x00,0x00,0x00,0x00,0x05,0xFF,0xFF,0xFC,0x00,0x00,0x00,0x00,0x00,0x00,
  0x00,0x00,0x00,0x00,0xBF,0xFF,0xFF,0xF2,0x00,0x00,0x00,0x00,0x00,0x00,0x00,0x00,0x00,0x1F,0xFF,0x9F,
  0xFF,0x80,0x00,0x00,0x00,0x00,0x00,0x00,0x00,0x00,0x07,0xFF,0xF1,0xCF,0xFD,0x00,0x00,0x00,0x00,0x00,
  0x00,0x00,0x00,0x00,0xCF,0xFB,0x07,0xFF,0xF3,0x00,0x00,0x00,0x00,0x00,0x00,0x00,0x00,0x3F,0xFF,0x60,
  0x2F,0xFF,0x80,0x00,0x00,0x00,0x00,0x00,0x00,0x00,0x08,0xFF,0xE1,0x00,0xCF,0xFE,0x00,0x00,0x00,0x00,
  0x00,0x00,0x00,0x00,0xDF,0xFA,0x00,0x07,0xFF,0xF4,0x00,0x00,0x00,0x00,0x00,0x00,0x00,0x4F,0xFF,0x40,
  0x00,0x2F,0xFF,0x90,0x00,0x00,0x00,0x00,0x00,0x00,0x09,0xFF,0xE0,0x00,0x00,0xCF,0xFE,0x00,0x00,0x00,
  0x00,0x00,0x00,0x01,0xEF,0xF9,0x00,0x00,0x07,0xFF,0xF5,0x00,0x00,0x00,0x00,0x00,0x00,0x5F,0xFF,0x30,
  0x00,0x00,0x2F,0xFF,0xA0,0x00,0x00,0x00,0x00,0x00,0x0B,0xFF,0xD0,0x00,0x00,0x00,0xCF,0xFE,0x10,0x00,
  0x00,0x00,0x00,0x01,0xFF,0xF8,0x00,0x00,0x00,0x07,0xFF,0xF5,0x00,0x00,0x00,0x00,0x00,0x7F,0xFF,0x20,
  0x00,0x00,0x00,0x2F,0xFF,0xB0,0x00,0x00,0x00,0x00,0x0C,0xFF,0xFE,0xEE,0xEE,0xEE,0xEE,0xFF,0xFF,0x10,
  0x00,0x00,0x00,0x03,0xFF,0xFF,0xFF,0xFF,0xFF,0xFF,0xFF,0xFF,0xF6,0x00,0x00,0x00,0x00,0x8F,0xFF,0xFF,
  0xFF,0xFF,0xFF,0xFF,0xFF,0xFF,0xB0,0x00,0x00,0x00,0x0D,0xFF,0xB0,0x00,0x00,0x00,0x00,0x00,0xCF,0xFF,
  0x20,0x00,0x00,0x04,0xFF,0xF6,0x00,0x00,0x00,0x00,0x00,0x07,0xFF,0xF7,0x00,0x00,0x00,0x9F,0xFF,0x10,
  0x00,0x00,0x00,0x00,0x00,0x2F,0xFF,0xC0,0x00,0x00,0x1E,0xFF,0xB0,0x00,0x00,0x00,0x00,0x00,0x00,0xCF,
  0xFF,0x20,0x00,0x05,0xFF,0xF6,0x00,0x00,0x00,0x00,0x00,0x00,0x07,0xFF,0xF7,0x00,0x00,0xBF,0xFF,0x20,
  0x00,0x00,0x00,0x00,0x00,0x00,0x2F,0xFF,0xD0,0x00,0x1F,0xFF,0xC0,0x00,0x00,0x00,0x00,0x00,0x00,0x00,
  0xCF,0xFF,0x30,0x07,0xFF,0xF7,0x00,0x00,0x00,0x00,0x00,0x00,0x00,0x07,0xFF,0xF8,0x00,0xCF,0xFF,0x20,
  0x00,0x00,0x00,0x00,0x00,0x00,0x00,0x2F,0xFF,0xD0,0x3F,0xFF,0xC0,0x00,0x00,0x00,0x00,0x00,0x00,0x00,
  0x00,0xCF,0xFF,0x48,0xFF,0xF7,0x00,0x00,0x00,0x00,0x00,0x00,0x00,0x00,0x07,0xFF,0xF9,0xFF,0xFF,0xFF,
  0xFF,0xFF,0xFE,0xDA,0x72,0x00,0x00,0x00,0xFF,0xFF,0xFF,0xFF,0xFF,0xFF,0xFF,0xFF,0xB2,0x00,0x00,0xFF,
  0xFF,0xEE,0xEE,0xEE,0xEF,0xFF,0xFF,0xFE,0x40,0x00,0xFF,0xFF,0x20,0x00,0x00,0x00,0x28,0xEF,0xFF,0xE2,
  0x00,0xFF,0xFF,0x20,0x00,0x00,0x00,0x00,0x2E,0xFF,0xF9,0x00,0xFF,0xFF,0x20,0x00,0x00,0x00,0x00,0x07,
  0xFF,0xFD,0x00,0xFF,0xFF,0x20,0x00,0x00,0x00,0x00,0x02,0xFF,0xFF,0x10,0xFF,0xFF,0x20,0x00,0x00,0x00,
  0x00,0x00,0xFF,0xFF,0x20,0xFF,0xFF,0x20,0x00,0x00,0x00,0x00,0x01,0xFF,0xFF,0x10,0xFF,0xFF,0x20,0x00,
  0x00,0x00,0x00,0x04,0xFF,0xFD,0x00,0xFF,0xFF,0x20,0x00,0x00,0x00,0x00,0x0A,0xFF,0xF7,0x00,0xFF,0xFF,
  0x20,0x00,0x00,0x00,0x00,0x6F,0xFF,0xC0,0x00,0xFF,0xFF,0x20,0x00,0x00,0x12,0x5A,0xFF,0xFC,0x10,0x00,
  0xFF,0xFF,0xFF,0xFF,0xFF,0xFF,0xFF,0xFD,0x60,0x00,0x00,0xFF,0xFF,0xFF,0xFF,0xFF,0xFF,0xFF,0xFC,0x82,
  0x00,0x00,0xFF,0xFF,0xEE,0xEE,0xEE,0xEF,0xFF,0xFF,0xFF,0x80,0x00,0xFF,0xFF,0x20,0x00,0x00,0x00,0x25,
  0xBF,0xFF,0xF9,0x00,0xFF,0xFF,0x20,0x00,0x00,0x00,0x00,0x07,0xFF,0xFF,0x50,0xFF,0xFF,0x20,0x00,0x00,
  0x00,0x00,0x00,0xBF,0xFF,0xB0,0xFF,0xFF,0x20,0x00,0x00,0x00,0x00,0x00,0x4F,0xFF,0xE0,0xFF,0xFF,0x20,
  0x00,0x00,0x00,0x00,0x00,0x1F,0xFF,0xF1,0xFF,0xFF,0x20,0x00,0x00,0x00,0x00,0x00,0x0F,0xFF,0xF2,0xFF,
  0xFF,0x20,0x00,0x00,0x00,0x00,0x00,0x1F,0xFF,0xF1,0xFF,0xFF,0x20,0x00,0x00,0x00,0x00,0x00,0x4F,0xFF,
  0xD0,0xFF,0xFF,0x20,0x00,0x00,0x00,0x00,0x00,0xAF,0xFF,0x90,0xFF,0xFF,0x20,0x00,0x00,0x00,0x00,0x06,
  0xFF,0xFF,0x20,0xFF,0xFF,0x20,0x00,0x00,0x00,0x04,0xAF,0xFF,0xF7,0x00,0xFF,0xFF,0xEE,0xEE,0xEE,0xEE,
  0xFF,0xFF,0xFF,0x70,0x00,0xFF,0xFF,0xFF,0xFF,0xFF,0xFF,0xFF,0xFF,0xC4,0x00,0x00,0xFF,0xFF,0xFF,0xFF,
  0xFF,0xFE,0xDB,0x83,0x00,0x00,0x00,0x00,0x00,0x00,0x00,0x00,0x14,0x67,0x76,0x53,0x00,0x00,0x00,0x00,
  0x00,0x00,0x00,0x00,0x06,0xBF,0xFF,0xFF,0xFF,0xFE,0xA4,0x00,0x00,0x00,0x00,0x00,0x00,0x5D,0xFF,0xFF,
  0xFF,0xFF,0xFF,0xFF,0xFC,0x20,0x00,0x00,0x00,0x00,0x9F,0xFF,0xFF,0xC9,0x76,0x7A,0xEF,0xFF,0xFE,0x40,
  0x00,0x00,0x00,0xAF,0xFF,0xFA,0x20,0x00,0x00,0x00,0x5D,0xFF,0xFE,0x30,0x00,0x00,0x8F,0xFF,0xF5,0x00,
  0x00,0x00,0x00,0x00,0x1C,0xFF,0xFD,0x00,0x00,0x4F,0xFF,0xF4,0x00,0x00,0x00,0x00,0x00,0x00,0x1D,0xFF,
  0xF7,0x00,0x0D,0xFF,0xF8,0x00,0x00,0x00,0x00,0x00,0x00,0x00,0x5F,0xFF,0xD0,0x06,0xFF,0xFD,0x00,0x00,
  0x00,0x00,0x00,0x00,0x00,0x00,0xDF,0xFF,0x30,0xCF,0xFF,0x60,0x00,0x00,0x00,0x00,0x00,0x00,0x00,0x08,
  0xFF,0xF6,0x3F,0xFF,0xE1,0x00,0x00,0x00,0x00,0x00,0x00,0x00,0x00,0x4F,0xFF,0x96,0xFF,0xFB,0x00,0x00,
  0x00,0x00,0x00,0x00,0x00,0x00,0x00,0x00,0x00,0xAF,0xFF,0x70,0x00,0x00,0x00,0x00,0x00,0x00,0x00,0x00,
  0x00,0x00,0x0C,0xFF,0xF5,0x00,0x00,0x00,0x00,0x00,0x00,0x00,0x00,0x00,0x00,0x00,0xDF,0xFF,0x30,0x00,
  0x00,0x00,0x00,0x00,0x00,0x00,0x00,0x00,0x00,0x0E,0xFF,0xF3,0x00,0x00,0x00,0x00,0x00,0x00,0x00,0x00,
  0x00,0x00,0x00,0xFF,0xFF,0x30,0x00,0x00,0x00,0x00,0x00,0x00,0x00,0x00,0x00,0x00,0x0E,0xFF,0xF4,0x00,
  0x00,0x00,0x00,0x00,0x00,0x00,0x00,0x00,0x00,0x00,0xDF,0xFF,0x50,0x00,0x00,0x00,0x00,0x00,0x00,0x00,
  0x00,0x00,0x00,0x0B,0xFF,0xF7,0x00,0x00,0x00,0x00,0x00,0x00,0x00,0x00,0x00,0x00,0x00,0x8F,0xFF,0xA0,
  0x00,0x00,0x00,0x00,0x00,0x00,0x00,0x00,0x00,0x00,0x04,0xFF,0xFE,0x10,0x00,0x00,0x00,0x00,0x00,0x00,
  0x00,0x08,0xFF,0xF5,0x1E,0xFF,0xF6,0x00,0x00,0x00,0x00,0x00,0x00,0x00,0x00,0xCF,0xFF,0x20,0x8F,0xFF,
  0xC0,0x00,0x00,0x00,0x00,0x00,0x00,0x00,0x2F,0xFF,0xE0,0x02,0xFF,0xFF,0x70,0x00,0x00,0x00,0x00,0x00,
  0x00,0x09,0xFF,0xF8,0x00,0x08,0xFF,0xFE,0x40,0x00,0x00,0x00,0x00,0x00,0x03,0xFF,0xFF,0x20,0x00,0x0C,
  0xFF,0xFE,0x40,0x00,0x00,0x00,0x00,0x03,0xEF,0xFF,0x80,0x00,0x00,0x2E,0xFF,0xFF,0x81,0x00,0x00,0x00,
  0x17,0xEF,0xFF,0xB0,0x00,0x00,0x00,0x3D,0xFF,0xFF,0xFB,0x87,0x78,0xBE,0xFF,0xFF,0xB1,0x00,0x00,0x00,
  0x00,0x1A,0xFF,0xFF,0xFF,0xFF,0xFF,0xFF,0xFF,0x70,0x00,0x00,0x00,0x00,0x00,0x03,0x9E,0xFF,0xFF,0xFF,
  0xFF,0xD7,0x10,0x00,0x00,0x00,0x00,0x00,0x00,0x00,0x03,0x57,0x77,0x64,0x10,0x00,0x00,0x00,0x00,0xFF,
  0xFF,0xFF,0xFF,0xFF,0xFE,0xDB,0x85,0x10,0x00,0x00,0x00,0x00,0xFF,0xFF,0xFF,0xFF,0xFF,0xFF,0xFF,0xFF,
  0xE9,0x20,0x00,0x00,0x00,0xFF,0xFF,0xEE,0xEE,0xEE,0xEF,0xFF,0xFF,0xFF,0xF8,0x00,0x00,0x00,0xFF,0xFF,
  0x20,0x00,0x00,0x00,0x14,0x8E,0xFF,0xFF,0xB1,0x00,0x00,0xFF,0xFF,0x20,0x00,0x00,0x00,0x00,0x01,0x7F,
  0xFF,0xFC,0x00,0x00,0xFF,0xFF,0x20,0x00,0x00,0x00,0x00,0x00,0x04,0xFF,0xFF,0x90,0x00,0xFF,0xFF,0x20,
  0x00,0x00,0x00,0x00,0x00,0x00,0x5F,0xFF,0xF4,0x00,0xFF,0xFF,0x20,0x00,0x00,0x00,0x00,0x00,0x00,0x0A,
  0xFF,0xFB,0x00,0xFF,0xFF,0x20,0x00,0x00,0x00,0x00,0x00,0x00,0x02,0xFF,0xFF,0x20,0xFF,0xFF,0x20,0x00,
  0x00,0x00,0x00,0x00,0x00,0x00,0xCF,0xFF,0x70,0xFF,0xFF,0x20,0x00,0x00,0x00,0x00,0x00,0x00,0x00,0x7F,
  0xFF,0xA0,0xFF,0xFF,0x20,0x00,0x00,0x00,0x00,0x00,0x00,0x00,0x4F,0xFF,0xE0,0xFF,0xFF,0x20,0x00,0x00,
  0x00,0x00,0x00,0x00,0x00,0x2F,0xFF,0xF0,0xFF,0xFF,0x20,0x00,0x00,0x00,0x00,0x00,0x00,0x00,0x1F,0xFF,
  0xF1,0xFF,0xFF,0x20,0x00,0x00,0x00,0x00,0x00,0x00,0x00,0x0F,0xFF,0xF2,0xFF,0xFF,0x20,0x00,0x00,0x00,
  0x00,0x00,0x00,0x00,0x1F,0xFF,0xF1,0xFF,0xFF,0x20,0x00,0x00,0x00,0x00,0x00,0x00,0x00,0x2F,0xFF,0xF0,
  0xFF,0xFF,0x20,0x00,0x00,0x00,0x00,0x00,0x00,0x00,0x3F,0xFF,0xE0,0xFF,0xFF,0x20,0x00,0x00,0x00,0x00,
  0x00,0x00,0x00,0x6F,0xFF,0xB0,0xFF,0xFF,0x20,0x00,0x00,0x00,0x00,0x00,0x00,0x00,0x9F,0xFF,0x80,0xFF,
  0xFF,0x20,0x00,0x00,0x00,0x00,0x00,0x00,0x00,0xEF,0xFF,0x40,0xFF,0xFF,0x20,0x00,0x00,0x00,0x00,0x00,
  0x00,0x05,0xFF,0xFD,0x00,0xFF,0xFF,0x20,0x00,0x00,0x00,0x00,0x00,0x00,0x0D,0xFF,0xF6,0x00,0xFF,0xFF,
  0x20,0x00,0x00,0x00,0x00,0x00,0x00,0x9F,0xFF,0xC0,0x00,0xFF,0xFF,0x20,0x00,0x00,0x00,0x00,0x00,0x07,
  0xFF,0xFF,0x30,0x00,0xFF,0xFF,0x20,0x00,0x00,0x00,0x00,0x02,0xAF,0xFF,0xF6,0x00,0x00,0xFF,0xFF,0x20,
  0x00,0x00,0x00,0x25,0x9F,0xFF,0xFF,0x60,0x00,0x00,0xFF,0xFF,0xEE,0xEE,0xEE,0xEF,0xFF,0xFF,0xFF,0xD3,
  0x00,0x00,0x00,0xFF,0xFF,0xFF,0xFF,0xFF,0xFF,0xFF,0xFF,0xD7,0x10,0x00,0x00,0x00,0xFF,0xFF,0xFF,0xFF,
  0xFF,0xFE,0xDB,0x74,0x00,0x00,0x00,0x00,0x00,0xFF,0xFF,0xFF,0xFF,0xFF,0xFF,0xFF,0xFF,0xFF,0xFF,0xFF,
  0xFF,0xFF,0xFF,0xFF,0xFF,0xFF,0xFF,0xFF,0xFF,0xFF,0xFF,0xEE,0xEE,0xEE,0xEE,0xEE,0xEE,0xEE,0xEE,0xFF,
  0xFF,0x20,0x00,0x00,0x00,0x00,0x00,0x00,0x00,0xFF,0xFF,0x20,0x00,0x00,0x00,0x00,0x00,0x00,0x00,0xFF,
  0xFF,0x20,0x00,0x00,0x00,0x00,0x00,0x00,0x00,0xFF,0xFF,0x20,0x00,0x00,0x00,0x00,0x00,0x00,0x00,0xFF,
  0xFF,0x20,0x00,0x00,0x00,0x00,0x00,0x00,0x00,0xFF,0xFF,0x20,0x00,0x00,0x00,0x00,0x00,0x00,0x00,0xFF,
  0xFF,0x20,0x00,0x00,0x00,0x00,0x00,0x00,0x00,0xFF,0xFF,0x20,0x00,0x00,0x00,0x00,0x00,0x00,0x00,0xFF,
  0xFF,0x20,0x00,0x00,0x00,0x00,0x00,0x00,0x00,0xFF,0xFF,0x20,0x00,0x00,0x00,0x00,0x00,0x00,0x00,0xFF,
  0xFF,0xEE,0xEE,0xEE,0xEE,0xEE,0xEE,0xEE,0x70,0xFF,0xFF,0xFF,0xFF,0xFF,0xFF,0xFF,0xFF,0xFF,0x80,0xFF,
  0xFF,0xFF,0xFF,0xFF,0xFF,0xFF,0xFF,0xFF,0x80,0xFF,0xFF,0x20,0x00,0x00,0x00,0x00,0x00,0x00,0x00,0xFF,
  0xFF,0x20,0x00,0x00,0x00,0x00,0x00,0x00,0x00,0xFF,0xFF,0x20,0x00,0x00,0x00,0x00,0x00,0x00,0x00,0xFF,
  0xFF,0x20,0x00,0x00,0x00,0x00,0x00,0x00,0x00,0xFF,0xFF,0x20,0x00,0x00,0x00,0x00,0x00,0x00,0x00,0xFF,
  0xFF,0x20,0x00,0x00,0x00,0x00,0x00,0x00,0x00,0xFF,0xFF,0x20,0x00,0x00,0x00,0x00,0x00,0x00,0x00,0xFF,
  0xFF,0x20,0x00,0x00,0x00,0x00,0x00,0x00,0x00,0xFF,0xFF,0x20,0x00,0x00,0x00,0x00,0x00,0x00,0x00,0xFF,
  0xFF,0x20,0x00,0x00,0x00,0x00,0x00,0x00,0x00,0xFF,0xFF,0x20,0x00,0x00,0x00,0x00,0x00,0x00,0x00,0xFF,
  0xFF,0xEE,0xEE,0xEE,0xEE,0xEE,0xEE,0xEE,0xEE,0xFF,0xFF,0xFF,0xFF,0xFF,0xFF,0xFF,0xFF,0xFF,0xFF,0xFF,
  0xFF,0xFF,0xFF,0xFF,0xFF,0xFF,0xFF,0xFF,0xFF,0xFF,0xFF,0xFF,0xFF,0xFF,0xFF,0xFF,0xFF,0xFF,0xFF,0xFF,
  0xFF,0xFF,0xFF,0xFF,0xFF,0xFF,0xFF,0xFF,0xFF,0xFF,0xFF,0xEE,0xEE,0xEE,0xEE,0xEE,0xEE,0xEE,0xEE,0xFF,
  0xFF,0x20,0x00,0x00,0x00,0x00,0x00,0x00,0x00,0xFF,0xFF,0x20,0x00,0x00,0x00,0x00,0x00,0x00,0x00,0xFF,
  0xFF,0x20,0x00,0x00,0x00,0x00,0x00,0x00,0x00,0xFF,0xFF,0x20,0x00,0x00,0x00,0x00,0x00,0x00,0x00,0xFF,
  0xFF,0x20,0x00,0x00,0x00,0x00,0x00,0x00,0x00,0xFF,0xFF,0x20,0x00,0x00,0x00,0x00,0x00,0x00,0x00,0xFF,
  0xFF,0x20,0x00,0x00,0x00,0x00,0x00,0x00,0x00,0xFF,0xFF,0x20,0x00,0x00,0x00,0x00,0x00,0x00,0x00,0xFF,
  0xFF,0x20,0x00,0x00,0x00,0x00,0x00,0x00,0x00,0xFF,0xFF,0x20,0x00,0x00,0x00,0x00,0x00,0x00,0x00,0xFF,
  0xFF,0xEE,0xEE,0xEE,0xEE,0xEE,0xEE,0xEE,0x00,0xFF,0xFF,0xFF,0xFF,0xFF,0xFF,0xFF,0xFF,0xFF,0x00,0xFF,
  0xFF,0xFF,0xFF,0xFF,0xFF,0xFF,0xFF,0xFF,0x00,0xFF,0xFF,0x20,0x00,0x00,0x00,0x00,0x00,0x00,0x00,0xFF,
  0xFF,0x20,0x00,0x00,0x00,0x00,0x00,0x00,0x00,0xFF,0xFF,0x20,0x00,0x00,0x00,0x00,0x00,0x00,0x00,0xFF,
  0xFF,0x20,0x00,0x00,0x00,0x00,0x00,0x00,0x00,0xFF,0xFF,0x20,0x00,0x00,0x00,0x00,0x00,0x00,0x00,0xFF,
  0xFF,0x20,0x00,0x00,0x00,0x00,0x00,0x00,0x00,0xFF,0xFF,0x20,0x00,0x00,0x00,0x00,0x00,0x00,0x00,0xFF,
  0xFF,0x20,0x00,0x00,0x00,0x00,0x00,0x00,0x00,0xFF,0xFF,0x20,0x00,0x00,0x00,0x00,0x00,0x00,0x00,0xFF,
  0xFF,0x20,0x00,0x00,0x00,0x00,0x00,0x00,0x00,0xFF,0xFF,0x20,0x00,0x00,0x00,0x00,0x00,0x00,0x00,0xFF,
  0xFF,0x20,0x00,0x00,0x00,0x00,0x00,0x00,0x00,0xFF,0xFF,0x20,0x00,0x00,0x00,0x00,0x00,0x00,0x00,0xFF,
  0xFF,0x20,0x00,0x00,0x00,0x00,0x00,0x00,0x00,0x00,0x00,0x00,0x00,0x00,0x14,0x67,0x76,0x52,0x00,0x00,
  0x00,0x00,0x00,0x00,0x00,0x00,0x16,0xCF,0xFF,0xFF,0xFF,0xFE,0xA3,0x00,0x00,0x00,0x00,0x00,0x00,0x5E,
  0xFF,0xFF,0xFF,0xFF,0xFF,0xFF,0xFA,0x10,0x00,0x00,0x00,0x00,0x9F,0xFF,0xFF,0xC9,0x76,0x7A,0xDF,0xFF,
  0xFD,0x20,0x00,0x00,0x00,0xAF,0xFF,0xFA,0x20,0x00,0x00,0x00,0x4C,0xFF,0xFD,0x20,0x00,0x00,0x8F,0xFF,
  0xF5,0x00,0x00,0x00,0x00,0x00,0x0A,0xFF,0xFA,0x00,0x00,0x4F,0xFF,0xF5,0x00,0x00,0x00,0x00,0x00,0x00,
  0x0C,0xFF,0xF4,0x00,0x0D,0xFF,0xF8,0x00,0x00,0x00,0x00,0x00,0x00,0x00,0x2F,0xFF,0xA0,0x06,0xFF,0xFD,
  0x00,0x00,0x00,0x00,0x00,0x00,0x00,0x00,0xAF,0xFF,0x00,0xDF,0xFF,0x60,0x00,0x00,0x00,0x00,0x00,0x00,
  0x00,0x06,0xFF,0xF3,0x3F,0xFF,0xE1,0x00,0x00,0x00,0x00,0x00,0x00,0x00,0x00,0x1C,0xCC,0x46,0xFF,0xFB,
  0x00,0x00,0x00,0x00,0x00,0x00,0x00,0x00,0x00,0x00,0x00,0xAF,0xFF,0x70,0x00,0x00,0x00,0x00,0x00,0x00,
  0x00,0x00,0x00,0x00,0x0C,0xFF,0xF5,0x00,0x00,0x00,0x00,0x00,0x00,0x00,0x00,0x00,0x00,0x00,0xDF,0xFF,
  0x30,0x00,0x00,0x00,0x00,0x00,0x00,0x00,0x00,0x00,0x00,0x0E,0xFF,0xF3,0x00,0x00,0x00,0x00,0x00,0x00,
  0x00,0x00,0x00,0x00,0x00,0xFF,0xFF,0x30,0x00,0x00,0x00,0x00,0x07,0xEE,0xEE,0xEE,0xEE,0xEE,0x0E,0xFF,
  0xF4,0x00,0x00,0x00,0x00,0x00,0x8F,0xFF,0xFF,0xFF,0xFF,0xF0,0xDF,0xFF,0x50,0x00,0x00,0x00,0x00,0x08,
  0xFF,0xFF,0xFF,0xFF,0xFF,0x0B,0xFF,0xF7,0x00,0x00,0x00,0x00,0x00,0x00,0x00,0x00,0x07,0xFF,0xF0,0x8F,
  0xFF,0xA0,0x00,0x00,0x00,0x00,0x00,0x00,0x00,0x00,0x8F,0xFF,0x04,0xFF,0xFE,0x10,0x00,0x00,0x00,0x00,
  0x00,0x00,0x00,0x0B,0xFF,0xF0,0x1E,0xFF,0xF6,0x00,0x00,0x00,0x00,0x00,0x00,0x00,0x00,0xEF,0xFF,0x00,
  0x8F,0xFF,0xC0,0x00,0x00,0x00,0x00,0x00,0x00,0x00,0x5F,0xFF,0xF0,0x02,0xFF,0xFF,0x70,0x00,0x00,0x00,
  0x00,0x00,0x00,0x0D,0xFF,0xFF,0x00,0x08,0xFF,0xFE,0x40,0x00,0x00,0x00,0x00,0x00,0x09,0xFE,0xFF,0xF0,
  0x00,0x0C,0xFF,0xFE,0x40,0x00,0x00,0x00,0x00,0x08,0xFF,0x8F,0xFF,0x00,0x00,0x2E,0xFF,0xFF,0x91,0x00,
  0x00,0x00,0x3B,0xFF,0xF1,0xFF,0xF0,0x00,0x00,0x2D,0xFF,0xFF,0xFB,0x87,0x78,0xCF,0xFF,0xF7,0x0F,0xFF,
  0x00,0x00,0x00,0x19,0xFF,0xFF,0xFF,0xFF,0xFF,0xFF,0xF6,0x00,0xFF,0xF0,0x00,0x00,0x00,0x03,0x9E,0xFF,
  0xFF,0xFF,0xFE,0x92,0x00,0x0F,0xFF,0x00,0x00,0x00,0x00,0x00,0x03,0x57,0x77,0x53,0x00,0x00,0x00,0x00,
  0x00,0xFF,0xFF,0x20,0x00,0x00,0x00,0x00,0x00,0x00,0x02,0xFF,0xFF,0xFF,0xFF,0x20,0x00,0x00,0x00,0x00,
  0x00,0x00,0x02,0xFF,0xFF,0xFF,0xFF,0x20,0x00,0x00,0x00,0x00,0x00,0x00,0x02,0xFF,0xFF,0xFF,0xFF,0x20,
  0x00,0x00,0x00,0x00,0x00,0x00,0x02,0xFF,0xFF,0xFF,0xFF,0x20,0x00,0x00,0x00,0x00,0x00,0x00,0x02,0xFF,
  0xFF,0xFF,0xFF,0x20,0x00,0x00,0x00,0x00,0x00,0x00,0x02,0xFF,0xFF,0xFF,0xFF,0x20,0x00,0x00,0x00,0x00,
  0x00,0x00,0x02,0xFF,0xFF,0xFF,0xFF,0x20,0x00,0x00,0x00,0x00,0x00,0x00,0x02,0xFF,0xFF,0xFF,0xFF,0x20,
  0x00,0x00,0x00,0x00,0x00,0x00,0x02,0xFF,0xFF,0xFF,0xFF,0x20,0x00,0x00,0x00,0x00,0x00,0x00,0x02,0xFF,
  0xFF,0xFF,0xFF,0x20,0x00,0x00,0x00,0x00,0x00,0x00,0x02,0xFF,0xFF,0xFF,0xFF,0x20,0x00,0x00,0x00,0x00,
  0x00,0x00,0x02,0xFF,0xFF,0xFF,0xFF,0x20,0x00,0x00,0x00,0x00,0x00,0x00,0x02,0xFF,0xFF,0xFF,0xFF,0x20,
  0x00,0x00,0x00,0x00,0x00,0x00,0x02,0xFF,0xFF,0xFF,0xFF,0xEE,0xEE,0xEE,0xEE,0xEE,0xEE,0xEE,0xEE,0xFF,
  0xFF,0xFF,0xFF,0xFF,0xFF,0xFF,0xFF,0xFF,0xFF,0xFF,0xFF,0xFF,0xFF,0xFF,0xFF,0xFF,0xFF,0xFF,0xFF,0xFF,
  0xFF,0xFF,0xFF,0xFF,0xFF,0xFF,0xFF,0x20,0x00,0x00,0x00,0x00,0x00,0x00,0x02,0xFF,0xFF,0xFF,0xFF,0x20,
  0x00,0x00,0x00,0x00,0x00,0x00,0x02,0xFF,0xFF,0xFF,0xFF,0x20,0x00,0x00,0x00,0x00,0x00,0x00,0x02,0xFF,
  0xFF,0xFF,0xFF,0x20,0x00,0x00,0x00,0x00,0x00,0x00,0x02,0xFF,0xFF,0xFF,0xFF,0x20,0x00,0x00,0x00,0x00,
  0x00,0x00,0x02,0xFF,0xFF,0xFF,0xFF,0x20,0x00,0x00,0x00,0x00,0x00,0x00,0x02,0xFF,0xFF,0xFF,0xFF,0x20,
  0x00,0x00,0x00,0x00,0x00,0x00,0x02,0xFF,0xFF,0xFF,0xFF,0x20,0x00,0x00,0x00,0x00,0x00,0x00,0x02,0xFF,
  0xFF,0xFF,0xFF,0x20,0x00,0x00,0x00,0x00,0x00,0x00,0x02,0xFF,0xFF,0xFF,0xFF,0x20,0x00,0x00,0x00,0x00,
  0x00,0x00,0x02,0xFF,0xFF,0xFF,0xFF,0x20,0x00,0x00,0x00,0x00,0x00,0x00,0x02,0xFF,0xFF,0xFF,0xFF,0x20,
  0x00,0x00,0x00,0x00,0x00,0x00,0x02,0xFF,0xFF,0xFF,0xFF,0x20,0x00,0x00,0x00,0x00,0x00,0x00,0x02,0xFF,
  0xFF,0xFF,0xFF,0x2F,0xFF,0xF2,0xFF,0xFF,0x2F,0xFF,0xF2,0xFF,0xFF,0x2F,0xFF,0xF2,0xFF,0xFF,0x2F,0xFF,
  0xF2,0xFF,0xFF,0x2F,0xFF,0xF2,0xFF,0xFF,0x2F,0xFF,0xF2,0xFF,0xFF,0x2F,0xFF,0xF2,0xFF,0xFF,0x2F,0xFF,
  0xF2,0xFF,0xFF,0x2F,0xFF,0xF2,0xFF,0xFF,0x2F,0xFF,0xF2,0xFF,0xFF,0x2F,0xFF,0xF2,0xFF,0xFF,0x2F,0xFF,
  0xF2,0xFF,0xFF,0x2F,0xFF,0xF2,0xFF,0xFF,0x2F,0xFF,0xF2,0xFF,0xFF,0x2F,0xFF,0xF2,0x00,0x00,0x00,0x00,
  0x00,0x00,0x00,0x0F,0xFF,0xF2,0x00,0x00,0x00,0x00,0x00,0x00,0x00,0x0F,0xFF,0xF2,0x00,0x00,0x00,0x00,
  0x00,0x00,0x00,0x0F,0xFF,0xF2,0x00,0x00,0x00,0x00,0x00,0x00,0x00,0x0F,0xFF,0xF2,0x00,0x00,0x00,0x00,
  0x00,0x00,0x00,0x0F,0xFF,0xF2,0x00,0x00,0x00,0x00,0x00,0x00,0x00,0x0F,0xFF,0xF2,0x00,0x00,0x00,0x00,
  0x00,0x00,0x00,0x0F,0xFF,0xF2,0x00,0x00,0x00,0x00,0x00,0x00,0x00,0x0F,0xFF,0xF2,0x00,0x00,0x00,0x00,
  0x00,0x00,0x00,0x0F,0xFF,0xF2,0x00,0x00,0x00,0x00,0x00,0x00,0x00,0x0F,0xFF,0xF2,0x00,0x00,0x00,0x00,
  0x00,0x00,0x00,0x0F,0xFF,0xF2,0x00,0x00,0x00,0x00,0x00,0x00,0x00,0x0F,0xFF,0xF2,0x00,0x00,0x00,0x00,
  0x00,0x00,0x00,0x0F,0xFF,0xF2,0x00,0x00,0x00,0x00,0x00,0x00,0x00,0x0F,0xFF,0xF2,0x00,0x00,0x00,0x00,
  0x00,0x00,0x00,0x0F,0xFF,0xF2,0x00,0x00,0x00,0x00,0x00,0x00,0x00,0x0F,0xFF,0xF2,0x00,0x00,0x00,0x00,
  0x00,0x00,0x00,0x0F,0xFF,0xF2,0x00,0x00,0x00,0x00,0x00,0x00,0x00,0x0F,0xFF,0xF2,0x00,0x00,0x00,0x00,
  0x00,0x00,0x00,0x0F,0xFF,0xF2,0x44,0x44,0x10,0x00,0x00,0x00,0x00,0x0F,0xFF,0xF2,0xFF,0xFF,0x20,0x00,
  0x00,0x00,0x00,0x0F,0xFF,0xF2,0xFF,0xFF,0x20,0x00,0x00,0x00,0x00,0x0F,0xFF,0xF2,0xEF,0xFF,0x30,0x00,
  0x00,0x00,0x00,0x1F,0xFF,0xF1,0xCF,0xFF,0x50,0x00,0x00,0x00,0x00,0x4F,0xFF,0xF0,0x9F,0xFF,0x90,0x00,
  0x00,0x00,0x00,0x9F,0xFF,0xC0,0x4F,0xFF,0xE2,0x00,0x00,0x00,0x02,0xEF,0xFF,0x80,0x0B,0xFF,0xFD,0x20,
  0x00,0x00,0x2D,0xFF,0xFE,0x10,0x02,0xEF,0xFF,0xFB,0x76,0x7A,0xFF,0xFF,0xF4,0x00,0x00,0x3D,0xFF,0xFF,
  0xFF,0xFF,0xFF,0xFE,0x50,0x00,0x00,0x01,0x7E,0xFF,0xFF,0xFF,0xFE,0x81,0x00,0x00,0x00,0x00,0x00,0x36,
  0x77,0x65,0x20,0x00,0x00,0x00,0xFF,0xFF,0x20,0x00,0x00,0x00,0x00,0x00,0x00,0x5F,0xFF,0xE3,0xFF,0xFF,
  0x20,0x00,0x00,0x00,0x00,0x00,0x04,0xFF,0xFE,0x30,0xFF,0xFF,0x20,0x00,0x00,0x00,0x00,0x00,0x4E,0xFF,
  0xF4,0x00,0xFF,0xFF,0x20,0x00,0x00,0x00,0x00,0x03,0xEF,0xFF,0x50,0x00,0xFF,0xFF,0x20,0x00,0x00,0x00,
  0x00,0x2E,0xFF,0xF5,0x00,0x00,0xFF,0xFF,0x20,0x00,0x00,0x00,0x02,0xDF,0xFF,0x60,0x00,0x00,0xFF,0xFF,
  0x20,0x00,0x00,0x00,0x2D,0xFF,0xF7,0x00,0x00,0x00,0xFF,0xFF,0x20,0x00,0x00,0x01,0xDF,0xFF,0x80,0x00,
  0x00,0x00,0xFF,0xFF,0x20,0x00,0x00,0x1C,0xFF,0xF9,0x00,0x00,0x00,0x00,0xFF,0xFF,0x20,0x00,0x01,0xBF,
  0xFF,0xA0,0x00,0x00,0x00,0x00,0xFF,0xFF,0x20,0x00,0x0B,0xFF,0xFA,0x00,0x00,0x00,0x00,0x00,0xFF,0xFF,
  0x20,0x00,0xAF,0xFF,0xB0,0x00,0x00,0x00,0x00,0x00,0xFF,0xFF,0x20,0x09,0xFF,0xFC,0x10,0x00,0x00,0x00,
  0x00,0x00,0xFF,0xFF,0x20,0x8F,0xFF,0xC1,0x00,0x00,0x00,0x00,0x00,0x00,0xFF,0xFF,0x27,0xFF,0xFE,0x10,
  0x00,0x00,0x00,0x00,0x00,0x00,0xFF,0xFF,0x9F,0xFF,0xFF,0x80,0x00,0x00,0x00,0x00,0x00,0x00,0xFF,0xFF,
  0xFF,0xFF,0xFF,0xF6,0x00,0x00,0x00,0x00,0x00,0x00,0xFF,0xFF,0xFF,0xBA,0xFF,0xFF,0x40,0x00,0x00,0x00,
  0x00,0x00,0xFF,0xFF,0xFB,0x11,0xCF,0xFF,0xE2,0x00,0x00,0x00,0x00,0x00,0xFF,0xFF,0xC1,0x00,0x2E,0xFF,
  0xFD,0x10,0x00,0x00,0x00,0x00,0xFF,0xFF,0x30,0x00,0x04,0xFF,0xFF,0xB0,0x00,0x00,0x00,0x00,0xFF,0xFF,
  0x20,0x00,0x00,0x7F,0xFF,0xF9,0x00,0x00,0x00,0x00,0xFF,0xFF,0x20,0x00,0x00,0x09,0xFF,0xFF,0x70,0x00,
  0x00,0x00,0xFF,0xFF,0x20,0x00,0x00,0x00,0xCF,0xFF,0xF5,0x00,0x00,0x00,0xFF,0xFF,0x20,0x00,0x00,0x00,
  0x2E,0xFF,0xFE,0x30,0x00,0x00,0xFF,0xFF,0x20,0x00,0x00,0x00,0x03,0xFF,0xFF,0xD1,0x00,0x00,0xFF,0xFF,
  0x20,0x00,0x00,0x00,0x00,0x6F,0xFF,0xFC,0x10,0x00,0xFF,0xFF,0x20,0x00,0x00,0x00,0x00,0x08,0xFF,0xFF,
  0xA0,0x00,0xFF,0xFF,0x20,0x00,0x00,0x00,0x00,0x00,0xBF,0xFF,0xF8,0x00,0xFF,0xFF,0x20,0x00,0x00,0x00,
  0x00,0x00,0x1D,0xFF,0xFF,0x60,0xFF,0xFF,0x20,0x00,0x00,0x00,0x00,0x00,0x00,0x00,0xFF,0xFF,0x20,0x00,
  0x00,0x00,0x00,0x00,0x00,0x00,0xFF,0xFF,0x20,0x00,0x00,0x00,0x00,0x00,0x00,0x00,0xFF,0xFF,0x20,0x00,
  0x00,0x00,0x00,0x00,0x00,0x00,0xFF,0xFF,0x20,0x00,0x00,0x00,0x00,0x00,0x00,0x00,0xFF,0xFF,0x20,0x00,
  0x00,0x00,0x00,0x00,0x00,0x00,0xFF,0xFF,0x20,0x00,0x00,0x00,0x00,0x00,0x00,0x00,0xFF,0xFF,0x20,0x00,
  0x00,0x00,0x00,0x00,0x00,0x00,0xFF,0xFF,0x20,0x00,0x00,0x00,0x00,0x00,0x00,0x00,0xFF,0xFF,0x20,0x00,
  0x00,0x00,0x00,0x00,0x00,0x00,0xFF,0xFF,0x20,0x00,0x00,0x00,0x00,0x00,0x00,0x00,0xFF,0xFF,0x20,0x00,
  0x00,0x00,0x00,0x00,0x00,0x00,0xFF,0xFF,0x20,0x00,0x00,0x00,0x00,0x00,0x00,0x00,0xFF,0xFF,0x20,0x00,
  0x00,0x00,0x00,0x00,0x00,0x00,0xFF,0xFF,0x20,0x00,0x00,0x00,0x00,0x00,0x00,0x00,0xFF,0xFF,0x20,0x00,
  0x00,0x00,0x00,0x00,0x00,0x00,0xFF,0xFF,0x20,0x00,0x00,0x00,0x00,0x00,0x00,0x00,0xFF,0xFF,0x20,0x00,
  0x00,0x00,0x00,0x00,0x00,0x00,0xFF,0xFF,0x20,0x00,0x00,0x00,0x00,0x00,0x00,0x00,0xFF,0xFF,0x20,0x00,
  0x00,0x00,0x00,0x00,0x00,0x00,0xFF,0xFF,0x20,0x00,0x00,0x00,0x00,0x00,0x00,0x00,0xFF,0xFF,0x20,0x00,
  0x00,0x00,0x00,0x00,0x00,0x00,0xFF,0xFF,0x20,0x00,0x00,0x00,0x00,0x00,0x00,0x00,0xFF,0xFF,0x20,0x00,
  0x00,0x00,0x00,0x00,0x00,0x00,0xFF,0xFF,0x20,0x00,0x00,0x00,0x00,0x00,0x00,0x00,0xFF,0xFF,0x20,0x00,
  0x00,0x00,0x00,0x00,0x00,0x00,0xFF,0xFF,0x20,0x00,0x00,0x00,0x00,0x00,0x00,0x00,0xFF,0xFF,0xEE,0xEE,
  0xEE,0xEE,0xEE,0xEE,0xEE,0xEE,0xFF,0xFF,0xFF,0xFF,0xFF,0xFF,0xFF,0xFF,0xFF,0xFF,0xFF,0xFF,0xFF,0xFF,
  0xFF,0xFF,0xFF,0xFF,0xFF,0xFF,0xFF,0xFF,0xFF,0xA0,0x00,0x00,0x00,0x00,0x00,0x00,0x00,0x09,0xFF,0xFF,
  0xFF,0xFF,0xFF,0xFF,0xE1,0x00,0x00,0x00,0x00,0x00,0x00,0x00,0x0D,0xFF,0xFF,0xFF,0xFF,0xFF,0xFF,0xF5,
  0x00,0x00,0x00,0x00,0x00,0x00,0x00,0x3F,0xFF,0xFF,0xFF,0xFF,0xFF,0xEF,0xFA,0x00,0x00,0x00,0x00,0x00,
  0x00,0x00,0x8F,0xFE,0xFF,0xFF,0xFF,0xFF,0xBF,0xFE,0x00,0x00,0x00,0x00,0x00,0x00,0x00,0xDF,0xFA,0xFF,
  0xFF,0xFF,0xFF,0x6F,0xFF,0x40,0x00,0x00,0x00,0x00,0x00,0x02,0xFF,0xF5,0xFF,0xFF,0xFF,0xFF,0x2E,0xFF,
  0x90,0x00,0x00,0x00,0x00,0x00,0x07,0xFF,0xE2,0xFF,0xFF,0xFF,0xFF,0x2A,0xFF,0xE0,0x00,0x00,0x00,0x00,
  0x00,0x0C,0xFF,0x92,0xFF,0xFF,0xFF,0xFF,0x25,0xFF,0xF4,0x00,0x00,0x00,0x00,0x00,0x2F,0xFF,0x52,0xFF,
  0xFF,0xFF,0xFF,0x21,0xFF,0xF8,0x00,0x00,0x00,0x00,0x00,0x6F,0xFE,0x02,0xFF,0xFF,0xFF,0xFF,0x20,0xBF,
  0xFD,0x00,0x00,0x00,0x00,0x00,0xBF,0xFA,0x02,0xFF,0xFF,0xFF,0xFF,0x20,0x6F,0xFF,0x30,0x00,0x00,0x00,
  0x01,0xFF,0xF5,0x02,0xFF,0xFF,0xFF,0xFF,0x20,0x1F,0xFF,0x80,0x00,0x00,0x00,0x06,0xFF,0xF1,0x02,0xFF,
  0xFF,0xFF,0xFF,0x20,0x0B,0xFF,0xC0,0x00,0x00,0x00,0x0A,0xFF,0xA0,0x02,0xFF,0xFF,0xFF,0xFF,0x20,0x06,
  0xFF,0xF2,0x00,0x00,0x00,0x1F,0xFF,0x60,0x02,0xFF,0xFF,0xFF,0xFF,0x20,0x01,0xFF,0xF7,0x00,0x00,0x00,
  0x5F,0xFF,0x10,0x02,0xFF,0xFF,0xFF,0xFF,0x20,0x00,0xBF,0xFC,0x00,0x00,0x00,0xAF,0xFB,0x00,0x02,0xFF,
  0xFF,0xFF,0xFF,0x20,0x00,0x6F,0xFF,0x20,0x00,0x00,0xEF,0xF6,0x00,0x02,0xFF,0xFF,0xFF,0xFF,0x20,0x00,
  0x1F,0xFF,0x60,0x00,0x04,0xFF,0xF1,0x00,0x02,0xFF,0xFF,0xFF,0xFF,0x20,0x00,0x0B,0xFF,0xB0,0x00,0x09,
  0xFF,0xB0,0x00,0x02,0xFF,0xFF,0xFF,0xFF,0x20,0x00,0x06,0xFF,0xF1,0x00,0x0E,0xFF,0x60,0x00,0x02,0xFF,
  0xFF,0xFF,0xFF,0x20,0x00,0x01,0xFF,0xF6,0x00,0x3F,0xFF,0x10,0x00,0x02,0xFF,0xFF,0xFF,0xFF,0x20,0x00,
  0x00,0xBF,0xFA,0x00,0x8F,0xFB,0x00,0x00,0x02,0xFF,0xFF,0xFF,0xFF,0x20,0x00,0x00,0x6F,0xFF,0x10,0xDF,
  0xF6,0x00,0x00,0x02,0xFF,0xFF,0xFF,0xFF,0x20,0x00,0x00,0x2F,0xFF,0x53,0xFF,0xF1,0x00,0x00,0x02,0xFF,
  0xFF,0xFF,0xFF,0x20,0x00,0x00,0x0B,0xFF,0xA8,0xFF,0xB0,0x00,0x00,0x02,0xFF,0xFF,0xFF,0xFF,0x20,0x00,
  0x00,0x06,0xFF,0xED,0xFF,0x60,0x00,0x00,0x02,0xFF,0xFF,0xFF,0xFF,0x20,0x00,0x00,0x02,0xFF,0xFF,0xFF,
  0x10,0x00,0x00,0x02,0xFF,0xFF,0xFF,0xFF,0x20,0x00,0x00,0x00,0xCF,0xFF,0xFB,0x00,0x00,0x00,0x02,0xFF,
  0xFF,0xFF,0xFF,0x20,0x00,0x00,0x00,0x7F,0xFF,0xF6,0x00,0x00,0x00,0x02,0xFF,0xFF,0xFF,0xFF,0xFF,0x60,
  0x00,0x00,0x00,0x00,0x00,0x02,0xFF,0xFF,0xFF,0xFF,0xFF,0xE1,0x00,0x00,0x00,0x00,0x00,0x02,0xFF,0xFF,
  0xFF,0xFF,0xFF,0xF7,0x00,0x00,0x00,0x00,0x00,0x02,0xFF,0xFF,0xFF,0xFF,0xFF,0xFE,0x10,0x00,0x00,0x00,
  0x00,0x02,0xFF,0xFF,0xFF,0xFF,0x8F,0xFF,0x80,0x00,0x00,0x00,0x00,0x02,0xFF,0xFF,0xFF,0xFF,0x2D,0xFF,
  0xE1,0x00,0x00,0x00,0x00,0x02,0xFF,0xFF,0xFF,0xFF,0x26,0xFF,0xF8,0x00,0x00,0x00,0x00,0x02,0xFF,0xFF,
  0xFF,0xFF,0x20,0xDF,0xFE,0x20,0x00,0x00,0x00,0x02,0xFF,0xFF,0xFF,0xFF,0x20,0x5F,0xFF,0x90,0x00,0x00,
  0x00,0x02,0xFF,0xFF,0xFF,0xFF,0x20,0x0C,0xFF,0xF2,0x00,0x00,0x00,0x02,0xFF,0xFF,0xFF,0xFF,0x20,0x04,
  0xFF,0xF9,0x00,0x00,0x00,0x02,0xFF,0xFF,0xFF,0xFF,0x20,0x00,0xCF,0xFF,0x20,0x00,0x00,0x02,0xFF,0xFF,
  0xFF,0xFF,0x20,0x00,0x4F,0xFF,0xA0,0x00,0x00,0x02,0xFF,0xFF,0xFF,0xFF,0x20,0x00,0x0B,0xFF,0xF3,0x00,
  0x00,0x02,0xFF,0xFF,0xFF,0xFF,0x20,0x00,0x03,0xFF,0xFB,0x00,0x00,0x02,0xFF,0xFF,0xFF,0xFF,0x20,0x00,
  0x00,0xAF,0xFF,0x30,0x00,0x02,0xFF,0xFF,0xFF,0xFF,0x20,0x00,0x00,0x3F,0xFF,0xB0,0x00,0x02,0xFF,0xFF,
  0xFF,0xFF,0x20,0x00,0x00,0x0A,0xFF,0xF4,0x00,0x02,0xFF,0xFF,0xFF,0xFF,0x20,0x00,0x00,0x02,0xFF,0xFC,
  0x00,0x02,0xFF,0xFF,0xFF,0xFF,0x20,0x00,0x00,0x00,0x9F,0xFF,0x50,0x02,0xFF,0xFF,0xFF,0xFF,0x20,0x00,
  0x00,0x00,0x2F,0xFF,0xC0,0x02,0xFF,0xFF,0xFF,0xFF,0x20,0x00,0x00,0x00,0x08,0xFF,0xF5,0x02,0xFF,0xFF,
  0xFF,0xFF,0x20,0x00,0x00,0x00,0x01,0xEF,0xFD,0x02,0xFF,0xFF,0xFF,0xFF,0x20,0x00,0x00,0x00,0x00,0x8F,
  0xFF,0x62,0xFF,0xFF,0xFF,0xFF,0x20,0x00,0x00,0x00,0x00,0x1E,0xFF,0xD2,0xFF,0xFF,0xFF,0xFF,0x20,0x00,
  0x00,0x00,0x00,0x07,0xFF,0xF8,0xFF,0xFF,0xFF,0xFF,0x20,0x00,0x00,0x00,0x00,0x01,0xEF,0xFF,0xFF,0xFF,
  0xFF,0xFF,0x20,0x00,0x00,0x00,0x00,0x00,0x6F,0xFF,0xFF,0xFF,0xFF,0xFF,0x20,0x00,0x00,0x00,0x00,0x00,
  0x0D,0xFF,0xFF,0xFF,0xFF,0xFF,0x20,0x00,0x00,0x00,0x00,0x00,0x06,0xFF,0xFF,0xFF,0x00,0x00,0x00,0x00,
  0x00,0x14,0x67,0x77,0x64,0x10,0x00,0x00,0x00,0x00,0x00,0x00,0x00,0x00,0x17,0xCF,0xFF,0xFF,0xFF,0xFF,
  0xC7,0x10,0x00,0x00,0x00,0x00,0x00,0x00,0x7E,0xFF,0xFF,0xFF,0xFF,0xFF,0xFF,0xFE,0x70,0x00,0x00,0x00,
  0x00,0x01,0xBF,0xFF,0xFF,0xC9,0x76,0x89,0xDF,0xFF,0xFF,0xB1,0x00,0x00,0x00,0x01,0xCF,0xFF,0xFA,0x20,
  0x00,0x00,0x00,0x2A,0xFF,0xFF,0xC1,0x00,0x00,0x00,0xBF,0xFF,0xE4,0x00,0x00,0x00,0x00,0x00,0x04,0xEF,
  0xFF,0xB0,0x00,0x00,0x7F,0xFF,0xE3,0x00,0x00,0x00,0x00,0x00,0x00,0x03,0xEF,0xFF,0x70,0x00,0x1E,0xFF,
  0xF6,0x00,0x00,0x00,0x00,0x00,0x00,0x00,0x06,0xFF,0xFE,0x10,0x08,0xFF,0xFB,0x00,0x00,0x00,0x00,0x00,
  0x00,0x00,0x00,0x0C,0xFF,0xF7,0x00,0xEF,0xFF,0x50,0x00,0x00,0x00,0x00,0x00,0x00,0x00,0x00,0x5F,0xFF,
  0xE0,0x4F,0xFF,0xE0,0x00,0x00,0x00,0x00,0x00,0x00,0x00,0x00,0x00,0xEF,0xFF,0x37,0xFF,0xFA,0x00,0x00,
  0x00,0x00,0x00,0x00,0x00,0x00,0x00,0x0A,0xFF,0xF7,0xBF,0xFF,0x70,0x00,0x00,0x00,0x00,0x00,0x00,0x00,
  0x00,0x00,0x7F,0xFF,0xBC,0xFF,0xF4,0x00,0x00,0x00,0x00,0x00,0x00,0x00,0x00,0x00,0x04,0xFF,0xFC,0xDF,
  0xFF,0x30,0x00,0x00,0x00,0x00,0x00,0x00,0x00,0x00,0x00,0x4F,0xFF,0xDF,0xFF,0xF3,0x00,0x00,0x00,0x00,
  0x00,0x00,0x00,0x00,0x00,0x03,0xFF,0xFE,0xFF,0xFF,0x30,0x00,0x00,0x00,0x00,0x00,0x00,0x00,0x00,0x00,
  0x3F,0xFF,0xED,0xFF,0xF3,0x00,0x00,0x00,0x00,0x00,0x00,0x00,0x00,0x00,0x04,0xFF,0xFD,0xCF,0xFF,0x40,
  0x00,0x00,0x00,0x00,0x00,0x00,0x00,0x00,0x00,0x4F,0xFF,0xCB,0xFF,0xF7,0x00,0x00,0x00,0x00,0x00,0x00,
  0x00,0x00,0x00,0x07,0xFF,0xFB,0x7F,0xFF,0xA0,0x00,0x00,0x00,0x00,0x00,0x00,0x00,0x00,0x00,0xAF,0xFF,
  0x74,0xFF,0xFE,0x00,0x00,0x00,0x00,0x00,0x00,0x00,0x00,0x00,0x0E,0xFF,0xF3,0x0E,0xFF,0xF5,0x00,0x00,
  0x00,0x00,0x00,0x00,0x00,0x00,0x05,0xFF,0xFE,0x00,0x7F,0xFF,0xC0,0x00,0x00,0x00,0x00,0x00,0x00,0x00,
  0x00,0xCF,0xFF,0x70,0x01,0xEF,0xFF,0x60,0x00,0x00,0x00,0x00,0x00,0x00,0x00,0x6F,0xFF,0xE1,0x00,0x07,
  0xFF,0xFE,0x30,0x00,0x00,0x00,0x00,0x00,0x00,0x3E,0xFF,0xF6,0x00,0x00,0x0B,0xFF,0xFE,0x40,0x00,0x00,
  0x00,0x00,0x00,0x4E,0xFF,0xFB,0x00,0x00,0x00,0x1C,0xFF,0xFF,0xA2,0x00,0x00,0x00,0x02,0xAF,0xFF,0xFC,
  0x10,0x00,0x00,0x00,0x1B,0xFF,0xFF,0xFC,0x97,0x67,0x9D,0xFF,0xFF,0xFB,0x10,0x00,0x00,0x00,0x00,0x07,
  0xEF,0xFF,0xFF,0xFF,0xFF,0xFF,0xFF,0xE7,0x00,0x00,0x00,0x00,0x00,0x00,0x01,0x7C,0xFF,0xFF,0xFF,0xFF,
  0xFC,0x71,0x00,0x00,0x00,0x00,0x00,0x00,0x00,0x00,0x01,0x46,0x77,0x76,0x41,0x00,0x00,0x00,0x00,0x00,
  0xFF,0xFF,0xFF,0xFF,0xFF,0xFE,0xEC,0x95,0x10,0x00,0x00,0xFF,0xFF,0xFF,0xFF,0xFF,0xFF,0xFF,0xFF,0xE7,
  0x00,0x00,0xFF,0xFF,0xEE,0xEE,0xEE,0xEE,0xFF,0xFF,0xFF,0xB1,0x00,0xFF,0xFF,0x20,0x00,0x00,0x00,0x04,
  0xAF,0xFF,0xFA,0x00,0xFF,0xFF,0x20,0x00,0x00,0x00,0x00,0x06,0xFF,0xFF,0x40,0xFF,0xFF,0x20,0x00,0x00,
  0x00,0x00,0x00,0xAF,0xFF,0xA0,0xFF,0xFF,0x20,0x00,0x00,0x00,0x00,0x00,0x4F,0xFF,0xE0,0xFF,0xFF,0x20,
  0x00,0x00,0x00,0x00,0x00,0x2F,0xFF,0xF1,0xFF,0xFF,0x20,0x00,0x00,0x00,0x00,0x00,0x0F,0xFF,0xF2,0xFF,
  0xFF,0x20,0x00,0x00,0x00,0x00,0x00,0x2F,0xFF,0xF1,0xFF,0xFF,0x20,0x00,0x00,0x00,0x00,0x00,0x4F,0xFF,
  0xE0,0xFF,0xFF,0x20,0x00,0x00,0x00,0x00,0x00,0xBF,0xFF,0x90,0xFF,0xFF,0x20,0x00,0x00,0x00,0x00,0x08,
  0xFF,0xFF,0x20,0xFF,0xFF,0x20,0x00,0x00,0x01,0x25,0xBF,0xFF,0xF7,0x00,0xFF,0xFF,0xFF,0xFF,0xFF,0xFF,
  0xFF,0xFF,0xFF,0x80,0x00,0xFF,0xFF,0xFF,0xFF,0xFF,0xFF,0xFF,0xFF,0xD5,0x00,0x00,0xFF,0xFF,0xEE,0xEE,
  0xEE,0xED,0xCB,0x84,0x00,0x00,0x00,0xFF,0xFF,0x20,0x00,0x00,0x00,0x00,0x00,0x00,0x00,0x00,0xFF,0xFF,
  0x20,0x00,0x00,0x00,0x00,0x00,0x00,0x00,0x00,0xFF,0xFF,0x20,0x00,0x00,0x00,0x00,0x00,0x00,0x00,0x00,
  0xFF,0xFF,0x20,0x00,0x00,0x00,0x00,0x00,0x00,0x00,0x00,0xFF,0xFF,0x20,0x00,0x00,0x00,0x00,0x00,0x00,
  0x00,0x00,0xFF,0xFF,0x20,0x00,0x00,0x00,0x00,0x00,0x00,0x00,0x00,0xFF,0xFF,0x20,0x00,0x00,0x00,0x00,
  0x00,0x00,0x00,0x00,0xFF,0xFF,0x20,0x00,0x00,0x00,0x00,0x00,0x00,0x00,0x00,0xFF,0xFF,0x20,0x00,0x00,
  0x00,0x00,0x00,0x00,0x00,0x00,0xFF,0xFF,0x20,0x00,0x00,0x00,0x00,0x00,0x00,0x00,0x00,0xFF,0xFF,0x20,
  0x00,0x00,0x00,0x00,0x00,0x00,0x00,0x00,0xFF,0xFF,0x20,0x00,0x00,0x00,0x00,0x00,0x00,0x00,0x00,0xFF,
  0xFF,0x20,0x00,0x00,0x00,0x00,0x00,0x00,0x00,0x00,0x00,0x00,0x00,0x00,0x00,0x14,0x67,0x77,0x64,0x10,
  0x00,0x00,0x00,0x00,0x00,0x00,0x00,0x00,0x17,0xCF,0xFF,0xFF,0xFF,0xFF,0xC7,0x10,0x00,0x00,0x00,0x00,
  0x00,0x00,0x7E,0xFF,0xFF,0xFF,0xFF,0xFF,0xFF,0xFE,0x70,0x00,0x00,0x00,0x00,0x01,0xBF,0xFF,0xFF,0xC9,
  0x76,0x89,0xDF,0xFF,0xFF,0xB1,0x00,0x00,0x00,0x01,0xCF,0xFF,0xFA,0x20,0x00,0x00,0x00,0x2A,0xFF,0xFF,
  0xC1,0x00,0x00,0x00,0xBF,0xFF,0xE4,0x00,0x00,0x00,0x00,0x00,0x04,0xEF,0xFF,0xA0,0x00,0x00,0x7F,0xFF,
  0xE3,0x00,0x00,0x00,0x00,0x00,0x00,0x03,0xEF,0xFF,0x60,0x00,0x1E,0xFF,0xF6,0x00,0x00,0x00,0x00,0x00,
  0x00,0x00,0x06,0xFF,0xFE,0x10,0x08,0xFF,0xFB,0x00,0x00,0x00,0x00,0x00,0x00,0x00,0x00,0x0C,0xFF,0xF7,
  0x00,0xEF,0xFF,0x50,0x00,0x00,0x00,0x00,0x00,0x00,0x00,0x00,0x5F,0xFF,0xE0,0x4F,0xFF,0xE0,0x00,0x00,
  0x00,0x00,0x00,0x00,0x00,0x00,0x00,0xEF,0xFF,0x37,0xFF,0xFA,0x00,0x00,0x00,0x00,0x00,0x00,0x00,0x00,
  0x00,0x0A,0xFF,0xF7,0xBF,0xFF,0x70,0x00,0x00,0x00,0x00,0x00,0x00,0x00,0x00,0x00,0x7F,0xFF,0xAC,0xFF,
  0xF4,0x00,0x00,0x00,0x00,0x00,0x00,0x00,0x00,0x00,0x04,0xFF,0xFC,0xDF,0xFF,0x30,0x00,0x00,0x00,0x00,
  0x00,0x00,0x00,0x00,0x00,0x4F,0xFF,0xDF,0xFF,0xF3,0x00,0x00,0x00,0x00,0x00,0x00,0x00,0x00,0x00,0x03,
  0xFF,0xFE,0xFF,0xFF,0x30,0x00,0x00,0x00,0x00,0x00,0x00,0x00,0x00,0x00,0x3F,0xFF,0xFD,0xFF,0xF3,0x00,
  0x00,0x00,0x00,0x00,0x00,0x00,0x00,0x00,0x04,0xFF,0xFE,0xCF,0xFF,0x40,0x00,0x00,0x00,0x00,0x00,0x00,
  0x00,0x00,0x00,0x4F,0xFF,0xDB,0xFF,0xF7,0x00,0x00,0x00,0x00,0x00,0x00,0x00,0x00,0x00,0x07,0xFF,0xFA,
  0x7F,0xFF,0xA0,0x00,0x00,0x00,0x00,0x00,0x00,0x00,0x00,0x00,0xAF,0xFF,0x74,0xFF,0xFE,0x00,0x00,0x00,
  0x00,0x00,0x00,0x00,0x00,0x00,0x0E,0xFF,0xF3,0x0E,0xFF,0xF5,0x00,0x00,0x00,0x00,0x00,0x00,0x00,0x00,
  0x05,0xFF,0xFC,0x00,0x7F,0xFF,0xC0,0x00,0x00,0x00,0x00,0x00,0x00,0x00,0x00,0xCF,0xFF,0x50,0x01,0xEF,
  0xFF,0x60,0x00,0x00,0x00,0x00,0x00,0x00,0x00,0x6F,0xFF,0xB0,0x00,0x07,0xFF,0xFE,0x30,0x00,0x00,0x00,
  0x00,0x00,0x00,0x3E,0xFF,0xE2,0x00,0x00,0x0B,0xFF,0xFE,0x40,0x00,0x00,0x00,0x00,0x00,0x4E,0xFF,0xE3,
  0x00,0x00,0x00,0x1C,0xFF,0xFF,0xA2,0x00,0x00,0x00,0x02,0xAF,0xFF,0xD2,0x00,0x00,0x00,0x00,0x1B,0xFF,
  0xFF,0xFC,0x97,0x67,0x9D,0xFF,0xFF,0xFF,0xC7,0x10,0x00,0x00,0x00,0x07,0xEF,0xFF,0xFF,0xFF,0xFF,0xFF,
  0xFF,0xFF,0xFF,0xFE,0x60,0x00,0x00,0x00,0x01,0x7C,0xFF,0xFF,0xFF,0xFF,0xFF,0xFF,0xFF,0xFF,0xFF,0xA0,
  0x00,0x00,0x00,0x00,0x01,0x46,0x77,0x76,0x53,0x10,0x13,0x7D,0xFF,0xF7,0x00,0x00,0x00,0x00,0x00,0x00,
  0x00,0x00,0x00,0x00,0x00,0x00,0x05,0xD8,0x00,0x00,0x00,0x00,0x00,0x00,0x00,0x00,0x00,0x00,0x00,0x00,
  0x00,0x00,0x00,0xFF,0xFF,0xFF,0xFF,0xFF,0xFF,0xED,0xA7,0x20,0x00,0x00,0xFF,0xFF,0xFF,0xFF,0xFF,0xFF,
  0xFF,0xFF,0xF9,0x10,0x00,0xFF,0xFF,0xEE,0xEE,0xEE,0xEE,0xFF,0xFF,0xFF,0xD2,0x00,0xFF,0xFF,0x20,0x00,
  0x00,0x00,0x14,0xAF,0xFF,0xFD,0x10,0xFF,0xFF,0x20,0x00,0x00,0x00,0x00,0x05,0xFF,0xFF,0x60,0xFF,0xFF,
  0x20,0x00,0x00,0x00,0x00,0x00,0x9F,0xFF,0xC0,0xFF,0xFF,0x20,0x00,0x00,0x00,0x00,0x00,0x4F,0xFF,0xF0,
  0xFF,0xFF,0x20,0x00,0x00,0x00,0x00,0x00,0x1F,0xFF,0xF1,0xFF,0xFF,0x20,0x00,0x00,0x00,0x00,0x00,0x0F,
  0xFF,0xF2,0xFF,0xFF,0x20,0x00,0x00,0x00,0x00,0x00,0x1F,0xFF,0xF0,0xFF,0xFF,0x20,0x00,0x00,0x00,0x00,
  0x00,0x5F,0xFF,0xC0,0xFF,0xFF,0x20,0x00,0x00,0x00,0x00,0x00,0xBF,0xFF,0x50,0xFF,0xFF,0x20,0x00,0x00,
  0x00,0x00,0x08,0xFF,0xFA,0x00,0xFF,0xFF,0x20,0x00,0x00,0x00,0x25,0xBF,0xFF,0xA0,0x00,0xFF,0xFF,0xFF,
  0xFF,0xFF,0xFF,0xFF,0xFF,0xD5,0x00,0x00,0xFF,0xFF,0xFF,0xFF,0xFF,0xFF,0xFF,0xFE,0x50,0x00,0x00,0xFF,
  0xFF,0xEE,0xEE,0xEE,0xEE,0xFF,0xFF,0xF7,0x00,0x00,0xFF,0xFF,0x20,0x00,0x00,0x00,0x28,0xFF,0xFF,0x40,
  0x00,0xFF,0xFF,0x20,0x00,0x00,0x00,0x00,0x7F,0xFF,0xB0,0x00,0xFF,0xFF,0x20,0x00,0x00,0x00,0x00,0x0D,
  0xFF,0xF2,0x00,0xFF,0xFF,0x20,0x00,0x00,0x00,0x00,0x08,0xFF,0xF5,0x00,0xFF,0xFF,0x20,0x00,0x00,0x00,
  0x00,0x04,0xFF,0xF8,0x00,0xFF,0xFF,0x20,0x00,0x00,0x00,0x00,0x02,0xFF,0xFA,0x00,0xFF,0xFF,0x20,0x00,
  0x00,0x00,0x00,0x00,0xFF,0xFC,0x00,0xFF,0xFF,0x20,0x00,0x00,0x00,0x00,0x00,0xDF,0xFE,0x00,0xFF,0xFF,
  0x20,0x00,0x00,0x00,0x00,0x00,0xBF,0xFF,0x20,0xFF,0xFF,0x20,0x00,0x00,0x00,0x00,0x00,0x8F,0xFF,0x50,
  0xFF,0xFF,0x20,0x00,0x00,0x00,0x00,0x00,0x5F,0xFF,0x80,0xFF,0xFF,0x20,0x00,0x00,0x00,0x00,0x00,0x1F,
  0xFF,0xD0,0xFF,0xFF,0x20,0x00,0x00,0x00,0x00,0x00,0x0C,0xFF,0xF6,0x00,0x00,0x00,0x00,0x03,0x67,0x76,
  0x52,0x00,0x00,0x00,0x00,0x00,0x00,0x03,0x9E,0xFF,0xFF,0xFF,0xFD,0x60,0x00,0x00,0x00,0x00,0x08,0xFF,
  0xFF,0xFF,0xFF,0xFF,0xFF,0xC3,0x00,0x00,0x00,0x1B,0xFF,0xFF,0xB8,0x77,0x8C,0xFF,0xFF,0xE2,0x00,0x00,
  0x09,0xFF,0xFC,0x30,0x00,0x00,0x03,0xDF,0xFF,0xD1,0x00,0x03,0xFF,0xFD,0x10,0x00,0x00,0x00,0x01,0xDF,
  0xFF,0x80,0x00,0x9F,0xFF,0x60,0x00,0x00,0x00,0x00,0x04,0xFF,0xFE,0x00,0x0D,0xFF,0xF3,0x00,0x00,0x00,
  0x00,0x00,0x0D,0xFF,0xF5,0x00,0xEF,0xFF,0x30,0x00,0x00,0x00,0x00,0x00,0x9F,0xFF,0x80,0x0E,0xFF,0xF5,
  0x00,0x00,0x00,0x00,0x00,0x02,0x55,0x53,0x00,0xCF,0xFF,0xB0,0x00,0x00,0x00,0x00,0x00,0x00,0x00,0x00,
  0x08,0xFF,0xFF,0x80,0x00,0x00,0x00,0x00,0x00,0x00,0x00,0x00,0x2E,0xFF,0xFF,0xC5,0x00,0x00,0x00,0x00,
  0x00,0x00,0x00,0x00,0x5F,0xFF,0xFF,0xFE,0xA6,0x20,0x00,0x00,0x00,0x00,0x00,0x00,0x5E,0xFF,0xFF,0xFF,
  0xFF,0xD9,0x30,0x00,0x00,0x00,0x00,0x00,0x18,0xEF,0xFF,0xFF,0xFF,0xFF,0xC5,0x00,0x00,0x00,0x00,0x00,
  0x01,0x5A,0xEF,0xFF,0xFF,0xFF,0xFB,0x10,0x00,0x00,0x00,0x00,0x00,0x00,0x37,0xBF,0xFF,0xFF,0xFD,0x10,
  0x00,0x00,0x00,0x00,0x00,0x00,0x00,0x18,0xEF,0xFF,0xFB,0x00,0x00,0x00,0x00,0x00,0x00,0x00,0x00,0x02,
  0xCF,0xFF,0xF5,0x00,0x00,0x00,0x00,0x00,0x00,0x00,0x00,0x01,0xEF,0xFF,0xA0,0x00,0x00,0x00,0x00,0x00,
  0x00,0x00,0x00,0x08,0xFF,0xFD,0x38,0x88,0x60,0x00,0x00,0x00,0x00,0x00,0x00,0x4F,0xFF,0xE3,0xFF,0xFF,
  0x10,0x00,0x00,0x00,0x00,0x00,0x02,0xFF,0xFE,0x0E,0xFF,0xF7,0x00,0x00,0x00,0x00,0x00,0x00,0x4F,0xFF,
  0xC0,0x9F,0xFF,0xE2,0x00,0x00,0x00,0x00,0x00,0x08,0xFF,0xF8,0x02,0xEF,0xFF,0xC1,0x00,0x00,0x00,0x00,
  0x04,0xFF,0xFF,0x20,0x06,0xFF,0xFF,0xD5,0x00,0x00,0x00,0x07,0xEF,0xFF,0x80,0x00,0x07,0xFF,0xFF,0xFD,
  0x97,0x67,0xAE,0xFF,0xFF,0x90,0x00,0x00,0x05,0xDF,0xFF,0xFF,0xFF,0xFF,0xFF,0xFE,0x60,0x00,0x00,0x00,
  0x01,0x6C,0xFF,0xFF,0xFF,0xFF,0xE8,0x20,0x00,0x00,0x00,0x00,0x00,0x01,0x46,0x77,0x65,0x20,0x00,0x00,
  0x00,0xFF,0xFF,0xFF,0xFF,0xFF,0xFF,0xFF,0xFF,0xFF,0xFF,0xFF,0xFF,0xFF,0xFF,0xFF,0xFF,0xFF,0xFF,0xFF,
  0xFF,0xFF,0xFF,0xFF,0xFF,0xFF,0xEE,0xEE,0xEE,0xEE,0xEE,0xEF,0xFF,0xFE,0xEE,0xEE,0xEE,0xEE,0xE0,0x00,
  0x00,0x00,0x00,0x02,0xFF,0xFF,0x00,0x00,0x00,0x00,0x00,0x00,0x00,0x00,0x00,0x00,0x2F,0xFF,0xF0,0x00,
  0x00,0x00,0x00,0x00,0x00,0x00,0x00,0x00,0x02,0xFF,0xFF,0x00,0x00,0x00,0x00,0x00,0x00,0x00,0x00,0x00,
  0x00,0x2F,0xFF,0xF0,0x00,0x00,0x00,0x00,0x00,0x00,0x00,0x00,0x00,0x02,0xFF,0xFF,0x00,0x00,0x00,0x00,
  0x00,0x00,0x00,0x00,0x00,0x00,0x2F,0xFF,0xF0,0x00,0x00,0x00,0x00,0x00,0x00,0x00,0x00,0x00,0x02,0xFF,
  0xFF,0x00,0x00,0x00,0x00,0x00,0x00,0x00,0x00,0x00,0x00,0x2F,0xFF,0xF0,0x00,0x00,0x00,0x00,0x00,0x00,
  0x00,0x00,0x00,0x02,0xFF,0xFF,0x00,0x00,0x00,0x00,0x00,0x00,0x00,0x00,0x00,0x00,0x2F,0xFF,0xF0,0x00,
  0x00,0x00,0x00,0x00,0x00,0x00,0x00,0x00,0x02,0xFF,0xFF,0x00,0x00,0x00,0x00,0x00,0x00,0x00,0x00,0x00,
  0x00,0x2F,0xFF,0xF0,0x00,0x00,0x00,0x00,0x00,0x00,0x00,0x00,0x00,0x02,0xFF,0xFF,0x00,0x00,0x00,0x00,
  0x00,0x00,0x00,0x00,0x00,0x00,0x2F,0xFF,0xF0,0x00,0x00,0x00,0x00,0x00,0x00,0x00,0x00,0x00,0x02,0xFF,
  0xFF,0x00,0x00,0x00,0x00,0x00,0x00,0x00,0x00,0x00,0x00,0x2F,0xFF,0xF0,0x00,0x00,0x00,0x00,0x00,0x00,
  0x00,0x00,0x00,0x02,0xFF,0xFF,0x00,0x00,0x00,0x00,0x00,0x00,0x00,0x00,0x00,0x00,0x2F,0xFF,0xF0,0x00,
  0x00,0x00,0x00,0x00,0x00,0x00,0x00,0x00,0x02,0xFF,0xFF,0x00,0x00,0x00,0x00,0x00,0x00,0x00,0x00,0x00,
  0x00,0x2F,0xFF,0xF0,0x00,0x00,0x00,0x00,0x00,0x00,0x00,0x00,0x00,0x02,0xFF,0xFF,0x00,0x00,0x00,0x00,
  0x00,0x00,0x00,0x00,0x00,0x00,0x2F,0xFF,0xF0,0x00,0x00,0x00,0x00,0x00,0x00,0x00,0x00,0x00,0x02,0xFF,
  0xFF,0x00,0x00,0x00,0x00,0x00,0x00,0x00,0x00,0x00,0x00,0x2F,0xFF,0xF0,0x00,0x00,0x00,0x00,0x00,0x00,
  0x00,0x00,0x00,0x02,0xFF,0xFF,0x00,0x00,0x00,0x00,0x00,0x00,0x00,0x00,0x00,0x00,0x2F,0xFF,0xF0,0x00,
  0x00,0x00,0x00,0x00,0x00,0x00,0x00,0x00,0x02,0xFF,0xFF,0x00,0x00,0x00,0x00,0x00,0xFF,0xFF,0x20,0x00,
  0x00,0x00,0x00,0x00,0x00,0x2F,0xFF,0xFF,0xFF,0xF2,0x00,0x00,0x00,0x00,0x00,0x00,0x02,0xFF,0xFF,0xFF,
  0xFF,0x20,0x00,0x00,0x00,0x00,0x00,0x00,0x2F,0xFF,0xFF,0xFF,0xF2,0x00,0x00,0x00,0x00,0x00,0x00,0x02,
  0xFF,0xFF,0xFF,0xFF,0x20,0x00,0x00,0x00,0x00,0x00,0x00,0x2F,0xFF,0xFF,0xFF,0xF2,0x00,0x00,0x00,0x00,
  0x00,0x00,0x02,0xFF,0xFF,0xFF,0xFF,0x20,0x00,0x00,0x00,0x00,0x00,0x00,0x2F,0xFF,0xFF,0xFF,0xF2,0x00,
  0x00,0x00,0x00,0x00,0x00,0x02,0xFF,0xFF,0xFF,0xFF,0x20,0x00,0x00,0x00,0x00,0x00,0x00,0x2F,0xFF,0xFF,
  0xFF,0xF2,0x00,0x00,0x00,0x00,0x00,0x00,0x02,0xFF,0xFF,0xFF,0xFF,0x20,0x00,0x00,0x00,0x00,0x00,0x00,
  0x2F,0xFF,0xFF,0xFF,0xF2,0x00,0x00,0x00,0x00,0x00,0x00,0x02,0xFF,0xFF,0xFF,0xFF,0x20,0x00,0x00,0x00,
  0x00,0x00,0x00,0x2F,0xFF,0xFF,0xFF,0xF2,0x00,0x00,0x00,0x00,0x00,0x00,0x02,0xFF,0xFF,0xFF,0xFF,0x20,
  0x00,0x00,0x00,0x00,0x00,0x00,0x2F,0xFF,0xFF,0xFF,0xF2,0x00,0x00,0x00,0x00,0x00,0x00,0x02,0xFF,0xFF,
  0xFF,0xFF,0x20,0x00,0x00,0x00,0x00,0x00,0x00,0x2F,0xFF,0xFF,0xFF,0xF2,0x00,0x00,0x00,0x00,0x00,0x00,
  0x02,0xFF,0xFF,0xFF,0xFF,0x20,0x00,0x00,0x00,0x00,0x00,0x00,0x2F,0xFF,0xFF,0xFF,0xF2,0x00,0x00,0x00,
  0x00,0x00,0x00,0x02,0xFF,0xFF,0xFF,0xFF,0x30,0x00,0x00,0x00,0x00,0x00,0x00,0x3F,0xFF,0xFE,0xFF,0xF4,
  0x00,0x00,0x00,0x00,0x00,0x00,0x04,0xFF,0xFE,0xBF,0xFF,0x70,0x00,0x00,0x00,0x00,0x00,0x00,0x7F,0xFF,
  0xB8,0xFF,0xFC,0x00,0x00,0x00,0x00,0x00,0x00,0x0C,0xFF,0xF8,0x3F,0xFF,0xF4,0x00,0x00,0x00,0x00,0x00,
  0x04,0xFF,0xFF,0x30,0xBF,0xFF,0xE2,0x00,0x00,0x00,0x00,0x02,0xEF,0xFF,0xB0,0x02,0xEF,0xFF,0xE5,0x00,
  0x00,0x00,0x05,0xEF,0xFF,0xE2,0x00,0x04,0xEF,0xFF,0xFD,0x97,0x67,0x9D,0xFF,0xFF,0xE3,0x00,0x00,0x03,
  0xCF,0xFF,0xFF,0xFF,0xFF,0xFF,0xFF,0xC3,0x00,0x00,0x00,0x00,0x5B,0xFF,0xFF,0xFF,0xFF,0xFB,0x50,0x00,
  0x00,0x00,0x00,0x00,0x01,0x46,0x77,0x76,0x41,0x00,0x00,0x00,0x00,0x6F,0xFF,0xA0,0x00,0x00,0x00,0x00,
  0x00,0x00,0x00,0x00,0x5F,0xFF,0xB1,0xFF,0xFE,0x10,0x00,0x00,0x00,0x00,0x00,0x00,0x00,0x0A,0xFF,0xF5,
  0x0B,0xFF,0xF5,0x00,0x00,0x00,0x00,0x00,0x00,0x00,0x01,0xEF,0xFE,0x10,0x6F,0xFF,0xA0,0x00,0x00,0x00,
  0x00,0x00,0x00,0x00,0x5F,0xFF,0x90,0x01,0xFF,0xFE,0x10,0x00,0x00,0x00,0x00,0x00,0x00,0x0B,0xFF,0xF4,
  0x00,0x0A,0xFF,0xF5,0x00,0x00,0x00,0x00,0x00,0x00,0x01,0xFF,0xFD,0x00,0x00,0x5F,0xFF,0xA0,0x00,0x00,
  0x00,0x00,0x00,0x00,0x6F,0xFF,0x80,0x00,0x00,0xEF,0xFE,0x10,0x00,0x00,0x00,0x00,0x00,0x0B,0xFF,0xF2,
  0x00,0x00,0x09,0xFF,0xF5,0x00,0x00,0x00,0x00,0x00,0x01,0xFF,0xFC,0x00,0x00,0x00,0x4F,0xFF,0xA0,0x00,
  0x00,0x00,0x00,0x00,0x6F,0xFF,0x70,0x00,0x00,0x00,0xEF,0xFE,0x00,0x00,0x00,0x00,0x00,0x0B,0xFF,0xF1,
  0x00,0x00,0x00,0x09,0xFF,0xF5,0x00,0x00,0x00,0x00,0x02,0xFF,0xFB,0x00,0x00,0x00,0x00,0x4F,0xFF,0xA0,
  0x00,0x00,0x00,0x00,0x7F,0xFF,0x50,0x00,0x00,0x00,0x00,0xDF,0xFE,0x00,0x00,0x00,0x00,0x0C,0xFF,0xE1,
  0x00,0x00,0x00,0x00,0x08,0xFF,0xF5,0x00,0x00,0x00,0x02,0xFF,0xF9,0x00,0x00,0x00,0x00,0x00,0x3F,0xFF,
  0xA0,0x00,0x00,0x00,0x7F,0xFF,0x40,0x00,0x00,0x00,0x00,0x00,0xDF,0xFE,0x00,0x00,0x00,0x0C,0xFF,0xD0,
  0x00,0x00,0x00,0x00,0x00,0x07,0xFF,0xF5,0x00,0x00,0x02,0xFF,0xF8,0x00,0x00,0x00,0x00,0x00,0x00,0x2F,
  0xFF,0xA0,0x00,0x00,0x8F,0xFF,0x20,0x00,0x00,0x00,0x00,0x00,0x00,0xCF,0xFE,0x00,0x00,0x0D,0xFF,0xC0,
  0x00,0x00,0x00,0x00,0x00,0x00,0x07,0xFF,0xF4,0x00,0x03,0xFF,0xF7,0x00,0x00,0x00,0x00,0x00,0x00,0x00,
  0x2F,0xFF,0x90,0x00,0x8F,0xFF,0x10,0x00,0x00,0x00,0x00,0x00,0x00,0x00,0xBF,0xFE,0x00,0x0D,0xFF,0xB0,
  0x00,0x00,0x00,0x00,0x00,0x00,0x00,0x06,0xFF,0xF4,0x03,0xFF,0xF5,0x00,0x00,0x00,0x00,0x00,0x00,0x00,
  0x00,0x1F,0xFF,0x90,0x9F,0xFE,0x10,0x00,0x00,0x00,0x00,0x00,0x00,0x00,0x00,0xAF,0xFE,0x0E,0xFF,0x90,
  0x00,0x00,0x00,0x00,0x00,0x00,0x00,0x00,0x05,0xFF,0xF8,0xFF,0xF4,0x00,0x00,0x00,0x00,0x00,0x00,0x00,
  0x00,0x00,0x1E,0xFF,0xFF,0xFD,0x00,0x00,0x00,0x00,0x00,0x00,0x00,0x00,0x00,0x00,0xAF,0xFF,0xFF,0x80,
  0x00,0x00,0x00,0x00,0x00,0x00,0x00,0x00,0x00,0x05,0xFF,0xFF,0xF2,0x00,0x00,0x00,0x00,0x00,0xBF,0xFF,
  0x90,0x00,0x00,0x00,0x00,0x00,0x04,0xFF,0xFF,0xF2,0x00,0x00,0x00,0x00,0x00,0x00,0x8F,0xFF,0x77,0xFF,
  0xFC,0x00,0x00,0x00,0x00,0x00,0x00,0x8F,0xFF,0xFF,0x60,0x00,0x00,0x00,0x00,0x00,0x0C,0xFF,0xF2,0x3F,
  0xFF,0xF1,0x00,0x00,0x00,0x00,0x00,0x0C,0xFF,0xFF,0xF9,0x00,0x00,0x00,0x00,0x00,0x01,0xFF,0xFD,0x00,
  0xEF,0xFF,0x40,0x00,0x00,0x00,0x00,0x01,0xFF,0xFF,0xFF,0xD0,0x00,0x00,0x00,0x00,0x00,0x5F,0xFF,0x90,
  0x0A,0xFF,0xF8,0x00,0x00,0x00,0x00,0x00,0x5F,0xFF,0x9F,0xFF,0x20,0x00,0x00,0x00,0x00,0x08,0xFF,0xF5,
  0x00,0x6F,0xFF,0xC0,0x00,0x00,0x00,0x00,0x09,0xFF,0xC4,0xFF,0xF6,0x00,0x00,0x00,0x00,0x00,0xCF,0xFF,
  0x10,0x02,0xFF,0xFF,0x10,0x00,0x00,0x00,0x00,0xDF,0xF8,0x0E,0xFF,0xA0,0x00,0x00,0x00,0x00,0x1F,0xFF,
  0xB0,0x00,0x0D,0xFF,0xF4,0x00,0x00,0x00,0x00,0x2F,0xFF,0x40,0xBF,0xFE,0x00,0x00,0x00,0x00,0x05,0xFF,
  0xF7,0x00,0x00,0x9F,0xFF,0x70,0x00,0x00,0x00,0x06,0xFF,0xF1,0x07,0xFF,0xF3,0x00,0x00,0x00,0x00,0x9F,
  0xFF,0x30,0x00,0x05,0xFF,0xFB,0x00,0x00,0x00,0x00,0xAF,0xFB,0x00,0x3F,0xFF,0x60,0x00,0x00,0x00,0x0C,
  0xFF,0xD0,0x00,0x00,0x1F,0xFF,0xE0,0x00,0x00,0x00,0x0D,0xFF,0x70,0x00,0xEF,0xFA,0x00,0x00,0x00,0x01,
  0xFF,0xF9,0x00,0x00,0x00,0xCF,0xFF,0x30,0x00,0x00,0x02,0xFF,0xF3,0x00,0x0A,0xFF,0xE0,0x00,0x00,0x00,
  0x5F,0xFF,0x50,0x00,0x00,0x08,0xFF,0xF7,0x00,0x00,0x00,0x6F,0xFE,0x00,0x00,0x6F,0xFF,0x30,0x00,0x00,
  0x09,0xFF,0xF1,0x00,0x00,0x00,0x4F,0xFF,0xA0,0x00,0x00,0x0A,0xFF,0xA0,0x00,0x02,0xFF,0xF7,0x00,0x00,
  0x00,0xDF,0xFC,0x00,0x00,0x00,0x00,0xEF,0xFE,0x00,0x00,0x00,0xEF,0xF6,0x00,0x00,0x0D,0xFF,0xB0,0x00,
  0x00,0x1F,0xFF,0x70,0x00,0x00,0x00,0x0B,0xFF,0xF3,0x00,0x00,0x3F,0xFF,0x20,0x00,0x00,0xAF,0xFE,0x00,
  0x00,0x05,0xFF,0xF3,0x00,0x00,0x00,0x00,0x7F,0xFF,0x60,0x00,0x07,0xFF,0xD0,0x00,0x00,0x06,0xFF,0xF3,
  0x00,0x00,0x9F,0xFE,0x00,0x00,0x00,0x00,0x03,0xFF,0xFA,0x00,0x00,0xBF,0xF8,0x00,0x00,0x00,0x2F,0xFF,
  0x70,0x00,0x0D,0xFF,0xA0,0x00,0x00,0x00,0x00,0x0E,0xFF,0xD0,0x00,0x1F,0xFF,0x40,0x00,0x00,0x00,0xDF,
  0xFB,0x00,0x01,0xFF,0xF5,0x00,0x00,0x00,0x00,0x00,0xAF,0xFF,0x20,0x04,0xFF,0xF1,0x00,0x00,0x00,0x09,
  0xFF,0xF0,0x00,0x5F,0xFF,0x10,0x00,0x00,0x00,0x00,0x06,0xFF,0xF6,0x00,0x8F,0xFB,0x00,0x00,0x00,0x00,
  0x5F,0xFF,0x40,0x09,0xFF,0xC0,0x00,0x00,0x00,0x00,0x00,0x2F,0xFF,0x90,0x0C,0xFF,0x70,0x00,0x00,0x00,
  0x01,0xFF,0xF8,0x00,0xDF,0xF8,0x00,0x00,0x00,0x00,0x00,0x00,0xDF,0xFD,0x01,0xFF,0xF3,0x00,0x00,0x00,
  0x00,0x0C,0xFF,0xC0,0x2F,0xFF,0x40,0x00,0x00,0x00,0x00,0x00,0x09,0xFF,0xF1,0x5F,0xFE,0x00,0x00,0x00,
  0x00,0x00,0x8F,0xFF,0x15,0xFF,0xE0,0x00,0x00,0x00,0x00,0x00,0x00,0x5F,0xFF,0x59,0xFF,0xA0,0x00,0x00,
  0x00,0x00,0x04,0xFF,0xF4,0x9F,0xFA,0x00,0x00,0x00,0x00,0x00,0x00,0x01,0xFF,0xF9,0xDF,0xF6,0x00,0x00,
  0x00,0x00,0x00,0x1F,0xFF,0x8D,0xFF,0x60,0x00,0x00,0x00,0x00,0x00,0x00,0x0C,0xFF,0xEF,0xFF,0x20,0x00,
  0x00,0x00,0x00,0x00,0xBF,0xFD,0xFF,0xF2,0x00,0x00,0x00,0x00,0x00,0x00,0x00,0x8F,0xFF,0xFF,0xD0,0x00,
  0x00,0x00,0x00,0x00,0x07,0xFF,0xFF,0xFC,0x00,0x00,0x00,0x00,0x00,0x00,0x00,0x04,0xFF,0xFF,0xF9,0x00,
  0x00,0x00,0x00,0x00,0x00,0x4F,0xFF,0xFF,0x80,0x00,0x00,0x00,0x00,0x00,0x00,0x00,0x0E,0xFF,0xFF,0x50,
  0x00,0x00,0x00,0x00,0x00,0x00,0xEF,0xFF,0xF4,0x00,0x00,0x00,0x00,0x0B,0xFF,0xF8,0x00,0x00,0x00,0x00,
  0x00,0x00,0x00,0x0B,0xFF,0xF9,0x00,0x2E,0xFF,0xF3,0x00,0x00,0x00,0x00,0x00,0x00,0x06,0xFF,0xFD,0x10,
  0x00,0x6F,0xFF,0xC0,0x00,0x00,0x00,0x00,0x00,0x02,0xEF,0xFF,0x30,0x00,0x00,0xBF,0xFF,0x70,0x00,0x00,
  0x00,0x00,0x00,0xCF,0xFF,0x70,0x00,0x00,0x02,0xEF,0xFF,0x30,0x00,0x00,0x00,0x00,0x7F,0xFF,0xB0,0x00,
  0x00,0x00,0x06,0xFF,0xFC,0x00,0x00,0x00,0x00,0x3F,0xFF,0xE2,0x00,0x00,0x00,0x00,0x0B,0xFF,0xF7,0x00,
  0x00,0x00,0x0C,0xFF,0xF5,0x00,0x00,0x00,0x00,0x00,0x2E,0xFF,0xF2,0x00,0x00,0x08,0xFF,0xF9,0x00,0x00,
  0x00,0x00,0x00,0x00,0x6F,0xFF,0xC0,0x00,0x03,0xFF,0xFD,0x10,0x00,0x00,0x00,0x00,0x00,0x00,0xBF,0xFF,
  0x70,0x00,0xDF,0xFF,0x30,0x00,0x00,0x00,0x00,0x00,0x00,0x01,0xEF,0xFE,0x20,0x8F,0xFF,0x70,0x00,0x00,
  0x00,0x00,0x00,0x00,0x00,0x05,0xFF,0xFB,0x4F,0xFF,0xB0,0x00,0x00,0x00,0x00,0x00,0x00,0x00,0x00,0x0A,
  0xFF,0xFE,0xFF,0xE1,0x00,0x00,0x00,0x00,0x00,0x00,0x00,0x00,0x00,0x1E,0xFF,0xFF,0xF4,0x00,0x00,0x00,
  0x00,0x00,0x00,0x00,0x00,0x00,0x00,0x5F,0xFF,0xF9,0x00,0x00,0x00,0x00,0x00,0x00,0x00,0x00,0x00,0x00,
  0x08,0xFF,0xFF,0xD1,0x00,0x00,0x00,0x00,0x00,0x00,0x00,0x00,0x00,0x04,0xFF,0xFF,0xFF,0xA0,0x00,0x00,
  0x00,0x00,0x00,0x00,0x00,0x00,0x01,0xDF,0xFD,0xCF,0xFF,0x60,0x00,0x00,0x00,0x00,0x00,0x00,0x00,0x00,
  0xAF,0xFF,0x42,0xEF,0xFE,0x20,0x00,0x00,0x00,0x00,0x00,0x00,0x00,0x6F,0xFF,0x90,0x06,0xFF,0xFC,0x00,
  0x00,0x00,0x00,0x00,0x00,0x00,0x2E,0xFF,0xD1,0x00,0x0A,0xFF,0xF8,0x00,0x00,0x00,0x00,0x00,0x00,0x0C,
  0xFF,0xF3,0x00,0x00,0x1E,0xFF,0xF4,0x00,0x00,0x00,0x00,0x00,0x08,0xFF,0xF8,0x00,0x00,0x00,0x4F,0xFF,
  0xE1,0x00,0x00,0x00,0x00,0x04,0xFF,0xFD,0x00,0x00,0x00,0x00,0x9F,0xFF,0xB0,0x00,0x00,0x00,0x01,0xDF,
  0xFF,0x30,0x00,0x00,0x00,0x01,0xDF,0xFF,0x70,0x00,0x00,0x00,0xAF,0xFF,0x80,0x00,0x00,0x00,0x00,0x03,
  0xFF,0xFF,0x30,0x00,0x00,0x6F,0xFF,0xC0,0x00,0x00,0x00,0x00,0x00,0x07,0xFF,0xFD,0x10,0x00,0x2E,0xFF,
  0xF3,0x00,0x00,0x00,0x00,0x00,0x00,0x0C,0xFF,0xF9,0x00,0x0C,0xFF,0xF7,0x00,0x00,0x00,0x00,0x00,0x00,
  0x00,0x2E,0xFF,0xF5,0x08,0xFF,0xFC,0x00,0x00,0x00,0x00,0x00,0x00,0x00,0x00,0x6F,0xFF,0xE2,0x7F,0xFF,
  0xD0,0x00,0x00,0x00,0x00,0x00,0x00,0x00,0x0A,0xFF,0xF9,0x0D,0xFF,0xF8,0x00,0x00,0x00,0x00,0x00,0x00,
  0x00,0x4F,0xFF,0xE1,0x04,0xFF,0xFF,0x20,0x00,0x00,0x00,0x00,0x00,0x00,0xCF,0xFF,0x60,0x00,0xAF,0xFF,
  0xA0,0x00,0x00,0x00,0x00,0x00,0x06,0xFF,0xFC,0x00,0x00,0x2E,0xFF,0xF4,0x00,0x00,0x00,0x00,0x00,0x1E,
  0xFF,0xF3,0x00,0x00,0x07,0xFF,0xFD,0x00,0x00,0x00,0x00,0x00,0x8F,0xFF,0x90,0x00,0x00,0x00,0xDF,0xFF,
  0x70,0x00,0x00,0x00,0x02,0xFF,0xFE,0x10,0x00,0x00,0x00,0x5F,0xFF,0xE2,0x00,0x00,0x00,0x0A,0xFF,0xF7,
  0x00,0x00,0x00,0x00,0x0B,0xFF,0xFA,0x00,0x00,0x00,0x4F,0xFF,0xD0,0x00,0x00,0x00,0x00,0x02,0xFF,0xFF,
  0x40,0x00,0x00,0xCF,0xFF,0x40,0x00,0x00,0x00,0x00,0x00,0x8F,0xFF,0xC0,0x00,0x06,0xFF,0xFA,0x00,0x00,
  0x00,0x00,0x00,0x00,0x1D,0xFF,0xF7,0x00,0x1E,0xFF,0xE2,0x00,0x00,0x00,0x00,0x00,0x00,0x05,0xFF,0xFE,
  0x10,0x8F,0xFF,0x70,0x00,0x00,0x00,0x00,0x00,0x00,0x00,0xBF,0xFF,0xA2,0xFF,0xFD,0x00,0x00,0x00,0x00,
  0x00,0x00,0x00,0x00,0x3F,0xFF,0xFC,0xFF,0xF5,0x00,0x00,0x00,0x00,0x00,0x00,0x00,0x00,0x09,0xFF,0xFF,
  0xFF,0xB0,0x00,0x00,0x00,0x00,0x00,0x00,0x00,0x00,0x01,0xEF,0xFF,0xFF,0x20,0x00,0x00,0x00,0x00,0x00,
  0x00,0x00,0x00,0x00,0x6F,0xFF,0xF8,0x00,0x00,0x00,0x00,0x00,0x00,0x00,0x00,0x00,0x00,0x0F,0xFF,0xF2,
  0x00,0x00,0x00,0x00,0x00,0x00,0x00,0x00,0x00,0x00,0x0F,0xFF,0xF2,0x00,0x00,0x00,0x00,0x00,0x00,0x00,
  0x00,0x00,0x00,0x0F,0xFF,0xF2,0x00,0x00,0x00,0x00,0x00,0x00,0x00,0x00,0x00,0x00,0x0F,0xFF,0xF2,0x00,
  0x00,0x00,0x00,0x00,0x00,0x00,0x00,0x00,0x00,0x0F,0xFF,0xF2,0x00,0x00,0x00,0x00,0x00,0x00,0x00,0x00,
  0x00,0x00,0x0F,0xFF,0xF2,0x00,0x00,0x00,0x00,0x00,0x00,0x00,0x00,0x00,0x00,0x0F,0xFF,0xF2,0x00,0x00,
  0x00,0x00,0x00,0x00,0x00,0x00,0x00,0x00,0x0F,0xFF,0xF2,0x00,0x00,0x00,0x00,0x00,0x00,0x00,0x00,0x00,
  0x00,0x0F,0xFF,0xF2,0x00,0x00,0x00,0x00,0x00,0x00,0x00,0x00,0x00,0x00,0x0F,0xFF,0xF2,0x00,0x00,0x00,
  0x00,0x00,0x00,0x00,0x00,0x00,0x00,0x0F,0xFF,0xF2,0x00,0x00,0x00,0x00,0x00,0x00,0x00,0x00,0x00,0x00,
  0x0F,0xFF,0xF2,0x00,0x00,0x00,0x00,0x00,0x0F,0xFF,0xFF,0xFF,0xFF,0xFF,0xFF,0xFF,0xFF,0xFF,0xFF,0xF0,
  0xFF,0xFF,0xFF,0xFF,0xFF,0xFF,0xFF,0xFF,0xFF,0xFF,0xFF,0x0E,0xEE,0xEE,0xEE,0xEE,0xEE,0xEE,0xEE,0xEE,
  0xEF,0xFF,0xF0,0x00,0x00,0x00,0x00,0x00,0x00,0x00,0x00,0x1D,0xFF,0xF8,0x00,0x00,0x00,0x00,0x00,0x00,
  0x00,0x00,0x0B,0xFF,0xFB,0x00,0x00,0x00,0x00,0x00,0x00,0x00,0x00,0x07,0xFF,0xFD,0x10,0x00,0x00,0x00,
  0x00,0x00,0x00,0x00,0x04,0xFF,0xFF,0x30,0x00,0x00,0x00,0x00,0x00,0x00,0x00,0x01,0xEF,0xFF,0x60,0x00,
  0x00,0x00,0x00,0x00,0x00,0x00,0x00,0xBF,0xFF,0xA0,0x00,0x00,0x00,0x00,0x00,0x00,0x00,0x00,0x8F,0xFF,
  0xD1,0x00,0x00,0x00,0x00,0x00,0x00,0x00,0x00,0x4F,0xFF,0xE2,0x00,0x00,0x00,0x00,0x00,0x00,0x00,0x00,
  0x2E,0xFF,0xF5,0x00,0x00,0x00,0x00,0x00,0x00,0x00,0x00,0x0C,0xFF,0xF9,0x00,0x00,0x00,0x00,0x00,0x00,
  0x00,0x00,0x08,0xFF,0xFC,0x00,0x00,0x00,0x00,0x00,0x00,0x00,0x00,0x05,0xFF,0xFE,0x20,0x00,0x00,0x00,
  0x00,0x00,0x00,0x00,0x02,0xEF,0xFF,0x40,0x00,0x00,0x00,0x00,0x00,0x00,0x00,0x00,0xCF,0xFF,0x70,0x00,
  0x00,0x00,0x00,0x00,0x00,0x00,0x00,0x9F,0xFF,0xB0,0x00,0x00,0x00,0x00,0x00,0x00,0x00,0x00,0x5F,0xFF,
  0xD1,0x00,0x00,0x00,0x00,0x00,0x00,0x00,0x00,0x2E,0xFF,0xF3,0x00,0x00,0x00,0x00,0x00,0x00,0x00,0x00,
  0x1C,0xFF,0xF6,0x00,0x00,0x00,0x00,0x00,0x00,0x00,0x00,0x09,0xFF,0xFA,0x00,0x00,0x00,0x00,0x00,0x00,
  0x00,0x00,0x06,0xFF,0xFC,0x10,0x00,0x00,0x00,0x00,0x00,0x00,0x00,0x03,0xEF,0xFE,0x20,0x00,0x00,0x00,
  0x00,0x00,0x00,0x00,0x01,0xDF,0xFF,0x50,0x00,0x00,0x00,0x00,0x00,0x00,0x00,0x00,0xAF,0xFF,0x80,0x00,
  0x00,0x00,0x00,0x00,0x00,0x00,0x00,0x6F,0xFF,0xC0,0x00,0x00,0x00,0x00,0x00,0x00,0x00,0x00,0x0F,0xFF,
  0xFE,0xEE,0xEE,0xEE,0xEE,0xEE,0xEE,0xEE,0xEE,0xEE,0xFF,0xFF,0xFF,0xFF,0xFF,0xFF,0xFF,0xFF,0xFF,0xFF,
  0xFF,0xFF,0xFF,0xFF,0xFF,0xFF,0xFF,0xFF,0xFF,0xFF,0xFF,0xFF,0xFF,0xFF,0xFF,0xFF,0xFF,0xFF,0xFF,0xFF,
  0xFF,0xFE,0xEE,0xEF,0xFD,0x00,0x00,0xFF,0xD0,0x00,0x0F,0xFD,0x00,0x00,0xFF,0xD0,0x00,0x0F,0xFD,0x00,
  0x00,0xFF,0xD0,0x00,0x0F,0xFD,0x00,0x00,0xFF,0xD0,0x00,0x0F,0xFD,0x00,0x00,0xFF,0xD0,0x00,0x0F,0xFD,
  0x00,0x00,0xFF,0xD0,0x00,0x0F,0xFD,0x00,0x00,0xFF,0xD0,0x00,0x0F,0xFD,0x00,0x00,0xFF,0xD0,0x00,0x0F,
  0xFD,0x00,0x00,0xFF,0xD0,0x00,0x0F,0xFD,0x00,0x00,0xFF,0xD0,0x00,0x0F,0xFD,0x00,0x00,0xFF,0xD0,0x00,
  0x0F,0xFD,0x00,0x00,0xFF,0xD0,0x00,0x0F,0xFD,0x00,0x00,0xFF,0xD0,0x00,0x0F,0xFD,0x00,0x00,0xFF,0xD0,
  0x00,0x0F,0xFD,0x00,0x00,0xFF,0xD0,0x00,0x0F,0xFD,0x00,0x00,0xFF,0xD0,0x00,0x0F,0xFF,0xEE,0xEE,0xFF,
  0xFF,0xFF,0xFF,0xFF,0xFF,0xFF,0x1F,0xFA,0x00,0x00,0x00,0x00,0x00,0x00,0xBF,0xF1,0x00,0x00,0x00,0x00,
  0x00,0x06,0xFF,0x50,0x00,0x00,0x00,0x00,0x00,0x1F,0xFA,0x00,0x00,0x00,0x00,0x00,0x00,0xBF,0xF1,0x00,
  0x00,0x00,0x00,0x00,0x06,0xFF,0x50,0x00,0x00,0x00,0x00,0x00,0x1F,0xFA,0x00,0x00,0x00,0x00,0x00,0x00,
  0xBF,0xF1,0x00,0x00,0x00,0x00,0x00,0x06,0xFF,0x50,0x00,0x00,0x00,0x00,0x00,0x1F,0xFA,0x00,0x00,0x00,
  0x00,0x00,0x00,0xBF,0xF1,0x00,0x00,0x00,0x00,0x00,0x06,0xFF,0x50,0x00,0x00,0x00,0x00,0x00,0x1F,0xFA,
  0x00,0x00,0x00,0x00,0x00,0x00,0xBF,0xF1,0x00,0x00,0x00,0x00,0x00,0x06,0xFF,0x50,0x00,0x00,0x00,0x00,
  0x00,0x1F,0xFA,0x00,0x00,0x00,0x00,0x00,0x00,0xAF,0xF1,0x00,0x00,0x00,0x00,0x00,0x05,0xFF,0x50,0x00,
  0x00,0x00,0x00,0x00,0x1F,0xFA,0x00,0x00,0x00,0x00,0x00,0x00,0xAF,0xF1,0x00,0x00,0x00,0x00,0x00,0x05,
  0xFF,0x60,0x00,0x00,0x00,0x00,0x00,0x1F,0xFB,0x00,0x00,0x00,0x00,0x00,0x00,0xAF,0xF1,0x00,0x00,0x00,
  0x00,0x00,0x05,0xFF,0x60,0x00,0x00,0x00,0x00,0x00,0x1F,0xFB,0x00,0x00,0x00,0x00,0x00,0x00,0xAF,0xF1,
  0x00,0x00,0x00,0x00,0x00,0x05,0xFF,0x60,0x00,0x00,0x00,0x00,0x00,0x1F,0xFB,0x00,0x00,0x00,0x00,0x00,
  0x00,0xAF,0xF1,0x00,0x00,0x00,0x00,0x00,0x05,0xFF,0x60,0x00,0x00,0x00,0x00,0x00,0x1E,0xFB,0x00,0x00,
  0x00,0x00,0x00,0x00,0xAF,0xF1,0x00,0x00,0x00,0x00,0x00,0x05,0xFF,0x60,0x8F,0xFF,0xFF,0xFD,0x8F,0xFF,
  0xFF,0xFD,0x7E,0xEE,0xEF,0xFD,0x00,0x00,0x0F,0xFD,0x00,0x00,0x0F,0xFD,0x00,0x00,0x0F,0xFD,0x00,0x00,
  0x0F,0xFD,0x00,0x00,0x0F,0xFD,0x00,0x00,0x0F,0xFD,0x00,0x00,0x0F,0xFD,0x00,0x00,0x0F,0xFD,0x00,0x00,
  0x0F,0xFD,0x00,0x00,0x0F,0xFD,0x00,0x00,0x0F,0xFD,0x00,0x00,0x0F,0xFD,0x00,0x00,0x0F,0xFD,0x00,0x00,
  0x0F,0xFD,0x00,0x00,0x0F,0xFD,0x00,0x00,0x0F,0xFD,0x00,0x00,0x0F,0xFD,0x00,0x00,0x0F,0xFD,0x00,0x00,
  0x0F,0xFD,0x00,0x00,0x0F,0xFD,0x00,0x00,0x0F,0xFD,0x00,0x00,0x0F,0xFD,0x00,0x00,0x0F,0xFD,0x00,0x00,
  0x0F,0xFD,0x00,0x00,0x0F,0xFD,0x00,0x00,0x0F,0xFD,0x00,0x00,0x0F,0xFD,0x00,0x00,0x0F,0xFD,0x00,0x00,
  0x0F,0xFD,0x00,0x00,0x0F,0xFD,0x00,0x00,0x0F,0xFD,0x00,0x00,0x0F,0xFD,0x7E,0xEE,0xEF,0xFD,0x8F,0xFF,
  0xFF,0xFD,0x8F,0xFF,0xFF,0xFD,0x00,0x00,0x00,0x00,0x68,0x83,0x00,0x00,0x00,0x00,0x00,0x00,0x00,0x3F,
  0xFF,0xA0,0x00,0x00,0x00,0x00,0x00,0x00,0x09,0xFF,0xFF,0x20,0x00,0x00,0x00,0x00,0x00,0x01,0xFF,0x9E,
  0xF9,0x00,0x00,0x00,0x00,0x00,0x00,0x8F,0xF2,0x8F,0xE1,0x00,0x00,0x00,0x00,0x00,0x0E,0xFB,0x02,0xFF,
  0x70,0x00,0x00,0x00,0x00,0x06,0xFF,0x50,0x0B,0xFD,0x00,0x00,0x00,0x00,0x00,0xCF,0xE0,0x00,0x5F,0xF5,
  0x00,0x00,0x00,0x00,0x4F,0xF8,0x00,0x00,0xDF,0xC0,0x00,0x00,0x00,0x0B,0xFF,0x20,0x00,0x07,0xFF,0x40,
  0x00,0x00,0x02,0xFF,0xA0,0x00,0x00,0x1F,0xFA,0x00,0x00,0x00,0x9F,0xF4,0x00,0x00,0x00,0xAF,0xF2,0x00,
  0x00,0x1F,0xFD,0x00,0x00,0x00,0x04,0xFF,0x80,0x00,0x07,0xFF,0x70,0x00,0x00,0x00,0x0D,0xFE,0x10,0x00,
  0xEF,0xE1,0x00,0x00,0x00,0x00,0x6F,0xF7,0x00,0x6F,0xF9,0x00,0x00,0x00,0x00,0x01,0xEF,0xD0,0x0C,0xFF,
  0x30,0x00,0x00,0x00,0x00,0x09,0xFF,0x54,0xFF,0xC0,0x00,0x00,0x00,0x00,0x00,0x3F,0xFC,0xEE,0xEE,0xEE,
  0xEE,0xEE,0xEE,0xEE,0xEE,0xEE,0xFF,0xFF,0xFF,0xFF,0xFF,0xFF,0xFF,0xFF,0xFF,0xFF,0xFF,0xFF,0xFF,0xFF,
  0xFF,0xFF,0xFF,0xFF,0xCF,0xF9,0x00,0x2E,0xFF,0x20,0x05,0xFF,0xA0,0x00,0x9F,0xF3,0x00,0x0C,0xFB,0x00,
  0x00,0x00,0x02,0x57,0x77,0x53,0x00,0x00,0x00,0x00,0x00,0x17,0xDF,0xFF,0xFF,0xFF,0xE8,0x10,0x00,0x00,
  0x03,0xDF,0xFF,0xFF,0xFF,0xFF,0xFF,0xE3,0x00,0x00,0x3E,0xFF,0xFE,0x97,0x78,0xCF,0xFF,0xFD,0x10,0x00,
  0xDF,0xFF,0xA1,0x00,0x00,0x04,0xFF,0xFF,0x70,0x05,0xFF,0xFC,0x00,0x00,0x00,0x00,0x7F,0xFF,0xC0,0x0A,
  0xFF,0xF5,0x00,0x00,0x00,0x00,0x3F,0xFF,0xF0,0x0D,0xFF,0xF2,0x00,0x00,0x00,0x00,0x1F,0xFF,0xF1,0x03,
  0x33,0x30,0x00,0x00,0x00,0x00,0x0F,0xFF,0xF2,0x00,0x00,0x00,0x00,0x00,0x00,0x00,0x0F,0xFF,0xF2,0x00,
  0x00,0x00,0x15,0x79,0xAB,0xCC,0xCF,0xFF,0xF2,0x00,0x01,0x6C,0xFF,0xFF,0xFF,0xFF,0xFF,0xFF,0xF2,0x00,
  0x4E,0xFF,0xFF,0xFF,0xED,0xDD,0xEF,0xFF,0xF2,0x05,0xFF,0xFF,0xD8,0x31,0x00,0x00,0x0F,0xFF,0xF2,0x2E,
  0xFF,0xF9,0x10,0x00,0x00,0x00,0x0F,0xFF,0xF2,0x8F,0xFF,0xB0,0x00,0x00,0x00,0x00,0x0F,0xFF,0xF2,0xCF,
  0xFF,0x50,0x00,0x00,0x00,0x00,0x1F,0xFF,0xF2,0xEF,0xFF,0x30,0x00,0x00,0x00,0x00,0x5F,0xFF,0xF2,0xEF,
  0xFF,0x30,0x00,0x00,0x00,0x00,0xAF,0xFF,0xF2,0xCF,0xFF,0x80,0x00,0x00,0x00,0x05,0xFF,0xFF,0xF3,0x8F,
  0xFF,0xF5,0x00,0x00,0x00,0x6F,0xFF,0xFF,0xF4,0x1E,0xFF,0xFF,0xC8,0x77,0x9D,0xFF,0x8D,0xFF,0xF5,0x03,
  0xEF,0xFF,0xFF,0xFF,0xFF,0xFE,0x1B,0xFF,0xF6,0x00,0x19,0xEF,0xFF,0xFF,0xFF,0xA3,0x09,0xFF,0xF8,0x00,
  0x00,0x14,0x67,0x76,0x41,0x00,0x00,0x00,0x00,0x88,0x88,0x10,0x00,0x00,0x00,0x00,0x00,0x00,0x00,0x00,
  0x0F,0xFF,0xF2,0x00,0x00,0x00,0x00,0x00,0x00,0x00,0x00,0x00,0xFF,0xFF,0x20,0x00,0x00,0x00,0x00,0x00,
  0x00,0x00,0x00,0x0F,0xFF,0xF2,0x00,0x00,0x00,0x00,0x00,0x00,0x00,0x00,0x00,0xFF,0xFF,0x20,0x00,0x00,
  0x00,0x00,0x00,0x00,0x00,0x00,0x0F,0xFF,0xF2,0x00,0x00,0x00,0x00,0x00,0x00,0x00,0x00,0x00,0xFF,0xFF,
  0x20,0x00,0x00,0x00,0x00,0x00,0x00,0x00,0x00,0x0F,0xFF,0xF2,0x00,0x00,0x00,0x00,0x00,0x00,0x00,0x00,
  0x00,0xFF,0xFF,0x20,0x00,0x00,0x00,0x00,0x00,0x00,0x00,0x00,0x0F,0xFF,0xF2,0x00,0x01,0x46,0x77,0x53,
  0x00,0x00,0x00,0x00,0xFF,0xFF,0x20,0x2A,0xFF,0xFF,0xFF,0xFD,0x70,0x00,0x00,0x0F,0xFF,0xF2,0x4E,0xFF,
  0xFF,0xFF,0xFF,0xFF,0xD3,0x00,0x00,0xFF,0xFF,0x3D,0xFF,0xE9,0x77,0x8D,0xFF,0xFF,0xE3,0x00,0x0F,0xFF,
  0xFC,0xFF,0x70,0x00,0x00,0x05,0xEF,0xFF,0xD1,0x00,0xFF,0xFF,0xFF,0x40,0x00,0x00,0x00,0x03,0xFF,0xFF,
  0x90,0x0F,0xFF,0xFF,0x70,0x00,0x00,0x00,0x00,0x07,0xFF,0xFE,0x10,0xFF,0xFF,0xE1,0x00,0x00,0x00,0x00,
  0x00,0x1E,0xFF,0xF7,0x0F,0xFF,0xF9,0x00,0x00,0x00,0x00,0x00,0x00,0x9F,0xFF,0xA0,0xFF,0xFF,0x60,0x00,
  0x00,0x00,0x00,0x00,0x05,0xFF,0xFE,0x0F,0xFF,0xF4,0x00,0x00,0x00,0x00,0x00,0x00,0x2F,0xFF,0xF0,0xFF,
  0xFF,0x30,0x00,0x00,0x00,0x00,0x00,0x01,0xFF,0xFF,0x1F,0xFF,0xF2,0x00,0x00,0x00,0x00,0x00,0x00,0x0F,
  0xFF,0xF2,0xFF,0xFF,0x20,0x00,0x00,0x00,0x00,0x00,0x01,0xFF,0xFF,0x1F,0xFF,0xF3,0x00,0x00,0x00,0x00,
  0x00,0x00,0x2F,0xFF,0xF0,0xFF,0xFF,0x40,0x00,0x00,0x00,0x00,0x00,0x05,0xFF,0xFC,0x0F,0xFF,0xF8,0x00,
  0x00,0x00,0x00,0x00,0x00,0x8F,0xFF,0x90,0xFF,0xFF,0xD0,0x00,0x00,0x00,0x00,0x00,0x0E,0xFF,0xF4,0x0F,
  0xFF,0xFF,0x50,0x00,0x00,0x00,0x00,0x07,0xFF,0xFD,0x00,0xFF,0xFF,0xFE,0x30,0x00,0x00,0x00,0x04,0xFF,
  0xFF,0x50,0x0F,0xFF,0xFF,0xFE,0x60,0x00,0x00,0x06,0xEF,0xFF,0x90,0x00,0xFF,0xFF,0x7F,0xFF,0xD9,0x77,
  0x9D,0xFF,0xFF,0xA0,0x00,0x0F,0xFF,0xF2,0xAF,0xFF,0xFF,0xFF,0xFF,0xFF,0x80,0x00,0x00,0xFF,0xFF,0x20,
  0x8E,0xFF,0xFF,0xFF,0xEA,0x20,0x00,0x00,0x00,0x00,0x00,0x00,0x03,0x67,0x76,0x40,0x00,0x00,0x00,0x00,
  0x00,0x00,0x00,0x00,0x35,0x77,0x63,0x00,0x00,0x00,0x00,0x00,0x00,0x18,0xEF,0xFF,0xFF,0xFE,0x92,0x00,
  0x00,0x00,0x00,0x6E,0xFF,0xFF,0xFF,0xFF,0xFF,0xE6,0x00,0x00,0x00,0x8F,0xFF,0xFD,0x97,0x79,0xEF,0xFF,
  0xF6,0x00,0x00,0x6F,0xFF,0xF6,0x00,0x00,0x01,0x9F,0xFF,0xF3,0x00,0x3F,0xFF,0xF4,0x00,0x00,0x00,0x00,
  0x9F,0xFF,0xC0,0x0A,0xFF,0xF7,0x00,0x00,0x00,0x00,0x01,0xEF,0xFF,0x32,0xFF,0xFE,0x10,0x00,0x00,0x00,
  0x00,0x08,0xFF,0xF8,0x7F,0xFF,0x90,0x00,0x00,0x00,0x00,0x00,0x3C,0xCC,0x9B,0xFF,0xF6,0x00,0x00,0x00,
  0x00,0x00,0x00,0x00,0x00,0xDF,0xFF,0x40,0x00,0x00,0x00,0x00,0x00,0x00,0x00,0x0E,0xFF,0xF3,0x00,0x00,
  0x00,0x00,0x00,0x00,0x00,0x00,0xFF,0xFF,0x20,0x00,0x00,0x00,0x00,0x00,0x00,0x00,0x0E,0xFF,0xF3,0x00,
  0x00,0x00,0x00,0x00,0x00,0x00,0x00,0xDF,0xFF,0x40,0x00,0x00,0x00,0x00,0x00,0x00,0x00,0x0C,0xFF,0xF7,
  0x00,0x00,0x00,0x00,0x00,0x00,0x00,0x00,0x9F,0xFF,0xA0,0x00,0x00,0x00,0x00,0x00,0x26,0x66,0x35,0xFF,
  0xFE,0x10,0x00,0x00,0x00,0x00,0x0A,0xFF,0xF5,0x1E,0xFF,0xF7,0x00,0x00,0x00,0x00,0x01,0xFF,0xFE,0x10,
  0x8F,0xFF,0xF3,0x00,0x00,0x00,0x00,0xBF,0xFF,0x80,0x01,0xDF,0xFF,0xE5,0x00,0x00,0x01,0xAF,0xFF,0xD1,
  0x00,0x03,0xEF,0xFF,0xFC,0x86,0x7A,0xFF,0xFF,0xE3,0x00,0x00,0x02,0xCF,0xFF,0xFF,0xFF,0xFF,0xFF,0xD3,
  0x00,0x00,0x00,0x00,0x6D,0xFF,0xFF,0xFF,0xFC,0x60,0x00,0x00,0x00,0x00,0x00,0x02,0x56,0x76,0x52,0x00,
  0x00,0x00,0x00,0x00,0x00,0x00,0x00,0x00,0x00,0x00,0x00,0x01,0x88,0x88,0x00,0x00,0x00,0x00,0x00,0x00,
  0x00,0x00,0x02,0xFF,0xFF,0x00,0x00,0x00,0x00,0x00,0x00,0x00,0x00,0x02,0xFF,0xFF,0x00,0x00,0x00,0x00,
  0x00,0x00,0x00,0x00,0x02,0xFF,0xFF,0x00,0x00,0x00,0x00,0x00,0x00,0x00,0x00,0x02,0xFF,0xFF,0x00,0x00,
  0x00,0x00,0x00,0x00,0x00,0x00,0x02,0xFF,0xFF,0x00,0x00,0x00,0x00,0x00,0x00,0x00,0x00,0x02,0xFF,0xFF,
  0x00,0x00,0x00,0x00,0x00,0x00,0x00,0x00,0x02,0xFF,0xFF,0x00,0x00,0x00,0x00,0x00,0x00,0x00,0x00,0x02,
  0xFF,0xFF,0x00,0x00,0x00,0x00,0x35,0x77,0x63,0x00,0x02,0xFF,0xFF,0x00,0x00,0x01,0x9E,0xFF,0xFF,0xFF,
  0xD8,0x02,0xFF,0xFF,0x00,0x00,0x6E,0xFF,0xFF,0xFF,0xFF,0xFF,0xA2,0xFF,0xFF,0x00,0x09,0xFF,0xFF,0xE9,
  0x77,0x9D,0xFF,0xF7,0xFF,0xFF,0x00,0x7F,0xFF,0xF7,0x00,0x00,0x00,0x6E,0xFF,0xFF,0xFF,0x03,0xFF,0xFF,
  0x50,0x00,0x00,0x00,0x03,0xEF,0xFF,0xFF,0x0B,0xFF,0xF9,0x00,0x00,0x00,0x00,0x00,0x5F,0xFF,0xFF,0x2F,
  0xFF,0xF1,0x00,0x00,0x00,0x00,0x00,0x0D,0xFF,0xFF,0x7F,0xFF,0xA0,0x00,0x00,0x00,0x00,0x00,0x08,0xFF,
  0xFF,0xAF,0xFF,0x70,0x00,0x00,0x00,0x00,0x00,0x05,0xFF,0xFF,0xDF,0xFF,0x40,0x00,0x00,0x00,0x00,0x00,
  0x03,0xFF,0xFF,0xEF,0xFF,0x30,0x00,0x00,0x00,0x00,0x00,0x02,0xFF,0xFF,0xFF,0xFF,0x20,0x00,0x00,0x00,
  0x00,0x00,0x02,0xFF,0xFF,0xEF,0xFF,0x30,0x00,0x00,0x00,0x00,0x00,0x03,0xFF,0xFF,0xDF,0xFF,0x40,0x00,
  0x00,0x00,0x00,0x00,0x04,0xFF,0xFF,0xCF,0xFF,0x70,0x00,0x00,0x00,0x00,0x00,0x06,0xFF,0xFF,0x8F,0xFF,
  0xB0,0x00,0x00,0x00,0x00,0x00,0x09,0xFF,0xFF,0x5F,0xFF,0xF1,0x00,0x00,0x00,0x00,0x00,0x1E,0xFF,0xFF,
  0x0D,0xFF,0xF9,0x00,0x00,0x00,0x00,0x00,0x7F,0xFF,0xFF,0x07,0xFF,0xFF,0x40,0x00,0x00,0x00,0x04,0xFF,
  0xFF,0xFF,0x00,0xCF,0xFF,0xE6,0x00,0x00,0x00,0x7F,0xFC,0xFF,0xFF,0x00,0x2D,0xFF,0xFF,0xD8,0x77,0x9E,
  0xFF,0xD3,0xFF,0xFF,0x00,0x02,0xCF,0xFF,0xFF,0xFF,0xFF,0xFE,0x42,0xFF,0xFF,0x00,0x00,0x06,0xDF,0xFF,
  0xFF,0xFF,0xA2,0x02,0xFF,0xFF,0x00,0x00,0x00,0x02,0x57,0x76,0x41,0x00,0x00,0x00,0x00,0x00,0x00,0x00,
  0x00,0x35,0x77,0x64,0x00,0x00,0x00,0x00,0x00,0x00,0x19,0xEF,0xFF,0xFF,0xFE,0x91,0x00,0x00,0x00,0x00,
  0x6E,0xFF,0xFF,0xFF,0xFF,0xFF,0xE5,0x00,0x00,0x00,0x8F,0xFF,0xFC,0x87,0x79,0xDF,0xFF,0xF5,0x00,0x00,
  0x6F,0xFF,0xD4,0x00,0x00,0x00,0x6F,0xFF,0xE2,0x00,0x3F,0xFF,0xD1,0x00,0x00,0x00,0x00,0x5F,0xFF,0xB0,
  0x0A,0xFF,0xF3,0x00,0x00,0x00,0x00,0x00,0xBF,0xFF,0x22,0xFF,0xFA,0x00,0x00,0x00,0x00,0x00,0x05,0xFF,
  0xF7,0x7F,0xFF,0x50,0x00,0x00,0x00,0x00,0x00,0x1F,0xFF,0xBA,0xFF,0xF2,0x00,0x00,0x00,0x00,0x00,0x00,
  0xEF,0xFD,0xDF,0xFF,0xEE,0xEE,0xEE,0xEE,0xEE,0xEE,0xEF,0xFF,0xEE,0xFF,0xFF,0xFF,0xFF,0xFF,0xFF,0xFF,
  0xFF,0xFF,0xFF,0xFF,0xFF,0xFF,0xFF,0xFF,0xFF,0xFF,0xFF,0xFF,0xFF,0xEE,0xFF,0xF2,0x00,0x00,0x00,0x00,
  0x00,0x00,0x00,0x00,0xDF,0xFF,0x30,0x00,0x00,0x00,0x00,0x00,0x00,0x00,0x0C,0xFF,0xF5,0x00,0x00,0x00,
  0x00,0x00,0x00,0x00,0x00,0x8F,0xFF,0x80,0x00,0x00,0x00,0x00,0x00,0x5D,0xDD,0x85,0xFF,0xFC,0x00,0x00,
  0x00,0x00,0x00,0x09,0xFF,0xF5,0x0E,0xFF,0xF4,0x00,0x00,0x00,0x00,0x01,0xEF,0xFE,0x10,0x7F,0xFF,0xD1,
  0x00,0x00,0x00,0x00,0xBF,0xFF,0x90,0x00,0xCF,0xFF,0xD3,0x00,0x00,0x02,0xBF,0xFF,0xD1,0x00,0x02,0xDF,
  0xFF,0xFC,0x86,0x7A,0xFF,0xFF,0xE3,0x00,0x00,0x01,0xBF,0xFF,0xFF,0xFF,0xFF,0xFF,0xC2,0x00,0x00,0x00,
  0x00,0x5C,0xFF,0xFF,0xFF,0xFC,0x60,0x00,0x00,0x00,0x00,0x00,0x01,0x56,0x77,0x52,0x00,0x00,0x00,0x00,
  0x00,0x00,0x00,0x46,0x76,0x52,0x00,0x00,0x5D,0xFF,0xFF,0xF8,0x00,0x07,0xFF,0xFF,0xFF,0xF8,0x00,0x3F,
  0xFF,0xFF,0xEC,0xD7,0x00,0x9F,0xFF,0xD4,0x00,0x00,0x00,0xDF,0xFF,0x50,0x00,0x00,0x01,0xFF,0xFF,0x10,
  0x00,0x00,0x02,0xFF,0xFF,0x00,0x00,0x00,0x02,0xFF,0xFF,0x00,0x00,0x00,0x02,0xFF,0xFF,0x00,0x00,0x00,
  0x02,0xFF,0xFF,0x00,0x00,0x00,0xFF,0xFF,0xFF,0xFF,0xFF,0xF0,0xFF,0xFF,0xFF,0xFF,0xFF,0xF0,0xEE,0xFF,
  0xFF,0xEE,0xEE,0xE0,0x02,0xFF,0xFF,0x00,0x00,0x00,0x02,0xFF,0xFF,0x00,0x00,0x00,0x02,0xFF,0xFF,0x00,
  0x00,0x00,0x02,0xFF,0xFF,0x00,0x00,0x00,0x02,0xFF,0xFF,0x00,0x00,0x00,0x02,0xFF,0xFF,0x00,0x00,0x00,
  0x02,0xFF,0xFF,0x00,0x00,0x00,0x02,0xFF,0xFF,0x00,0x00,0x00,0x02,0xFF,0xFF,0x00,0x00,0x00,0x02,0xFF,
  0xFF,0x00,0x00,0x00,0x02,0xFF,0xFF,0x00,0x00,0x00,0x02,0xFF,0xFF,0x00,0x00,0x00,0x02,0xFF,0xFF,0x00,
  0x00,0x00,0x02,0xFF,0xFF,0x00,0x00,0x00,0x02,0xFF,0xFF,0x00,0x00,0x00,0x02,0xFF,0xFF,0x00,0x00,0x00,
  0x02,0xFF,0xFF,0x00,0x00,0x00,0x02,0xFF,0xFF,0x00,0x00,0x00,0x02,0xFF,0xFF,0x00,0x00,0x00,0x02,0xFF,
  0xFF,0x00,0x00,0x00,0x00,0x00,0x00,0x00,0x35,0x77,0x63,0x00,0x00,0x00,0x00,0x00,0x00,0x00,0x18,0xEF,
  0xFF,0xFF,0xFE,0x81,0x0F,0xFF,0xF2,0x00,0x00,0x6E,0xFF,0xFF,0xFF,0xFF,0xFF,0xC0,0xFF,0xFF,0x20,0x00,
  0x8F,0xFF,0xFE,0x97,0x79,0xDF,0xFF,0x7F,0xFF,0xF2,0x00,0x7F,0xFF,0xF8,0x00,0x00,0x00,0x5E,0xFF,0xFF,
  0xFF,0x20,0x3F,0xFF,0xF5,0x00,0x00,0x00,0x00,0x2E,0xFF,0xFF,0xF2,0x0B,0xFF,0xF9,0x00,0x00,0x00,0x00,
  0x00,0x4F,0xFF,0xFF,0x22,0xFF,0xFF,0x10,0x00,0x00,0x00,0x00,0x00,0xBF,0xFF,0xF2,0x7F,0xFF,0xA0,0x00,
  0x00,0x00,0x00,0x00,0x06,0xFF,0xFF,0x2A,0xFF,0xF7,0x00,0x00,0x00,0x00,0x00,0x00,0x2F,0xFF,0xF2,0xDF,
  0xFF,0x40,0x00,0x00,0x00,0x00,0x00,0x01,0xFF,0xFF,0x2E,0xFF,0xF3,0x00,0x00,0x00,0x00,0x00,0x00,0x0F,
  0xFF,0xF2,0xFF,0xFF,0x20,0x00,0x00,0x00,0x00,0x00,0x00,0xFF,0xFF,0x2E,0xFF,0xF3,0x00,0x00,0x00,0x00,
  0x00,0x00,0x1F,0xFF,0xF2,0xDF,0xFF,0x40,0x00,0x00,0x00,0x00,0x00,0x02,0xFF,0xFF,0x2C,0xFF,0xF7,0x00,
  0x00,0x00,0x00,0x00,0x00,0x4F,0xFF,0xF2,0x8F,0xFF,0xB0,0x00,0x00,0x00,0x00,0x00,0x07,0xFF,0xFF,0x24,
  0xFF,0xFF,0x20,0x00,0x00,0x00,0x00,0x00,0xDF,0xFF,0xF2,0x0D,0xFF,0xF9,0x00,0x00,0x00,0x00,0x00,0x5F,
  0xFF,0xFF,0x20,0x7F,0xFF,0xF5,0x00,0x00,0x00,0x00,0x3E,0xFF,0xFF,0xF2,0x00,0xCF,0xFF,0xF6,0x00,0x00,
  0x00,0x6E,0xFC,0xFF,0xFF,0x20,0x02,0xDF,0xFF,0xFD,0x97,0x79,0xDF,0xFE,0x2F,0xFF,0xF2,0x00,0x02,0xCF,
  0xFF,0xFF,0xFF,0xFF,0xFF,0x60,0xFF,0xFF,0x20,0x00,0x00,0x6D,0xFF,0xFF,0xFF,0xFB,0x30,0x0F,0xFF,0xF2,
  0x00,0x00,0x00,0x02,0x56,0x76,0x51,0x00,0x01,0xFF,0xFF,0x04,0xFF,0xF9,0x00,0x00,0x00,0x00,0x00,0x00,
  0x4F,0xFF,0xE0,0x1F,0xFF,0xC0,0x00,0x00,0x00,0x00,0x00,0x08,0xFF,0xFA,0x00,0xDF,0xFF,0x20,0x00,0x00,
  0x00,0x00,0x01,0xEF,0xFF,0x60,0x08,0xFF,0xFC,0x10,0x00,0x00,0x00,0x00,0xBF,0xFF,0xD0,0x00,0x1E,0xFF,
  0xFC,0x20,0x00,0x00,0x02,0xBF,0xFF,0xF5,0x00,0x00,0x4F,0xFF,0xFF,0xB8,0x77,0x8B,0xFF,0xFF,0xF7,0x00,
  0x00,0x00,0x4E,0xFF,0xFF,0xFF,0xFF,0xFF,0xFF,0xE5,0x00,0x00,0x00,0x00,0x17,0xDF,0xFF,0xFF,0xFF,0xFD,
  0x71,0x00,0x00,0x00,0x00,0x00,0x00,0x24,0x67,0x76,0x52,0x00,0x00,0x00,0x00,0x88,0x88,0x10,0x00,0x00,
  0x00,0x00,0x00,0x00,0x00,0xFF,0xFF,0x20,0x00,0x00,0x00,0x00,0x00,0x00,0x00,0xFF,0xFF,0x20,0x00,0x00,
  0x00,0x00,0x00,0x00,0x00,0xFF,0xFF,0x20,0x00,0x00,0x00,0x00,0x00,0x00,0x00,0xFF,0xFF,0x20,0x00,0x00,
  0x00,0x00,0x00,0x00,0x00,0xFF,0xFF,0x20,0x00,0x00,0x00,0x00,0x00,0x00,0x00,0xFF,0xFF,0x20,0x00,0x00,
  0x00,0x00,0x00,0x00,0x00,0xFF,0xFF,0x20,0x00,0x00,0x00,0x00,0x00,0x00,0x00,0xFF,0xFF,0x20,0x00,0x00,
  0x00,0x00,0x00,0x00,0x00,0xFF,0xFF,0x20,0x00,0x14,0x67,0x75,0x20,0x00,0x00,0xFF,0xFF,0x20,0x3A,0xFF,
  0xFF,0xFF,0xFC,0x50,0x00,0xFF,0xFF,0x27,0xFF,0xFF,0xFF,0xFF,0xFF,0xF9,0x00,0xFF,0xFF,0x4E,0xFF,0xD8,
  0x67,0xAF,0xFF,0xFF,0x80,0xFF,0xFF,0xBF,0xE6,0x00,0x00,0x02,0xCF,0xFF,0xF3,0xFF,0xFF,0xFF,0x40,0x00,
  0x00,0x00,0x2E,0xFF,0xF8,0xFF,0xFF,0xF9,0x00,0x00,0x00,0x00,0x09,0xFF,0xFC,0xFF,0xFF,0xF2,0x00,0x00,
  0x00,0x00,0x05,0xFF,0xFE,0xFF,0xFF,0xC0,0x00,0x00,0x00,0x00,0x03,0xFF,0xFF,0xFF,0xFF,0x80,0x00,0x00,
  0x00,0x00,0x03,0xFF,0xFF,0xFF,0xFF,0x60,0x00,0x00,0x00,0x00,0x02,0xFF,0xFF,0xFF,0xFF,0x40,0x00,0x00,
  0x00,0x00,0x02,0xFF,0xFF,0xFF,0xFF,0x30,0x00,0x00,0x00,0x00,0x02,0xFF,0xFF,0xFF,0xFF,0x20,0x00,0x00,
  0x00,0x00,0x02,0xFF,0xFF,0xFF,0xFF,0x20,0x00,0x00,0x00,0x00,0x02,0xFF,0xFF,0xFF,0xFF,0x20,0x00,0x00,
  0x00,0x00,0x02,0xFF,0xFF,0xFF,0xFF,0x20,0x00,0x00,0x00,0x00,0x02,0xFF,0xFF,0xFF,0xFF,0x20,0x00,0x00,
  0x00,0x00,0x02,0xFF,0xFF,0xFF,0xFF,0x20,0x00,0x00,0x00,0x00,0x02,0xFF,0xFF,0xFF,0xFF,0x20,0x00,0x00,
  0x00,0x00,0x02,0xFF,0xFF,0xFF,0xFF,0x20,0x00,0x00,0x00,0x00,0x02,0xFF,0xFF,0xFF,0xFF,0x20,0x00,0x00,
  0x00,0x00,0x02,0xFF,0xFF,0xFF,0xFF,0x20,0x00,0x00,0x00,0x00,0x02,0xFF,0xFF,0xFF,0xFF,0x20,0x00,0x00,
  0x00,0x00,0x02,0xFF,0xFF,0x04,0x74,0x07,0xFF,0xF6,0xEF,0xFF,0xEE,0xFF,0xFE,0x7F,0xFF,0x70,0x47,0x40,
  0x00,0x00,0x00,0x00,0x00,0xFF,0xFF,0x0F,0xFF,0xF0,0xFF,0xFF,0x0F,0xFF,0xF0,0xFF,0xFF,0x0F,0xFF,0xF0,
  0xFF,0xFF,0x0F,0xFF,0xF0,0xFF,0xFF,0x0F,0xFF,0xF0,0xFF,0xFF,0x0F,0xFF,0xF0,0xFF,0xFF,0x0F,0xFF,0xF0,
  0xFF,0xFF,0x0F,0xFF,0xF0,0xFF,0xFF,0x0F,0xFF,0xF0,0xFF,0xFF,0x0F,0xFF,0xF0,0xFF,0xFF,0x0F,0xFF,0xF0,
  0xFF,0xFF,0x00,0x00,0x00,0x47,0x40,0x00,0x07,0xFF,0xF6,0x00,0x0E,0xFF,0xFE,0x00,0x0E,0xFF,0xFE,0x00,
  0x07,0xFF,0xF7,0x00,0x00,0x47,0x40,0x00,0x00,0x00,0x00,0x00,0x00,0x00,0x00,0x00,0x0F,0xFF,0xF0,0x00,
  0x0F,0xFF,0xF0,0x00,0x0F,0xFF,0xF0,0x00,0x0F,0xFF,0xF0,0x00,0x0F,0xFF,0xF0,0x00,0x0F,0xFF,0xF0,0x00,
  0x0F,0xFF,0xF0,0x00,0x0F,0xFF,0xF0,0x00,0x0F,0xFF,0xF0,0x00,0x0F,0xFF,0xF0,0x00,0x0F,0xFF,0xF0,0x00,
  0x0F,0xFF,0xF0,0x00,0x0F,0xFF,0xF0,0x00,0x0F,0xFF,0xF0,0x00,0x0F,0xFF,0xF0,0x00,0x0F,0xFF,0xF0,0x00,
  0x0F,0xFF,0xF0,0x00,0x0F,0xFF,0xF0,0x00,0x0F,0xFF,0xF0,0x00,0x0F,0xFF,0xF0,0x00,0x0F,0xFF,0xF0,0x00,
  0x0F,0xFF,0xF0,0x00,0x0F,0xFF,0xF0,0x00,0x0F,0xFF,0xF0,0x00,0x0F,0xFF,0xF0,0x00,0x0F,0xFF,0xF0,0x00,
  0x0F,0xFF,0xF0,0x00,0x2F,0xFF,0xE0,0x00,0x7F,0xFF,0xC0,0xAC,0xFF,0xFF,0x80,0xFF,0xFF,0xFE,0x20,0xFF,
  0xFF,0xE4,0x00,0x77,0x74,0x00,0x00,0x88,0x88,0x10,0x00,0x00,0x00,0x00,0x00,0x00,0x00,0xFF,0xFF,0x20,
  0x00,0x00,0x00,0x00,0x00,0x00,0x00,0xFF,0xFF,0x20,0x00,0x00,0x00,0x00,0x00,0x00,0x00,0xFF,0xFF,0x20,
  0x00,0x00,0x00,0x00,0x00,0x00,0x00,0xFF,0xFF,0x20,0x00,0x00,0x00,0x00,0x00,0x00,0x00,0xFF,0xFF,0x20,
  0x00,0x00,0x00,0x00,0x00,0x00,0x00,0xFF,0xFF,0x20,0x00,0x00,0x00,0x00,0x00,0x00,0x00,0xFF,0xFF,0x20,
  0x00,0x00,0x00,0x00,0x00,0x00,0x00,0xFF,0xFF,0x20,0x00,0x00,0x00,0x00,0x00,0x00,0x00,0xFF,0xFF,0x20,
  0x00,0x00,0x00,0x00,0x00,0x00,0x00,0xFF,0xFF,0x20,0x00,0x00,0x00,0x00,0x7F,0xFF,0xF5,0xFF,0xFF,0x20,
  0x00,0x00,0x00,0x06,0xFF,0xFF,0x50,0xFF,0xFF,0x20,0x00,0x00,0x00,0x5F,0xFF,0xF5,0x00,0xFF,0xFF,0x20,
  0x00,0x00,0x04,0xFF,0xFF,0x50,0x00,0xFF,0xFF,0x20,0x00,0x00,0x4F,0xFF,0xF5,0x00,0x00,0xFF,0xFF,0x20,
  0x00,0x03,0xEF,0xFF,0x50,0x00,0x00,0xFF,0xFF,0x20,0x00,0x2E,0xFF,0xF5,0x00,0x00,0x00,0xFF,0xFF,0x20,
  0x02,0xDF,0xFF,0x50,0x00,0x00,0x00,0xFF,0xFF,0x20,0x1D,0xFF,0xF5,0x00,0x00,0x00,0x00,0xFF,0xFF,0x21,
  0xCF,0xFF,0x50,0x00,0x00,0x00,0x00,0xFF,0xFF,0x3C,0xFF,0xF5,0x00,0x00,0x00,0x00,0x00,0xFF,0xFF,0xDF,
  0xFF,0xF8,0x00,0x00,0x00,0x00,0x00,0xFF,0xFF,0xFF,0xFF,0xFF,0x70,0x00,0x00,0x00,0x00,0xFF,0xFF,0xFE,
  0x9F,0xFF,0xF6,0x00,0x00,0x00,0x00,0xFF,0xFF,0xF4,0x09,0xFF,0xFF,0x40,0x00,0x00,0x00,0xFF,0xFF,0x50,
  0x00,0xBF,0xFF,0xE3,0x00,0x00,0x00,0xFF,0xFF,0x20,0x00,0x1C,0xFF,0xFE,0x20,0x00,0x00,0xFF,0xFF,0x20,
  0x00,0x01,0xDF,0xFF,0xD2,0x00,0x00,0xFF,0xFF,0x20,0x00,0x00,0x3E,0xFF,0xFC,0x10,0x00,0xFF,0xFF,0x20,
  0x00,0x00,0x04,0xFF,0xFF,0xB1,0x00,0xFF,0xFF,0x20,0x00,0x00,0x00,0x5F,0xFF,0xFA,0x00,0xFF,0xFF,0x20,
  0x00,0x00,0x00,0x07,0xFF,0xFF,0x90,0xFF,0xFF,0x20,0x00,0x00,0x00,0x00,0x9F,0xFF,0xF8,0x88,0x88,0x10,
  0x0F,0xFF,0xF2,0x00,0xFF,0xFF,0x20,0x0F,0xFF,0xF2,0x00,0xFF,0xFF,0x20,0x0F,0xFF,0xF2,0x00,0xFF,0xFF,
  0x20,0x0F,0xFF,0xF2,0x00,0xFF,0xFF,0x20,0x0F,0xFF,0xF2,0x00,0xFF,0xFF,0x20,0x0F,0xFF,0xF2,0x00,0xFF,
  0xFF,0x20,0x0F,0xFF,0xF2,0x00,0xFF,0xFF,0x20,0x0F,0xFF,0xF2,0x00,0xFF,0xFF,0x20,0x0F,0xFF,0xF2,0x00,
  0xFF,0xFF,0x20,0x0F,0xFF,0xF2,0x00,0xFF,0xFF,0x20,0x0F,0xFF,0xF2,0x00,0xFF,0xFF,0x20,0x0F,0xFF,0xF2,
  0x00,0xFF,0xFF,0x20,0x0F,0xFF,0xF2,0x00,0xFF,0xFF,0x20,0x0F,0xFF,0xF2,0x00,0xFF,0xFF,0x30,0x0F,0xFF,
  0xF8,0x00,0xDF,0xFF,0xFE,0x78,0xFF,0xFF,0xF8,0x07,0xDE,0xFE,0x60,0x00,0x00,0x00,0x01,0x57,0x77,0x41,
  0x00,0x00,0x00,0x02,0x57,0x76,0x41,0x00,0x00,0xFF,0xFF,0x22,0xAF,0xFF,0xFF,0xFE,0x81,0x00,0x03,0xBF,
  0xFF,0xFF,0xFE,0x80,0x00,0xFF,0xFF,0x2B,0xFF,0xFF,0xFF,0xFF,0xFC,0x10,0x1E,0xFF,0xFF,0xFF,0xFF,0xFB,
  0x10,0xFF,0xFF,0x7F,0xFB,0x77,0x9E,0xFF,0xFF,0xB0,0xBF,0xFA,0x77,0x9E,0xFF,0xFF,0x90,0xFF,0xFF,0xEF,
  0x50,0x00,0x01,0xAF,0xFF,0xFA,0xFE,0x40,0x00,0x01,0xBF,0xFF,0xF2,0xFF,0xFF,0xF8,0x00,0x00,0x00,0x0D,
  0xFF,0xFF,0xF6,0x00,0x00,0x00,0x1E,0xFF,0xF7,0xFF,0xFF,0xF1,0x00,0x00,0x00,0x08,0xFF,0xFF,0xD0,0x00,
  0x00,0x00,0x0A,0xFF,0xFA,0xFF,0xFF,0xB0,0x00,0x00,0x00,0x04,0xFF,0xFF,0x90,0x00,0x00,0x00,0x07,0xFF,
  0xFC,0xFF,0xFF,0x70,0x00,0x00,0x00,0x03,0xFF,0xFF,0x50,0x00,0x00,0x00,0x05,0xFF,0xFC,0xFF,0xFF,0x50,
  0x00,0x00,0x00,0x03,0xFF,0xFF,0x30,0x00,0x00,0x00,0x05,0xFF,0xFD,0xFF,0xFF,0x30,0x00,0x00,0x00,0x02,
  0xFF,0xFF,0x10,0x00,0x00,0x00,0x04,0xFF,0xFD,0xFF,0xFF,0x30,0x00,0x00,0x00,0x02,0xFF,0xFF,0x10,0x00,
  0x00,0x00,0x04,0xFF,0xFD,0xFF,0xFF,0x20,0x00,0x00,0x00,0x02,0xFF,0xFF,0x00,0x00,0x00,0x00,0x04,0xFF,
  0xFD,0xFF,0xFF,0x20,0x00,0x00,0x00,0x02,0xFF,0xFF,0x00,0x00,0x00,0x00,0x04,0xFF,0xFD,0xFF,0xFF,0x20,
  0x00,0x00,0x00,0x02,0xFF,0xFF,0x00,0x00,0x00,0x00,0x04,0xFF,0xFD,0xFF,0xFF,0x20,0x00,0x00,0x00,0x02,
  0xFF,0xFF,0x00,0x00,0x00,0x00,0x04,0xFF,0xFD,0xFF,0xFF,0x20,0x00,0x00,0x00,0x02,0xFF,0xFF,0x00,0x00,
  0x00,0x00,0x04,0xFF,0xFD,0xFF,0xFF,0x20,0x00,0x00,0x00,0x02,0xFF,0xFF,0x00,0x00,0x00,0x00,0x04,0xFF,
  0xFD,0xFF,0xFF,0x20,0x00,0x00,0x00,0x02,0xFF,0xFF,0x00,0x00,0x00,0x00,0x04,0xFF,0xFD,0xFF,0xFF,0x20,
  0x00,0x00,0x00,0x02,0xFF,0xFF,0x00,0x00,0x00,0x00,0x04,0xFF,0xFD,0xFF,0xFF,0x20,0x00,0x00,0x00,0x02,
  0xFF,0xFF,0x00,0x00,0x00,0x00,0x04,0xFF,0xFD,0xFF,0xFF,0x20,0x00,0x00,0x00,0x02,0xFF,0xFF,0x00,0x00,
  0x00,0x00,0x04,0xFF,0xFD,0xFF,0xFF,0x20,0x00,0x00,0x00,0x02,0xFF,0xFF,0x00,0x00,0x00,0x00,0x04,0xFF,
  0xFD,0xFF,0xFF,0x20,0x00,0x00,0x00,0x02,0xFF,0xFF,0x00,0x00,0x00,0x00,0x04,0xFF,0xFD,0x00,0x00,0x00,
  0x00,0x14,0x67,0x75,0x20,0x00,0x00,0xFF,0xFF,0x20,0x3A,0xFF,0xFF,0xFF,0xFC,0x50,0x00,0xFF,0xFF,0x26,
  0xFF,0xFF,0xFF,0xFF,0xFF,0xF9,0x00,0xFF,0xFF,0x3E,0xFF,0xD8,0x77,0xAE,0xFF,0xFF,0x80,0xFF,0xFF,0xBF,
  0xF6,0x00,0x00,0x01,0xCF,0xFF,0xF3,0xFF,0xFF,0xFF,0x50,0x00,0x00,0x00,0x1E,0xFF,0xF8,0xFF,0xFF,0xF9,
  0x00,0x00,0x00,0x00,0x08,0xFF,0xFC,0xFF,0xFF,0xF2,0x00,0x00,0x00,0x00,0x05,0xFF,0xFE,0xFF,0xFF,0xC0,
  0x00,0x00,0x00,0x00,0x03,0xFF,0xFF,0xFF,0xFF,0x80,0x00,0x00,0x00,0x00,0x03,0xFF,0xFF,0xFF,0xFF,0x60,
  0x00,0x00,0x00,0x00,0x02,0xFF,0xFF,0xFF,0xFF,0x40,0x00,0x00,0x00,0x00,0x02,0xFF,0xFF,0xFF,0xFF,0x30,
  0x00,0x00,0x00,0x00,0x02,0xFF,0xFF,0xFF,0xFF,0x20,0x00,0x00,0x00,0x00,0x02,0xFF,0xFF,0xFF,0xFF,0x20,
  0x00,0x00,0x00,0x00,0x02,0xFF,0xFF,0xFF,0xFF,0x20,0x00,0x00,0x00,0x00,0x02,0xFF,0xFF,0xFF,0xFF,0x20,
  0x00,0x00,0x00,0x00,0x02,0xFF,0xFF,0xFF,0xFF,0x20,0x00,0x00,0x00,0x00,0x02,0xFF,0xFF,0xFF,0xFF,0x20,
  0x00,0x00,0x00,0x00,0x02,0xFF,0xFF,0xFF,0xFF,0x20,0x00,0x00,0x00,0x00,0x02,0xFF,0xFF,0xFF,0xFF,0x20,
  0x00,0x00,0x00,0x00,0x02,0xFF,0xFF,0xFF,0xFF,0x20,0x00,0x00,0x00,0x00,0x02,0xFF,0xFF,0xFF,0xFF,0x20,
  0x00,0x00,0x00,0x00,0x02,0xFF,0xFF,0xFF,0xFF,0x20,0x00,0x00,0x00,0x00,0x02,0xFF,0xFF,0x00,0x00,0x00,
  0x00,0x25,0x67,0x65,0x30,0x00,0x00,0x00,0x00,0x00,0x00,0x01,0x8D,0xFF,0xFF,0xFF,0xFE,0x92,0x00,0x00,
  0x00,0x00,0x00,0x7E,0xFF,0xFF,0xFF,0xFF,0xFF,0xFF,0x80,0x00,0x00,0x00,0x08,0xFF,0xFF,0xFB,0x86,0x7A,
  0xEF,0xFF,0xFA,0x00,0x00,0x00,0x7F,0xFF,0xFA,0x10,0x00,0x00,0x18,0xFF,0xFF,0x90,0x00,0x03,0xFF,0xFF,
  0x80,0x00,0x00,0x00,0x00,0x6F,0xFF,0xF4,0x00,0x0A,0xFF,0xFB,0x00,0x00,0x00,0x00,0x00,0x09,0xFF,0xFC,
  0x00,0x2F,0xFF,0xF2,0x00,0x00,0x00,0x00,0x00,0x01,0xEF,0xFF,0x40,0x7F,0xFF,0xB0,0x00,0x00,0x00,0x00,
  0x00,0x00,0x9F,0xFF,0x90,0xAF,0xFF,0x70,0x00,0x00,0x00,0x00,0x00,0x00,0x5F,0xFF,0xC0,0xDF,0xFF,0x40,
  0x00,0x00,0x00,0x00,0x00,0x00,0x2F,0xFF,0xF0,0xEF,0xFF,0x30,0x00,0x00,0x00,0x00,0x00,0x00,0x1F,0xFF,
  0xF1,0xFF,0xFF,0x20,0x00,0x00,0x00,0x00,0x00,0x00,0x0F,0xFF,0xF2,0xEF,0xFF,0x30,0x00,0x00,0x00,0x00,
  0x00,0x00,0x1F,0xFF,0xF1,0xDF,0xFF,0x40,0x00,0x00,0x00,0x00,0x00,0x00,0x2F,0xFF,0xF0,0xAF,0xFF,0x70,
  0x00,0x00,0x00,0x00,0x00,0x00,0x5F,0xFF,0xC0,0x7F,0xFF,0xC0,0x00,0x00,0x00,0x00,0x00,0x00,0x9F,0xFF,
  0x90,0x2F,0xFF,0xF3,0x00,0x00,0x00,0x00,0x00,0x01,0xEF,0xFF,0x40,0x0A,0xFF,0xFB,0x00,0x00,0x00,0x00,
  0x00,0x09,0xFF,0xFC,0x00,0x03,0xFF,0xFF,0x80,0x00,0x00,0x00,0x00,0x6F,0xFF,0xF4,0x00,0x00,0x7F,0xFF,
  0xFA,0x10,0x00,0x00,0x18,0xFF,0xFF,0x90,0x00,0x00,0x08,0xFF,0xFF,0xFB,0x86,0x7A,0xEF,0xFF,0xFA,0x00,
  0x00,0x00,0x00,0x7E,0xFF,0xFF,0xFF,0xFF,0xFF,0xFF,0x80,0x00,0x00,0x00,0x00,0x01,0x8D,0xFF,0xFF,0xFF,
  0xFE,0x92,0x00,0x00,0x00,0x00,0x00,0x00,0x00,0x35,0x67,0x65,0x30,0x00,0x00,0x00,0x00,0x00,0x00,0x00,
  0x00,0x14,0x67,0x75,0x30,0x00,0x00,0x00,0x0F,0xFF,0xF2,0x02,0xAF,0xFF,0xFF,0xFF,0xD7,0x00,0x00,0x00,
  0xFF,0xFF,0x24,0xEF,0xFF,0xFF,0xFF,0xFF,0xFD,0x30,0x00,0x0F,0xFF,0xF3,0xDF,0xFE,0x97,0x78,0xDF,0xFF,
  0xFE,0x30,0x00,0xFF,0xFF,0xCF,0xF7,0x00,0x00,0x00,0x5E,0xFF,0xFD,0x10,0x0F,0xFF,0xFF,0xF4,0x00,0x00,
  0x00,0x00,0x3F,0xFF,0xF9,0x00,0xFF,0xFF,0xF7,0x00,0x00,0x00,0x00,0x00,0x7F,0xFF,0xE1,0x0F,0xFF,0xFE,
  0x10,0x00,0x00,0x00,0x00,0x01,0xEF,0xFF,0x70,0xFF,0xFF,0x90,0x00,0x00,0x00,0x00,0x00,0x09,0xFF,0xFA,
  0x0F,0xFF,0xF6,0x00,0x00,0x00,0x00,0x00,0x00,0x5F,0xFF,0xE0,0xFF,0xFF,0x40,0x00,0x00,0x00,0x00,0x00,
  0x02,0xFF,0xFF,0x0F,0xFF,0xF3,0x00,0x00,0x00,0x00,0x00,0x00,0x1F,0xFF,0xF1,0xFF,0xFF,0x20,0x00,0x00,
  0x00,0x00,0x00,0x00,0xFF,0xFF,0x2F,0xFF,0xF2,0x00,0x00,0x00,0x00,0x00,0x00,0x1F,0xFF,0xF1,0xFF,0xFF,
  0x30,0x00,0x00,0x00,0x00,0x00,0x02,0xFF,0xFF,0x0F,0xFF,0xF4,0x00,0x00,0x00,0x00,0x00,0x00,0x5F,0xFF,
  0xC0,0xFF,0xFF,0x80,0x00,0x00,0x00,0x00,0x00,0x08,0xFF,0xF9,0x0F,0xFF,0xFD,0x00,0x00,0x00,0x00,0x00,
  0x00,0xEF,0xFF,0x40,0xFF,0xFF,0xF5,0x00,0x00,0x00,0x00,0x00,0x7F,0xFF,0xD0,0x0F,0xFF,0xFF,0xE3,0x00,
  0x00,0x00,0x00,0x4F,0xFF,0xF5,0x00,0xFF,0xFF,0xFF,0xE6,0x00,0x00,0x00,0x6E,0xFF,0xF9,0x00,0x0F,0xFF,
  0xF7,0xFF,0xFD,0x97,0x79,0xDF,0xFF,0xFA,0x00,0x00,0xFF,0xFF,0x2A,0xFF,0xFF,0xFF,0xFF,0xFF,0xF8,0x00,
  0x00,0x0F,0xFF,0xF2,0x08,0xEF,0xFF,0xFF,0xFE,0xA2,0x00,0x00,0x00,0xFF,0xFF,0x20,0x00,0x36,0x77,0x64,
  0x00,0x00,0x00,0x00,0x0F,0xFF,0xF2,0x00,0x00,0x00,0x00,0x00,0x00,0x00,0x00,0x00,0xFF,0xFF,0x20,0x00,
  0x00,0x00,0x00,0x00,0x00,0x00,0x00,0x0F,0xFF,0xF2,0x00,0x00,0x00,0x00,0x00,0x00,0x00,0x00,0x00,0xFF,
  0xFF,0x20,0x00,0x00,0x00,0x00,0x00,0x00,0x00,0x00,0x0F,0xFF,0xF2,0x00,0x00,0x00,0x00,0x00,0x00,0x00,
  0x00,0x00,0xFF,0xFF,0x20,0x00,0x00,0x00,0x00,0x00,0x00,0x00,0x00,0x0F,0xFF,0xF2,0x00,0x00,0x00,0x00,
  0x00,0x00,0x00,0x00,0x00,0xFF,0xFF,0x20,0x00,0x00,0x00,0x00,0x00,0x00,0x00,0x00,0x00,0x00,0x00,0x00,
  0x00,0x35,0x77,0x63,0x00,0x00,0x00,0x00,0x00,0x00,0x01,0x9E,0xFF,0xFF,0xFF,0xD8,0x02,0xFF,0xFF,0x00,
  0x00,0x6E,0xFF,0xFF,0xFF,0xFF,0xFF,0xA2,0xFF,0xFF,0x00,0x09,0xFF,0xFF,0xE9,0x77,0x9D,0xFF,0xF7,0xFF,
  0xFF,0x00,0x7F,0xFF,0xF7,0x00,0x00,0x00,0x6E,0xFF,0xFF,0xFF,0x03,0xFF,0xFF,0x50,0x00,0x00,0x00,0x03,
  0xEF,0xFF,0xFF,0x0B,0xFF,0xF9,0x00,0x00,0x00,0x00,0x00,0x5F,0xFF,0xFF,0x2F,0xFF,0xF1,0x00,0x00,0x00,
  0x00,0x00,0x0D,0xFF,0xFF,0x7F,0xFF,0xA0,0x00,0x00,0x00,0x00,0x00,0x08,0xFF,0xFF,0xAF,0xFF,0x70,0x00,
  0x00,0x00,0x00,0x00,0x05,0xFF,0xFF,0xDF,0xFF,0x40,0x00,0x00,0x00,0x00,0x00,0x03,0xFF,0xFF,0xEF,0xFF,
  0x30,0x00,0x00,0x00,0x00,0x00,0x02,0xFF,0xFF,0xFF,0xFF,0x20,0x00,0x00,0x00,0x00,0x00,0x02,0xFF,0xFF,
  0xEF,0xFF,0x30,0x00,0x00,0x00,0x00,0x00,0x03,0xFF,0xFF,0xDF,0xFF,0x40,0x00,0x00,0x00,0x00,0x00,0x04,
  0xFF,0xFF,0xCF,0xFF,0x70,0x00,0x00,0x00,0x00,0x00,0x06,0xFF,0xFF,0x8F,0xFF,0xB0,0x00,0x00,0x00,0x00,
  0x00,0x09,0xFF,0xFF,0x5F,0xFF,0xF1,0x00,0x00,0x00,0x00,0x00,0x1E,0xFF,0xFF,0x0D,0xFF,0xF9,0x00,0x00,
  0x00,0x00,0x00,0x7F,0xFF,0xFF,0x07,0xFF,0xFF,0x40,0x00,0x00,0x00,0x04,0xFF,0xFF,0xFF,0x00,0xCF,0xFF,
  0xE6,0x00,0x00,0x00,0x7F,0xFC,0xFF,0xFF,0x00,0x2D,0xFF,0xFF,0xD8,0x77,0x9E,0xFF,0xD3,0xFF,0xFF,0x00,
  0x02,0xCF,0xFF,0xFF,0xFF,0xFF,0xFE,0x42,0xFF,0xFF,0x00,0x00,0x06,0xDF,0xFF,0xFF,0xFF,0xA2,0x02,0xFF,
  0xFF,0x00,0x00,0x00,0x02,0x57,0x76,0x41,0x00,0x02,0xFF,0xFF,0x00,0x00,0x00,0x00,0x00,0x00,0x00,0x00,
  0x02,0xFF,0xFF,0x00,0x00,0x00,0x00,0x00,0x00,0x00,0x00,0x02,0xFF,0xFF,0x00,0x00,0x00,0x00,0x00,0x00,
  0x00,0x00,0x02,0xFF,0xFF,0x00,0x00,0x00,0x00,0x00,0x00,0x00,0x00,0x02,0xFF,0xFF,0x00,0x00,0x00,0x00,
  0x00,0x00,0x00,0x00,0x02,0xFF,0xFF,0x00,0x00,0x00,0x00,0x00,0x00,0x00,0x00,0x02,0xFF,0xFF,0x00,0x00,
  0x00,0x00,0x00,0x00,0x00,0x00,0x02,0xFF,0xFF,0x00,0x00,0x00,0x00,0x00,0x00,0x00,0x00,0x02,0xFF,0xFF,
  0x00,0x00,0x00,0x03,0x77,0x2F,0xFF,0xF2,0x1B,0xFF,0xF8,0xFF,0xFF,0x28,0xFF,0xFF,0x8F,0xFF,0xF5,0xFF,
  0xFB,0x73,0xFF,0xFF,0xEF,0xB2,0x00,0x0F,0xFF,0xFF,0xB0,0x00,0x00,0xFF,0xFF,0xF1,0x00,0x00,0x0F,0xFF,
  0xFA,0x00,0x00,0x00,0xFF,0xFF,0x60,0x00,0x00,0x0F,0xFF,0xF3,0x00,0x00,0x00,0xFF,0xFF,0x20,0x00,0x00,
  0x0F,0xFF,0xF2,0x00,0x00,0x00,0xFF,0xFF,0x20,0x00,0x00,0x0F,0xFF,0xF2,0x00,0x00,0x00,0xFF,0xFF,0x20,
  0x00,0x00,0x0F,0xFF,0xF2,0x00,0x00,0x00,0xFF,0xFF,0x20,0x00,0x00,0x0F,0xFF,0xF2,0x00,0x00,0x00,0xFF,
  0xFF,0x20,0x00,0x00,0x0F,0xFF,0xF2,0x00,0x00,0x00,0xFF,0xFF,0x20,0x00,0x00,0x0F,0xFF,0xF2,0x00,0x00,
  0x00,0xFF,0xFF,0x20,0x00,0x00,0x0F,0xFF,0xF2,0x00,0x00,0x00,0x00,0x00,0x00,0x36,0x77,0x64,0x10,0x00,
  0x00,0x00,0x01,0x8E,0xFF,0xFF,0xFF,0xE9,0x10,0x00,0x00,0x2D,0xFF,0xFF,0xFF,0xFF,0xFF,0xE3,0x00,0x01,
  0xDF,0xFF,0xE9,0x77,0xAF,0xFF,0xFE,0x20,0x07,0xFF,0xFE,0x20,0x00,0x03,0xDF,0xFF,0xB0,0x0C,0xFF,0xF6,
  0x00,0x00,0x00,0x4F,0xFF,0xF3,0x0E,0xFF,0xF3,0x00,0x00,0x00,0x0C,0xFF,0xF7,0x0F,0xFF,0xF3,0x00,0x00,
  0x00,0x05,0xAA,0xA6,0x0D,0xFF,0xFA,0x00,0x00,0x00,0x00,0x00,0x00,0x08,0xFF,0xFF,0xA2,0x00,0x00,0x00,
  0x00,0x00,0x01,0xDF,0xFF,0xFF,0xB6,0x20,0x00,0x00,0x00,0x00,0x2C,0xFF,0xFF,0xFF,0xFC,0x71,0x00,0x00,
  0x00,0x00,0x7E,0xFF,0xFF,0xFF,0xFF,0x81,0x00,0x00,0x00,0x00,0x5A,0xEF,0xFF,0xFF,0xFD,0x20,0x00,0x00,
  0x00,0x00,0x04,0x9E,0xFF,0xFF,0xD1,0x00,0x00,0x00,0x00,0x00,0x01,0x9F,0xFF,0xF7,0x00,0x00,0x00,0x00,
  0x00,0x00,0x0A,0xFF,0xFC,0xBD,0xDD,0x40,0x00,0x00,0x00,0x04,0xFF,0xFE,0x9F,0xFF,0xA0,0x00,0x00,0x00,
  0x03,0xFF,0xFE,0x4F,0xFF,0xF2,0x00,0x00,0x00,0x06,0xFF,0xFC,0x0C,0xFF,0xFD,0x30,0x00,0x00,0x4E,0xFF,
  0xF7,0x03,0xEF,0xFF,0xFB,0x76,0x8B,0xFF,0xFF,0xD1,0x00,0x3E,0xFF,0xFF,0xFF,0xFF,0xFF,0xFC,0x20,0x00,
  0x01,0x8E,0xFF,0xFF,0xFF,0xFD,0x60,0x00,0x00,0x00,0x00,0x36,0x77,0x75,0x20,0x00,0x00,0x00,0x08,0x88,
  0x81,0x00,0x00,0x00,0xFF,0xFF,0x20,0x00,0x00,0x0F,0xFF,0xF2,0x00,0x00,0x00,0xFF,0xFF,0x20,0x00,0x00,
  0x0F,0xFF,0xF2,0x00,0x00,0x00,0xFF,0xFF,0x20,0x00,0xFF,0xFF,0xFF,0xFF,0xFF,0xFF,0xFF,0xFF,0xFF,0xFF,
  0xFF,0xEE,0xEF,0xFF,0xFE,0xEE,0xE0,0x00,0xFF,0xFF,0x20,0x00,0x00,0x0F,0xFF,0xF2,0x00,0x00,0x00,0xFF,
  0xFF,0x20,0x00,0x00,0x0F,0xFF,0xF2,0x00,0x00,0x00,0xFF,0xFF,0x20,0x00,0x00,0x0F,0xFF,0xF2,0x00,0x00,
  0x00,0xFF,0xFF,0x20,0x00,0x00,0x0F,0xFF,0xF2,0x00,0x00,0x00,0xFF,0xFF,0x20,0x00,0x00,0x0F,0xFF,0xF2,
  0x00,0x00,0x00,0xFF,0xFF,0x20,0x00,0x00,0x0F,0xFF,0xF2,0x00,0x00,0x00,0xFF,0xFF,0x20,0x00,0x00,0x0F,
  0xFF,0xF2,0x00,0x00,0x00,0xFF,0xFF,0x20,0x00,0x00,0x0F,0xFF,0xF4,0x00,0x00,0x00,0xEF,0xFF,0x70,0x00,
  0x00,0x0C,0xFF,0xFF,0x86,0x50,0x00,0x6F,0xFF,0xFF,0xFC,0x00,0x00,0x9F,0xFF,0xFF,0xC0,0x00,0x00,0x36,
  0x77,0x64,0xFF,0xFF,0x20,0x00,0x00,0x00,0x00,0x02,0xFF,0xFF,0xFF,0xFF,0x20,0x00,0x00,0x00,0x00,0x02,
  0xFF,0xFF,0xFF,0xFF,0x20,0x00,0x00,0x00,0x00,0x02,0xFF,0xFF,0xFF,0xFF,0x20,0x00,0x00,0x00,0x00,0x02,
  0xFF,0xFF,0xFF,0xFF,0x20,0x00,0x00,0x00,0x00,0x02,0xFF,0xFF,0xFF,0xFF,0x20,0x00,0x00,0x00,0x00,0x02,
  0xFF,0xFF,0xFF,0xFF,0x20,0x00,0x00,0x00,0x00,0x02,0xFF,0xFF,0xFF,0xFF,0x20,0x00,0x00,0x00,0x00,0x02,
  0xFF,0xFF,0xFF,0xFF,0x20,0x00,0x00,0x00,0x00,0x02,0xFF,0xFF,0xFF,0xFF,0x20,0x00,0x00,0x00,0x00,0x02,
  0xFF,0xFF,0xFF,0xFF,0x20,0x00,0x00,0x00,0x00,0x02,0xFF,0xFF,0xFF,0xFF,0x20,0x00,0x00,0x00,0x00,0x03,
  0xFF,0xFF,0xFF,0xFF,0x20,0x00,0x00,0x00,0x00,0x04,0xFF,0xFF,0xFF,0xFF,0x20,0x00,0x00,0x00,0x00,0x06,
  0xFF,0xFF,0xFF,0xFF,0x30,0x00,0x00,0x00,0x00,0x08,0xFF,0xFF,0xEF,0xFF,0x40,0x00,0x00,0x00,0x00,0x0C,
  0xFF,0xFF,0xDF,0xFF,0x60,0x00,0x00,0x00,0x00,0x1F,0xFF,0xFF,0xCF,0xFF,0xA0,0x00,0x00,0x00,0x00,0x8F,
  0xFF,0xFF,0x8F,0xFF,0xF3,0x00,0x00,0x00,0x03,0xFF,0xFF,0xFF,0x2F,0xFF,0xFD,0x30,0x00,0x00,0x4E,0xFB,
  0xFF,0xFF,0x08,0xFF,0xFF,0xFB,0x76,0x8C,0xFF,0xE4,0xFF,0xFF,0x00,0x9F,0xFF,0xFF,0xFF,0xFF,0xFF,0x72,
  0xFF,0xFF,0x00,0x04,0xCF,0xFF,0xFF,0xFF,0xB4,0x02,0xFF,0xFF,0x00,0x00,0x02,0x57,0x76,0x41,0x00,0x00,
  0x00,0x00,0xBF,0xFF,0x60,0x00,0x00,0x00,0x00,0x00,0x00,0xCF,0xFF,0x26,0xFF,0xFB,0x00,0x00,0x00,0x00,
  0x00,0x00,0x3F,0xFF,0xC0,0x1E,0xFF,0xF2,0x00,0x00,0x00,0x00,0x00,0x08,0xFF,0xF6,0x00,0x9F,0xFF,0x70,
  0x00,0x00,0x00,0x00,0x00,0xDF,0xFE,0x10,0x03,0xFF,0xFC,0x00,0x00,0x00,0x00,0x00,0x3F,0xFF,0x90,0x00,
  0x0D,0xFF,0xF2,0x00,0x00,0x00,0x00,0x08,0xFF,0xF4,0x00,0x00,0x7F,0xFF,0x80,0x00,0x00,0x00,0x00,0xDF,
  0xFD,0x00,0x00,0x01,0xFF,0xFD,0x00,0x00,0x00,0x00,0x4F,0xFF,0x70,0x00,0x00,0x0A,0xFF,0xF3,0x00,0x00,
  0x00,0x09,0xFF,0xF2,0x00,0x00,0x00,0x5F,0xFF,0x80,0x00,0x00,0x00,0xEF,0xFB,0x00,0x00,0x00,0x00,0xEF,
  0xFE,0x00,0x00,0x00,0x4F,0xFF,0x50,0x00,0x00,0x00,0x08,0xFF,0xF4,0x00,0x00,0x09,0xFF,0xE0,0x00,0x00,
  0x00,0x00,0x2F,0xFF,0x90,0x00,0x00,0xEF,0xF8,0x00,0x00,0x00,0x00,0x00,0xBF,0xFE,0x00,0x00,0x5F,0xFF,
  0x30,0x00,0x00,0x00,0x00,0x06,0xFF,0xF5,0x00,0x0A,0xFF,0xC0,0x00,0x00,0x00,0x00,0x00,0x1E,0xFF,0xA0,
  0x01,0xEF,0xF6,0x00,0x00,0x00,0x00,0x00,0x00,0x9F,0xFF,0x10,0x5F,0xFE,0x10,0x00,0x00,0x00,0x00,0x00,
  0x03,0xFF,0xF6,0x0A,0xFF,0x90,0x00,0x00,0x00,0x00,0x00,0x00,0x0D,0xFF,0xB1,0xFF,0xF4,0x00,0x00,0x00,
  0x00,0x00,0x00,0x00,0x7F,0xFF,0x7F,0xFD,0x00,0x00,0x00,0x00,0x00,0x00,0x00,0x01,0xFF,0xFF,0xFF,0x70,
  0x00,0x00,0x00,0x00,0x00,0x00,0x00,0x0A,0xFF,0xFF,0xF2,0x00,0x00,0x00,0x00,0x00,0x00,0x00,0x00,0x5F,
  0xFF,0xFB,0x00,0x00,0x00,0x00,0x00,0xCF,0xFF,0x80,0x00,0x00,0x00,0x00,0x3F,0xFF,0xFB,0x00,0x00,0x00,
  0x00,0x00,0xEF,0xFF,0x27,0xFF,0xFC,0x00,0x00,0x00,0x00,0x07,0xFF,0xFF,0xF1,0x00,0x00,0x00,0x00,0x3F,
  0xFF,0xC0,0x2F,0xFF,0xF2,0x00,0x00,0x00,0x00,0xBF,0xFF,0xFF,0x40,0x00,0x00,0x00,0x07,0xFF,0xF7,0x00,
  0xCF,0xFF,0x60,0x00,0x00,0x00,0x0F,0xFF,0xFF,0xF8,0x00,0x00,0x00,0x00,0xBF,0xFF,0x20,0x08,0xFF,0xFA,
  0x00,0x00,0x00,0x04,0xFF,0xE9,0xFF,0xD0,0x00,0x00,0x00,0x1F,0xFF,0xC0,0x00,0x3F,0xFF,0xE0,0x00,0x00,
  0x00,0x8F,0xFA,0x5F,0xFF,0x20,0x00,0x00,0x05,0xFF,0xF8,0x00,0x00,0xDF,0xFF,0x30,0x00,0x00,0x0C,0xFF,
  0x61,0xFF,0xF6,0x00,0x00,0x00,0x9F,0xFF,0x30,0x00,0x08,0xFF,0xF7,0x00,0x00,0x01,0xFF,0xF2,0x0C,0xFF,
  0xA0,0x00,0x00,0x0D,0xFF,0xD0,0x00,0x00,0x3F,0xFF,0xC0,0x00,0x00,0x5F,0xFD,0x00,0x8F,0xFE,0x00,0x00,
  0x02,0xFF,0xF8,0x00,0x00,0x00,0xDF,0xFF,0x10,0x00,0x09,0xFF,0x90,0x04,0xFF,0xF3,0x00,0x00,0x7F,0xFF,
  0x30,0x00,0x00,0x08,0xFF,0xF5,0x00,0x00,0xDF,0xF5,0x00,0x0F,0xFF,0x70,0x00,0x0B,0xFF,0xD0,0x00,0x00,
  0x00,0x4F,0xFF,0x90,0x00,0x2F,0xFF,0x10,0x00,0xBF,0xFB,0x00,0x00,0xEF,0xF8,0x00,0x00,0x00,0x00,0xEF,
  0xFD,0x00,0x05,0xFF,0xC0,0x00,0x07,0xFF,0xE0,0x00,0x4F,0xFF,0x40,0x00,0x00,0x00,0x09,0xFF,0xF2,0x00,
  0x9F,0xF8,0x00,0x00,0x3F,0xFF,0x40,0x08,0xFF,0xE0,0x00,0x00,0x00,0x00,0x4F,0xFF,0x70,0x0D,0xFF,0x40,
  0x00,0x00,0xEF,0xF8,0x00,0xDF,0xF9,0x00,0x00,0x00,0x00,0x00,0xEF,0xFB,0x02,0xFF,0xE0,0x00,0x00,0x0A,
  0xFF,0xC0,0x2F,0xFF,0x40,0x00,0x00,0x00,0x00,0x09,0xFF,0xE0,0x6F,0xFB,0x00,0x00,0x00,0x6F,0xFF,0x16,
  0xFF,0xE0,0x00,0x00,0x00,0x00,0x00,0x4F,0xFF,0x4A,0xFF,0x70,0x00,0x00,0x02,0xFF,0xF5,0xAF,0xF9,0x00,
  0x00,0x00,0x00,0x00,0x00,0xEF,0xF8,0xEF,0xF3,0x00,0x00,0x00,0x0D,0xFF,0x9E,0xFF,0x40,0x00,0x00,0x00,
  0x00,0x00,0x0A,0xFF,0xEF,0xFE,0x00,0x00,0x00,0x00,0x9F,0xFF,0xFF,0xE0,0x00,0x00,0x00,0x00,0x00,0x00,
  0x5F,0xFF,0xFF,0xA0,0x00,0x00,0x00,0x05,0xFF,0xFF,0xFA,0x00,0x00,0x00,0x00,0x00,0x00,0x01,0xEF,0xFF,
  0xF6,0x00,0x00,0x00,0x00,0x1F,0xFF,0xFF,0x50,0x00,0x00,0x00,0x00,0x00,0x00,0x0A,0xFF,0xFF,0x20,0x00,
  0x00,0x00,0x00,0xCF,0xFF,0xE1,0x00,0x00,0x00,0x00,0x09,0xFF,0xFC,0x00,0x00,0x00,0x00,0x00,0x2E,0xFF,
  0xF4,0x01,0xDF,0xFF,0x80,0x00,0x00,0x00,0x00,0xBF,0xFF,0x80,0x00,0x3F,0xFF,0xF3,0x00,0x00,0x00,0x06,
  0xFF,0xFB,0x00,0x00,0x07,0xFF,0xFC,0x00,0x00,0x00,0x2E,0xFF,0xE2,0x00,0x00,0x00,0xBF,0xFF,0x70,0x00,
  0x00,0xBF,0xFF,0x50,0x00,0x00,0x00,0x2E,0xFF,0xF3,0x00,0x06,0xFF,0xF9,0x00,0x00,0x00,0x00,0x05,0xFF,
  0xFC,0x00,0x2E,0xFF,0xD1,0x00,0x00,0x00,0x00,0x00,0xAF,0xFF,0x70,0xAF,0xFF,0x30,0x00,0x00,0x00,0x00,
  0x00,0x1D,0xFF,0xF8,0xFF,0xF6,0x00,0x00,0x00,0x00,0x00,0x00,0x04,0xFF,0xFF,0xFF,0xA0,0x00,0x00,0x00,
  0x00,0x00,0x00,0x00,0x8F,0xFF,0xFD,0x10,0x00,0x00,0x00,0x00,0x00,0x00,0x00,0x2F,0xFF,0xF9,0x00,0x00,
  0x00,0x00,0x00,0x00,0x00,0x00,0xBF,0xFF,0xFF,0x40,0x00,0x00,0x00,0x00,0x00,0x00,0x07,0xFF,0xFE,0xFF,
  0xD1,0x00,0x00,0x00,0x00,0x00,0x00,0x3F,0xFF,0xA5,0xFF,0xFA,0x00,0x00,0x00,0x00,0x00,0x01,0xDF,0xFE,
  0x10,0xAF,0xFF,0x60,0x00,0x00,0x00,0x00,0x09,0xFF,0xF5,0x00,0x1E,0xFF,0xE2,0x00,0x00,0x00,0x00,0x5F,
  0xFF,0xA0,0x00,0x05,0xFF,0xFC,0x00,0x00,0x00,0x02,0xEF,0xFE,0x20,0x00,0x00,0xBF,0xFF,0x80,0x00,0x00,
  0x0B,0xFF,0xF6,0x00,0x00,0x00,0x2E,0xFF,0xF3,0x00,0x00,0x7F,0xFF,0xB0,0x00,0x00,0x00,0x06,0xFF,0xFD,
  0x10,0x03,0xFF,0xFE,0x20,0x00,0x00,0x00,0x00,0xBF,0xFF,0x90,0x1D,0xFF,0xF6,0x00,0x00,0x00,0x00,0x00,
  0x2E,0xFF,0xF5,0x5F,0xFF,0xD0,0x00,0x00,0x00,0x00,0x00,0x00,0x9F,0xFF,0x81,0xEF,0xFF,0x30,0x00,0x00,
  0x00,0x00,0x00,0x0E,0xFF,0xF2,0x09,0xFF,0xF8,0x00,0x00,0x00,0x00,0x00,0x04,0xFF,0xFC,0x00,0x3F,0xFF,
  0xD0,0x00,0x00,0x00,0x00,0x00,0x9F,0xFF,0x60,0x00,0xDF,0xFF,0x40,0x00,0x00,0x00,0x00,0x0E,0xFF,0xE1,
  0x00,0x07,0xFF,0xF9,0x00,0x00,0x00,0x00,0x04,0xFF,0xF9,0x00,0x00,0x2F,0xFF,0xE0,0x00,0x00,0x00,0x00,
  0x9F,0xFF,0x40,0x00,0x00,0xBF,0xFF,0x40,0x00,0x00,0x00,0x0E,0xFF,0xD0,0x00,0x00,0x05,0xFF,0xF9,0x00,
  0x00,0x00,0x04,0xFF,0xF7,0x00,0x00,0x00,0x0E,0xFF,0xE0,0x00,0x00,0x00,0x9F,0xFF,0x20,0x00,0x00,0x00,
  0x9F,0xFF,0x40,0x00,0x00,0x0E,0xFF,0xB0,0x00,0x00,0x00,0x03,0xFF,0xF9,0x00,0x00,0x04,0xFF,0xF5,0x00,
  0x00,0x00,0x00,0x0D,0xFF,0xE0,0x00,0x00,0x9F,0xFE,0x00,0x00,0x00,0x00,0x00,0x7F,0xFF,0x40,0x00,0x0E,
  0xFF,0x90,0x00,0x00,0x00,0x00,0x01,0xFF,0xF9,0x00,0x04,0xFF,0xF3,0x00,0x00,0x00,0x00,0x00,0x0B,0xFF,
  0xE0,0x00,0x9F,0xFC,0x00,0x00,0x00,0x00,0x00,0x00,0x5F,0xFF,0x40,0x0E,0xFF,0x70,0x00,0x00,0x00,0x00,
  0x00,0x00,0xEF,0xF9,0x04,0xFF,0xF1,0x00,0x00,0x00,0x00,0x00,0x00,0x09,0xFF,0xE0,0x9F,0xFA,0x00,0x00,
  0x00,0x00,0x00,0x00,0x00,0x3F,0xFF,0x5E,0xFF,0x50,0x00,0x00,0x00,0x00,0x00,0x00,0x00,0xCF,0xFD,0xFF,
  0xE0,0x00,0x00,0x00,0x00,0x00,0x00,0x00,0x07,0xFF,0xFF,0xF8,0x00,0x00,0x00,0x00,0x00,0x00,0x00,0x00,
  0x1F,0xFF,0xFF,0x30,0x00,0x00,0x00,0x00,0x00,0x00,0x00,0x00,0xAF,0xFF,0xC0,0x00,0x00,0x00,0x00,0x00,
  0x00,0x00,0x00,0x06,0xFF,0xF6,0x00,0x00,0x00,0x00,0x00,0x00,0x00,0x00,0x00,0x9F,0xFE,0x10,0x00,0x00,
  0x00,0x00,0x00,0x00,0x00,0x00,0x1E,0xFF,0x90,0x00,0x00,0x00,0x00,0x00,0x00,0x00,0x00,0x09,0xFF,0xF2,
  0x00,0x00,0x00,0x00,0x00,0x00,0x00,0x00,0x07,0xFF,0xF8,0x00,0x00,0x00,0x00,0x00,0x00,0x00,0x77,0x8D,
  0xFF,0xFC,0x00,0x00,0x00,0x00,0x00,0x00,0x00,0x0F,0xFF,0xFF,0xFD,0x10,0x00,0x00,0x00,0x00,0x00,0x00,
  0x00,0xFF,0xFF,0xF9,0x10,0x00,0x00,0x00,0x00,0x00,0x00,0x00,0x07,0x77,0x51,0x00,0x00,0x00,0x00,0x00,
  0x00,0x00,0x00,0x0F,0xFF,0xFF,0xFF,0xFF,0xFF,0xFF,0xFF,0xFF,0x0F,0xFF,0xFF,0xFF,0xFF,0xFF,0xFF,0xFF,
  0xFF,0x0E,0xEE,0xEE,0xEE,0xEE,0xEE,0xEE,0xFF,0xFF,0x00,0x00,0x00,0x00,0x00,0x00,0x2E,0xFF,0xF9,0x00,
  0x00,0x00,0x00,0x00,0x00,0xCF,0xFF,0xB0,0x00,0x00,0x00,0x00,0x00,0x09,0xFF,0xFD,0x10,0x00,0x00,0x00,
  0x00,0x00,0x5F,0xFF,0xF3,0x00,0x00,0x00,0x00,0x00,0x03,0xEF,0xFF,0x60,0x00,0x00,0x00,0x00,0x00,0x1D,
  0xFF,0xF9,0x00,0x00,0x00,0x00,0x00,0x00,0xAF,0xFF,0xC0,0x00,0x00,0x00,0x00,0x00,0x07,0xFF,0xFE,0x20,
  0x00,0x00,0x00,0x00,0x00,0x4F,0xFF,0xF4,0x00,0x00,0x00,0x00,0x00,0x02,0xEF,0xFF,0x70,0x00,0x00,0x00,
  0x00,0x00,0x0C,0xFF,0xFA,0x00,0x00,0x00,0x00,0x00,0x00,0x9F,0xFF,0xD1,0x00,0x00,0x00,0x00,0x00,0x05,
  0xFF,0xFE,0x20,0x00,0x00,0x00,0x00,0x00,0x3E,0xFF,0xF5,0x00,0x00,0x00,0x00,0x00,0x01,0xDF,0xFF,0x80,
  0x00,0x00,0x00,0x00,0x00,0x0A,0xFF,0xFB,0x00,0x00,0x00,0x00,0x00,0x00,0x7F,0xFF,0xD1,0x00,0x00,0x00,
  0x00,0x00,0x00,0xFF,0xFF,0xEE,0xEE,0xEE,0xEE,0xEE,0xEE,0xEE,0xFF,0xFF,0xFF,0xFF,0xFF,0xFF,0xFF,0xFF,
  0xFF,0xFF,0xFF,0xFF,0xFF,0xFF,0xFF,0xFF,0xFF,0xFF,0x00,0x00,0x17,0xBE,0xF7,0x00,0x02,0xDF,0xFF,0xF8,
  0x00,0x09,0xFF,0xFF,0xE7,0x00,0x0D,0xFF,0x81,0x00,0x00,0x0F,0xFE,0x00,0x00,0x00,0x0E,0xFD,0x00,0x00,
  0x00,0x0D,0xFE,0x00,0x00,0x00,0x0B,0xFF,0x10,0x00,0x00,0x09,0xFF,0x30,0x00,0x00,0x07,0xFF,0x50,0x00,
  0x00,0x05,0xFF,0x70,0x00,0x00,0x03,0xFF,0x90,0x00,0x00,0x02,0xFF,0xA0,0x00,0x00,0x01,0xFF,0xC0,0x00,
  0x00,0x00,0xFF,0xC0,0x00,0x00,0x03,0xFF,0xB0,0x00,0x00,0x0B,0xFF,0x70,0x00,0x26,0xCF,0xFB,0x00,0x00,
  0x8F,0xFC,0x70,0x00,0x00,0x8F,0xFD,0x80,0x00,0x00,0x26,0xCF,0xFC,0x10,0x00,0x00,0x0B,0xFF,0x70,0x00,
  0x00,0x03,0xFF,0xB0,0x00,0x00,0x00,0xFF,0xC0,0x00,0x00,0x01,0xFF,0xC0,0x00,0x00,0x02,0xFF,0xA0,0x00,
  0x00,0x03,0xFF,0x90,0x00,0x00,0x05,0xFF,0x70,0x00,0x00,0x07,0xFF,0x50,0x00,0x00,0x09,0xFF,0x30,0x00,
  0x00,0x0B,0xFF,0x10,0x00,0x00,0x0D,0xFE,0x00,0x00,0x00,0x0E,0xFD,0x00,0x00,0x00,0x0F,0xFE,0x00,0x00,
  0x00,0x0D,0xFF,0x81,0x00,0x00,0x09,0xFF,0xFF,0xE7,0x00,0x01,0xDF,0xFF,0xF8,0x00,0x00,0x17,0xBE,0xF8,
  0xFF,0xDF,0xFD,0xFF,0xDF,0xFD,0xFF,0xDF,0xFD,0xFF,0xDF,0xFD,0xFF,0xDF,0xFD,0xFF,0xDF,0xFD,0xFF,0xDF,
  0xFD,0xFF,0xDF,0xFD,0xFF,0xDF,0xFD,0xFF,0xDF,0xFD,0xFF,0xDF,0xFD,0xFF,0xDF,0xFD,0xFF,0xDF,0xFD,0xFF,
  0xDF,0xFD,0xFF,0xDF,0xFD,0xFF,0xDF,0xFD,0xFF,0xDF,0xFD,0xFF,0xDF,0xFD,0xFF,0xDF,0xFD,0xFF,0xDF,0xFD,
  0xFF,0xDF,0xFD,0xFF,0xDF,0xFD,0xFE,0xDA,0x50,0x00,0x0F,0xFF,0xFF,0xB0,0x00,0xEE,0xFF,0xFF,0x60,0x00,
  0x02,0xBF,0xFB,0x00,0x00,0x02,0xFF,0xC0,0x00,0x00,0x0F,0xFC,0x00,0x00,0x02,0xFF,0xB0,0x00,0x00,0x3F,
  0xF9,0x00,0x00,0x05,0xFF,0x70,0x00,0x00,0x7F,0xF5,0x00,0x00,0x09,0xFF,0x30,0x00,0x00,0xBF,0xF1,0x00,
  0x00,0x0D,0xFE,0x00,0x00,0x00,0xEF,0xD0,0x00,0x00,0x0F,0xFD,0x00,0x00,0x00,0xEF,0xF0,0x00,0x00,0x09,
  0xFF,0x80,0x00,0x00,0x2D,0xFF,0xA5,0x00,0x00,0x19,0xEF,0xF0,0x00,0x01,0x8C,0xFF,0x00,0x01,0xDF,0xFA,
  0x50,0x00,0x9F,0xF7,0x00,0x00,0x0E,0xFF,0x00,0x00,0x00,0xFF,0xD0,0x00,0x00,0x0E,0xFD,0x00,0x00,0x00,
  0xDF,0xE0,0x00,0x00,0x0B,0xFF,0x10,0x00,0x00,0x9F,0xF3,0x00,0x00,0x07,0xFF,0x50,0x00,0x00,0x5F,0xF7,
  0x00,0x00,0x03,0xFF,0x90,0x00,0x00,0x2F,0xFB,0x00,0x00,0x00,0xFF,0xC0,0x00,0x00,0x2F,0xFC,0x00,0x00,
  0x2B,0xFF,0xB0,0x0E,0xEF,0xFF,0xF6,0x00,0xFF,0xFF,0xFB,0x00,0x0F,0xED,0xA5,0x00,0x00,0x01,0x8D,0xFE,
  0xB6,0x10,0x00,0x00,0x01,0xFF,0x20,0xBF,0xFF,0xFF,0xFE,0x71,0x00,0x00,0x3F,0xF1,0x6F,0xFF,0xEF,0xFF,
  0xFF,0xE8,0x30,0x1B,0xFD,0x0B,0xFD,0x20,0x28,0xEF,0xFF,0xFF,0xEF,0xFF,0x80,0xEF,0x60,0x00,0x00,0x6D,
  0xFF,0xFF,0xFF,0xD1,0x0F,0xF3,0x00,0x00,0x00,0x05,0xBE,0xFD,0x91,0x00,0x08,0xEE,0x80,0x8F,0xFF,0xF8,
  0xEF,0xFF,0xFE,0xEF,0xFF,0xFE,0x8F,0xFF,0xF8,0x08,0xEE,0x80,0x02,0x66,0x20,0x00,0x00,0x26,0x62,0x00,
  0x00,0x02,0x66,0x20,0x4E,0xFF,0xE4,0x00,0x04,0xEF,0xFE,0x40,0x00,0x4E,0xFF,0xE4,0xCF,0xFF,0xFC,0x00,
  0x0C,0xFF,0xFF,0xC0,0x00,0xCF,0xFF,0xFC,0xEF,0xFF,0xFE,0x00,0x0E,0xFF,0xFF,0xE0,0x00,0xEF,0xFF,0xFE,
  0xCF,0xFF,0xFC,0x00,0x0C,0xFF,0xFF,0xC0,0x00,0xCF,0xFF,0xFC,0x4E,0xFF,0xE4,0x00,0x04,0xEF,0xFE,0x40,
  0x00,0x4E,0xFF,0xE4,0x02,0x66,0x20,0x00,0x00,0x26,0x62,0x00,0x00,0x02,0x66,0x20,0x00,0x29,0xCD,0xC8,
  0x10,0x00,0x5F,0xFF,0xFF,0xFE,0x30,0x3F,0xFF,0xFF,0xFF,0xFE,0x1A,0xFF,0xC3,0x14,0xDF,0xF7,0xEF,0xF2,
  0x00,0x04,0xFF,0xBF,0xFD,0x00,0x00,0x1F,0xFC,0xEF,0xF1,0x00,0x03,0xFF,0xBA,0xFF,0xB1,0x02,0xCF,0xF8,
  0x4F,0xFF,0xFE,0xFF,0xFE,0x20,0x7F,0xFF,0xFF,0xFE,0x40,0x00,0x3A,0xEF,0xD9,0x20,0x00,
};
static const FontGlyph kFontDGlyphs[] = {
  {    0,  0,  0,   0,    0, 10},  // 0x20 ' '
  {    0,  6, 31,   3,  -30, 12},  // 0x21 '!'
  {   93, 10, 11,   4,  -32, 15},  // 0x22 '"'
  {  148, 19, 30,   3,  -30, 25},  // 0x23 '#'
  {  433, 21, 39,   2,  -35, 25},  // 0x24 '$'
  {  843, 30, 32,   2,  -31, 33},  // 0x25 '%'
  { 1323, 25, 32,   3,  -31, 29},  // 0x26 '&'
  { 1723,  4, 11,   2,  -32,  8},  // 0x27 "'"
  { 1745,  8, 38,   4,  -34, 14},  // 0x28 '('
  { 1897,  8, 38,   1,  -34, 14},  // 0x29 ')'
  { 2049, 18, 18,   3,  -21, 24},  // 0x2A '*'
  { 2211, 18, 20,   4,  -24, 26},  // 0x2B '+'
  { 2391,  8, 10,  -2,   -5, 10},  // 0x2C ','
  { 2431,  9,  3,   1,  -14, 11},  // 0x2D '-'
  { 2445,  6,  7,   2,   -6, 10},  // 0x2E '.'
  { 2466, 15, 33,  -1,  -32, 13},  // 0x2F '/'
  { 2714, 22, 32,   2,  -31, 26},  // 0x30 '0'
  { 3066, 14, 30,   5,  -30, 26},  // 0x31 '1'
  { 3276, 21, 31,   3,  -31, 26},  // 0x32 '2'
  { 3602, 22, 32,   1,  -31, 26},  // 0x33 '3'
  { 3954, 23, 30,   1,  -30, 26},  // 0x34 '4'
  { 4299, 22, 31,   2,  -30, 26},  // 0x35 '5'
  { 4640, 22, 32,   2,  -31, 26},  // 0x36 '6'
  { 4992, 21, 30,   2,  -30, 26},  // 0x37 '7'
  { 5307, 22, 32,   2,  -31, 26},  // 0x38 '8'
  { 5659, 22, 32,   2,  -31, 26},  // 0x39 '9'
  { 6011,  6, 25,   2,  -24, 10},  // 0x3A ':'
  { 6086,  9, 30,  -1,  -24, 10},  // 0x3B ';'
  { 6221, 18, 21,   5,  -22, 26},  // 0x3C '<'
  { 6410, 18, 12,   4,  -20, 26},  // 0x3D '='
  { 6518, 18, 21,   3,  -22, 25},  // 0x3E '>'
  { 6707, 19, 32,   2,  -31, 22},  // 0x3F '?'
  { 7011, 33, 34,   2,  -29, 38},  // 0x40 '@'
  { 7572, 27, 30,   1,  -30, 28},  // 0x41 'A'
  { 7977, 22, 30,   4,  -30, 27},  // 0x42 'B'
  { 8307, 27, 32,   2,  -31, 31},  // 0x43 'C'
  { 8739, 26, 30,   4,  -30, 31},  // 0x44 'D'
  { 9129, 20, 30,   4,  -30, 25},  // 0x45 'E'
  { 9429, 20, 30,   4,  -30, 25},  // 0x46 'F'
  { 9729, 27, 32,   2,  -31, 31},  // 0x47 'G'
  {10161, 24, 30,   4,  -30, 31},  // 0x48 'H'
  {10521,  5, 30,   4,  -30, 12},  // 0x49 'I'
  {10596, 20, 31,   2,  -30, 24},  // 0x4A 'J'
  {10906, 24, 30,   4,  -30, 27},  // 0x4B 'K'
  {11266, 20, 30,   4,  -30, 25},  // 0x4C 'L'
  {11566, 30, 30,   4,  -30, 37},  // 0x4D 'M'
  {12016, 24, 30,   4,  -30, 31},  // 0x4E 'N'
  {12376, 29, 32,   2,  -31, 33},  // 0x4F 'O'
  {12840, 22, 30,   4,  -30, 26},  // 0x50 'P'
  {13170, 29, 34,   2,  -31, 33},  // 0x51 'Q'
  {13663, 22, 30,   4,  -30, 27},  // 0x52 'R'
  {13993, 23, 32,   2,  -31, 26},  // 0x53 'S'
  {14361, 25, 30,   1,  -30, 26},  // 0x54 'T'
  {14736, 23, 31,   4,  -30, 30},  // 0x55 'U'
  {15093, 27, 30,   1,  -30, 27},  // 0x56 'V'
  {15498, 41, 30,   1,  -30, 42},  // 0x57 'W'
  {16113, 27, 30,   1,  -30, 28},  // 0x58 'X'
  {16518, 26, 30,   1,  -30, 26},  // 0x59 'Y'
  {16908, 23, 30,   2,  -30, 26},  // 0x5A 'Z'
  {17253,  7, 38,   4,  -34, 13},  // 0x5B '['
  {17386, 15, 33,  -1,  -32, 13},  // 0x5C '//'
  {17634,  8, 38,   1,  -34, 13},  // 0x5D ']'
  {17786, 19, 18,   3,  -27, 26},  // 0x5E '^'
  {17957, 18,  3,   2,    1, 22},  // 0x5F '_'
  {17984,  6,  5,   2,  -31, 13},  // 0x60 '`'
  {17999, 20, 25,   2,  -24, 25},  // 0x61 'a'
  {18249, 23, 34,   3,  -33, 26},  // 0x62 'b'
  {18640, 21, 25,   1,  -24, 23},  // 0x63 'c'
  {18903, 22, 34,   1,  -33, 26},  // 0x64 'd'
  {19277, 21, 25,   1,  -24, 24},  // 0x65 'e'
  {19540, 12, 34,   1,  -34, 13},  // 0x66 'f'
  {19744, 23, 34,   1,  -24, 27},  // 0x67 'g'
  {20135, 20, 33,   3,  -33, 26},  // 0x68 'h'
  {20465,  5, 31,   3,  -31, 11},  // 0x69 'i'
  {20543,  8, 41,   0,  -31, 11},  // 0x6A 'j'
  {20707, 20, 33,   3,  -33, 23},  // 0x6B 'k'
  {21037,  7, 33,   3,  -33, 11},  // 0x6C 'l'
  {21153, 32, 24,   3,  -24, 38},  // 0x6D 'm'
  {21537, 20, 24,   3,  -24, 26},  // 0x6E 'n'
  {21777, 24, 25,   1,  -24, 25},  // 0x6F 'o'
  {22077, 23, 33,   3,  -24, 26},  // 0x70 'p'
  {22457, 22, 33,   1,  -24, 26},  // 0x71 'q'
  {22820, 11, 24,   3,  -24, 14},  // 0x72 'r'
  {22952, 18, 25,   1,  -24, 20},  // 0x73 's'
  {23177, 11, 30,   1,  -29, 14},  // 0x74 't'
  {23342, 20, 24,   3,  -23, 26},  // 0x75 'u'
  {23582, 23, 23,   0,  -23, 23},  // 0x76 'v'
  {23847, 35, 23,   0,  -23, 35},  // 0x77 'w'
  {24250, 22, 23,  -1,  -23, 21},  // 0x78 'x'
  {24503, 23, 33,   0,  -23, 23},  // 0x79 'y'
  {24883, 18, 23,   1,  -23, 20},  // 0x7A 'z'
  {25090, 10, 38,   2,  -34, 13},  // 0x7B '{'
  {25280,  3, 44,   4,  -35, 11},  // 0x7C '|'
  {25346,  9, 38,   1,  -34, 13},  // 0x7D '}'
  {25517, 19,  6,   3,  -16, 25},  // 0x7E '~'
  {25574,  6,  6,   1,  -16,  8},  // 0x7F '·'
  {25592, 24,  7,   2,   -6, 28},  // 0x80 '…'
  {25676, 11, 11,   1,  -32, 13},  // 0x81 '°'
};
const Font kFontD = { kFontDBits, kFontDGlyphs, 0x20, 0x81, 57, 43, 30 };

}  // namespace fr
// total font data: ~70279 bytes
